1370228790685,312,/got2go.php,200,OK,Thread Group 1-1,text,true,441,312
1370228790729,297,/got2go.php,200,OK,Thread Group 1-2,text,true,441,297
1370228790775,304,/got2go.php,200,OK,Thread Group 1-3,text,true,441,304
1370228790820,286,/got2go.php,200,OK,Thread Group 1-4,text,true,441,286
1370228790865,266,/got2go.php,200,OK,Thread Group 1-5,text,true,441,266
1370228790998,179,/got2go.php,200,OK,Thread Group 1-1,text,true,441,179
1370228790912,315,/got2go.php,200,OK,Thread Group 1-6,text,true,441,315
1370228791028,309,/got2go.php,200,OK,Thread Group 1-2,text,true,441,309
1370228790958,499,/got2go.php,200,OK,Thread Group 1-7,text,true,441,499
1370228791080,443,/got2go.php,200,OK,Thread Group 1-3,text,true,441,443
1370228791003,646,/got2go.php,200,OK,Thread Group 1-8,text,true,441,646
1370228791109,564,/got2go.php,200,OK,Thread Group 1-4,text,true,441,564
1370228791049,695,/got2go.php,200,OK,Thread Group 1-9,text,true,441,695
1370228791132,644,/got2go.php,200,OK,Thread Group 1-5,text,true,441,644
1370228791178,667,/got2go.php,200,OK,Thread Group 1-1,text,true,441,667
1370228791095,960,/got2go.php,200,OK,Thread Group 1-10,text,true,441,960
1370228791141,955,/got2go.php,200,OK,Thread Group 1-11,text,true,441,955
1370228791228,916,/got2go.php,200,OK,Thread Group 1-6,text,true,441,916
1370228791188,1017,/got2go.php,200,OK,Thread Group 1-12,text,true,441,1017
1370228791232,1047,/got2go.php,200,OK,Thread Group 1-13,text,true,441,1047
1370228791337,1062,/got2go.php,200,OK,Thread Group 1-2,text,true,441,1062
1370228791275,1213,/got2go.php,200,OK,Thread Group 1-14,text,true,441,1213
1370228791324,1256,/got2go.php,200,OK,Thread Group 1-15,text,true,441,1256
1370228791458,1179,/got2go.php,200,OK,Thread Group 1-7,text,true,441,1179
1370228791366,1317,/got2go.php,200,OK,Thread Group 1-16,text,true,441,1317
1370228791414,1313,/got2go.php,200,OK,Thread Group 1-17,text,true,441,1313
1370228791523,1242,/got2go.php,200,OK,Thread Group 1-3,text,true,441,1242
1370228791461,1361,/got2go.php,200,OK,Thread Group 1-18,text,true,441,1361
1370228791505,1395,/got2go.php,200,OK,Thread Group 1-19,text,true,441,1395
1370228791649,1370,/got2go.php,200,OK,Thread Group 1-8,text,true,441,1370
1370228791549,1535,/got2go.php,200,OK,Thread Group 1-20,text,true,441,1535
1370228791674,1553,/got2go.php,200,OK,Thread Group 1-4,text,true,441,1553
1370228791595,1675,/got2go.php,200,OK,Thread Group 1-21,text,true,441,1675
1370228791744,1575,/got2go.php,200,OK,Thread Group 1-9,text,true,441,1575
1370228791641,1739,/got2go.php,200,OK,Thread Group 1-22,text,true,441,1739
1370228791776,1652,/got2go.php,200,OK,Thread Group 1-5,text,true,441,1652
1370228791845,1629,/got2go.php,200,OK,Thread Group 1-1,text,true,441,1629
1370228792055,1543,/got2go.php,200,OK,Thread Group 1-10,text,true,441,1543
1370228792095,1635,/got2go.php,200,OK,Thread Group 1-11,text,true,441,1635
1370228792144,1692,/got2go.php,200,OK,Thread Group 1-6,text,true,441,1692
1370228792205,1661,/got2go.php,200,OK,Thread Group 1-12,text,true,441,1661
1370228792279,1632,/got2go.php,200,OK,Thread Group 1-13,text,true,441,1632
1370228792400,1547,/got2go.php,200,OK,Thread Group 1-2,text,true,441,1547
1370228792489,1511,/got2go.php,200,OK,Thread Group 1-14,text,true,441,1511
1370228792581,1525,/got2go.php,200,OK,Thread Group 1-15,text,true,441,1525
1370228792637,1561,/got2go.php,200,OK,Thread Group 1-7,text,true,441,1561
1370228792683,1572,/got2go.php,200,OK,Thread Group 1-16,text,true,441,1572
1370228792728,1564,/got2go.php,200,OK,Thread Group 1-17,text,true,441,1564
1370228792766,1569,/got2go.php,200,OK,Thread Group 1-3,text,true,441,1569
1370228792824,1539,/got2go.php,200,OK,Thread Group 1-18,text,true,441,1539
1370228792901,1499,/got2go.php,200,OK,Thread Group 1-19,text,true,441,1499
1370228793020,1441,/got2go.php,200,OK,Thread Group 1-8,text,true,441,1441
1370228793085,1437,/got2go.php,200,OK,Thread Group 1-20,text,true,441,1437
1370228793228,1318,/got2go.php,200,OK,Thread Group 1-4,text,true,441,1318
1370228793271,1341,/got2go.php,200,OK,Thread Group 1-21,text,true,441,1341
1370228793320,1318,/got2go.php,200,OK,Thread Group 1-9,text,true,441,1318
1370228793381,1320,/got2go.php,200,OK,Thread Group 1-22,text,true,441,1320
1370228793475,1337,/got2go.php,200,OK,Thread Group 1-1,text,true,441,1337
1370228793429,1497,/got2go.php,200,OK,Thread Group 1-5,text,true,441,1497
1370228793599,1444,/got2go.php,200,OK,Thread Group 1-10,text,true,441,1444
1370228793731,1410,/got2go.php,200,OK,Thread Group 1-11,text,true,441,1410
1370228793837,1447,/got2go.php,200,OK,Thread Group 1-6,text,true,441,1447
1370228793868,1467,/got2go.php,200,OK,Thread Group 1-12,text,true,441,1467
1370228793948,1424,/got2go.php,200,OK,Thread Group 1-2,text,true,441,1424
1370228794001,1435,/got2go.php,200,OK,Thread Group 1-14,text,true,441,1435
1370228793912,1602,/got2go.php,200,OK,Thread Group 1-13,text,true,441,1602
1370228794107,1516,/got2go.php,200,OK,Thread Group 1-15,text,true,441,1516
1370228794199,1477,/got2go.php,200,OK,Thread Group 1-7,text,true,441,1477
1370228794256,1463,/got2go.php,200,OK,Thread Group 1-16,text,true,441,1463
1370228794292,1540,/got2go.php,200,OK,Thread Group 1-17,text,true,441,1540
1370228794336,1540,/got2go.php,200,OK,Thread Group 1-3,text,true,441,1540
1370228794364,1565,/got2go.php,200,OK,Thread Group 1-18,text,true,441,1565
1370228794401,1576,/got2go.php,200,OK,Thread Group 1-19,text,true,441,1576
1370228794524,1500,/got2go.php,200,OK,Thread Group 1-20,text,true,441,1500
1370228794547,1543,/got2go.php,200,OK,Thread Group 1-4,text,true,441,1543
1370228794613,1538,/got2go.php,200,OK,Thread Group 1-21,text,true,441,1538
1370228794639,1564,/got2go.php,200,OK,Thread Group 1-9,text,true,441,1564
1370228794462,1823,/got2go.php,200,OK,Thread Group 1-8,text,true,441,1823
1370228794702,1719,/got2go.php,200,OK,Thread Group 1-22,text,true,441,1719
1370228794813,1661,/got2go.php,200,OK,Thread Group 1-1,text,true,441,1661
1370228794927,1625,/got2go.php,200,OK,Thread Group 1-5,text,true,441,1625
1370228795044,1639,/got2go.php,200,OK,Thread Group 1-10,text,true,441,1639
1370228795142,1664,/got2go.php,200,OK,Thread Group 1-11,text,true,441,1664
1370228795285,1577,/got2go.php,200,OK,Thread Group 1-6,text,true,441,1577
1370228795336,1576,/got2go.php,200,OK,Thread Group 1-12,text,true,441,1576
1370228795373,1610,/got2go.php,200,OK,Thread Group 1-2,text,true,441,1610
1370228795437,1585,/got2go.php,200,OK,Thread Group 1-14,text,true,441,1585
1370228795515,1608,/got2go.php,200,OK,Thread Group 1-13,text,true,441,1608
1370228795624,1588,/got2go.php,200,OK,Thread Group 1-15,text,true,441,1588
1370228795677,1576,/got2go.php,200,OK,Thread Group 1-7,text,true,441,1576
1370228795720,1603,/got2go.php,200,OK,Thread Group 1-16,text,true,441,1603
1370228795832,1539,/got2go.php,200,OK,Thread Group 1-17,text,true,441,1539
1370228795877,1691,/got2go.php,200,OK,Thread Group 1-3,text,true,441,1691
1370228795931,1667,/got2go.php,200,OK,Thread Group 1-18,text,true,441,1667
1370228795978,1694,/got2go.php,200,OK,Thread Group 1-19,text,true,441,1694
1370228796026,1721,/got2go.php,200,OK,Thread Group 1-20,text,true,441,1721
1370228796091,1722,/got2go.php,200,OK,Thread Group 1-4,text,true,441,1722
1370228796152,1792,/got2go.php,200,OK,Thread Group 1-21,text,true,441,1792
1370228796204,1829,/got2go.php,200,OK,Thread Group 1-9,text,true,441,1829
1370228796287,1800,/got2go.php,200,OK,Thread Group 1-8,text,true,441,1800
1370228796422,1751,/got2go.php,200,OK,Thread Group 1-22,text,true,441,1751
1370228796554,1651,/got2go.php,200,OK,Thread Group 1-5,text,true,441,1651
1370228796476,1776,/got2go.php,200,OK,Thread Group 1-1,text,true,441,1776
1370228796684,1781,/got2go.php,200,OK,Thread Group 1-10,text,true,441,1781
1370228796838,1741,/got2go.php,200,OK,Thread Group 1-11,text,true,441,1741
1370228796864,1770,/got2go.php,200,OK,Thread Group 1-6,text,true,441,1770
1370228796914,1784,/got2go.php,200,OK,Thread Group 1-12,text,true,441,1784
1370228796985,1755,/got2go.php,200,OK,Thread Group 1-2,text,true,441,1755
1370228797024,1810,/got2go.php,200,OK,Thread Group 1-14,text,true,441,1810
1370228797126,1769,/got2go.php,200,OK,Thread Group 1-13,text,true,441,1769
1370228797214,1801,/got2go.php,200,OK,Thread Group 1-15,text,true,441,1801
1370228797255,1841,/got2go.php,200,OK,Thread Group 1-7,text,true,441,1841
1370228797325,1810,/got2go.php,200,OK,Thread Group 1-16,text,true,441,1810
1370228797373,1823,/got2go.php,200,OK,Thread Group 1-17,text,true,441,1823
1370228797570,1679,/got2go.php,200,OK,Thread Group 1-3,text,true,441,1679
1370228797600,1696,/got2go.php,200,OK,Thread Group 1-18,text,true,441,1696
1370228797673,1741,/got2go.php,200,OK,Thread Group 1-19,text,true,441,1741
1370228797748,1745,/got2go.php,200,OK,Thread Group 1-20,text,true,441,1745
1370228797815,1732,/got2go.php,200,OK,Thread Group 1-4,text,true,441,1732
1370228797946,1724,/got2go.php,200,OK,Thread Group 1-21,text,true,441,1724
1370228798035,1687,/got2go.php,200,OK,Thread Group 1-9,text,true,441,1687
1370228798088,1780,/got2go.php,200,OK,Thread Group 1-8,text,true,441,1780
1370228798173,1775,/got2go.php,200,OK,Thread Group 1-22,text,true,441,1775
1370228798206,1795,/got2go.php,200,OK,Thread Group 1-5,text,true,441,1795
1370228798252,1928,/got2go.php,200,OK,Thread Group 1-1,text,true,441,1928
1370228798466,2153,/got2go.php,200,OK,Thread Group 1-10,text,true,441,2153
1370228798580,2189,/got2go.php,200,OK,Thread Group 1-11,text,true,441,2189
1370228798635,2194,/got2go.php,200,OK,Thread Group 1-6,text,true,441,2194
1370228798699,2255,/got2go.php,200,OK,Thread Group 1-12,text,true,441,2255
1370228798740,2379,/got2go.php,200,OK,Thread Group 1-2,text,true,441,2379
1370228798835,2336,/got2go.php,200,OK,Thread Group 1-14,text,true,441,2336
1370228798897,2395,/got2go.php,200,OK,Thread Group 1-13,text,true,441,2395
1370228799015,2341,/got2go.php,200,OK,Thread Group 1-15,text,true,441,2341
1370228799097,2319,/got2go.php,200,OK,Thread Group 1-7,text,true,441,2319
1370228799136,2370,/got2go.php,200,OK,Thread Group 1-16,text,true,441,2370
1370228799196,2394,/got2go.php,200,OK,Thread Group 1-17,text,true,441,2394
1370228799249,2392,/got2go.php,200,OK,Thread Group 1-3,text,true,441,2392
1370228799297,2669,/got2go.php,200,OK,Thread Group 1-18,text,true,441,2669
1370228799415,2729,/got2go.php,200,OK,Thread Group 1-19,text,true,441,2729
1370228799494,2699,/got2go.php,200,OK,Thread Group 1-20,text,true,441,2699
1370228799548,2797,/got2go.php,200,OK,Thread Group 1-4,text,true,441,2797
1370228799671,2696,/got2go.php,200,OK,Thread Group 1-21,text,true,441,2696
1370228799723,2901,/got2go.php,200,OK,Thread Group 1-9,text,true,441,2901
1370228799870,2807,/got2go.php,200,OK,Thread Group 1-8,text,true,441,2807
1370228799949,2837,/got2go.php,200,OK,Thread Group 1-22,text,true,441,2837
1370228800003,2861,/got2go.php,200,OK,Thread Group 1-5,text,true,441,2861
1370228800181,2709,/got2go.php,200,OK,Thread Group 1-1,text,true,441,2709
1370228800620,2596,/got2go.php,200,OK,Thread Group 1-10,text,true,441,2596
1370228800770,2503,/got2go.php,200,OK,Thread Group 1-11,text,true,441,2503
1370228800830,2651,/got2go.php,200,OK,Thread Group 1-6,text,true,441,2651
1370228800955,2600,/got2go.php,200,OK,Thread Group 1-12,text,true,441,2600
1370228801120,2523,/got2go.php,200,OK,Thread Group 1-2,text,true,441,2523
1370228801172,2525,/got2go.php,200,OK,Thread Group 1-14,text,true,441,2525
1370228801293,2496,/got2go.php,200,OK,Thread Group 1-13,text,true,441,2496
1370228801357,2507,/got2go.php,200,OK,Thread Group 1-15,text,true,441,2507
1370228801417,2507,/got2go.php,200,OK,Thread Group 1-7,text,true,441,2507
1370228801507,2487,/got2go.php,200,OK,Thread Group 1-16,text,true,441,2487
1370228801591,2564,/got2go.php,200,OK,Thread Group 1-17,text,true,441,2564
1370228801642,2643,/got2go.php,200,OK,Thread Group 1-3,text,true,441,2643
1370228801968,2372,/got2go.php,200,OK,Thread Group 1-18,text,true,441,2372
1370228802145,2330,/got2go.php,200,OK,Thread Group 1-19,text,true,441,2330
1370228802194,2321,/got2go.php,200,OK,Thread Group 1-20,text,true,441,2321
1370228802346,2247,/got2go.php,200,OK,Thread Group 1-4,text,true,441,2247
1370228802368,2261,/got2go.php,200,OK,Thread Group 1-21,text,true,441,2261
1370228802625,2210,/got2go.php,200,OK,Thread Group 1-9,text,true,441,2210
1370228802678,2313,/got2go.php,200,OK,Thread Group 1-8,text,true,441,2313
1370228802787,2343,/got2go.php,200,OK,Thread Group 1-22,text,true,441,2343
1370228802865,2502,/got2go.php,200,OK,Thread Group 1-5,text,true,441,2502
1370228802891,2504,/got2go.php,200,OK,Thread Group 1-1,text,true,441,2504
1370228803217,2216,/got2go.php,200,OK,Thread Group 1-10,text,true,441,2216
1370228803482,2021,/got2go.php,200,OK,Thread Group 1-6,text,true,441,2021
1370228803274,2229,/got2go.php,200,OK,Thread Group 1-11,text,true,441,2229
1370228803556,2102,/got2go.php,200,OK,Thread Group 1-12,text,true,441,2102
1370228803644,2092,/got2go.php,200,OK,Thread Group 1-2,text,true,441,2092
1370228803698,2106,/got2go.php,200,OK,Thread Group 1-14,text,true,441,2106
1370228803790,2054,/got2go.php,200,OK,Thread Group 1-13,text,true,441,2054
1370228803865,2017,/got2go.php,200,OK,Thread Group 1-15,text,true,441,2017
1370228803926,1996,/got2go.php,200,OK,Thread Group 1-7,text,true,441,1996
1370228803994,1992,/got2go.php,200,OK,Thread Group 1-16,text,true,441,1992
1370228804156,1922,/got2go.php,200,OK,Thread Group 1-17,text,true,441,1922
1370228804287,1839,/got2go.php,200,OK,Thread Group 1-3,text,true,441,1839
1370228804340,1859,/got2go.php,200,OK,Thread Group 1-18,text,true,441,1859
1370228804476,1795,/got2go.php,200,OK,Thread Group 1-19,text,true,441,1795
1370228804516,1776,/got2go.php,200,OK,Thread Group 1-20,text,true,441,1776
1370228804593,1790,/got2go.php,200,OK,Thread Group 1-4,text,true,441,1790
1370228804630,1832,/got2go.php,200,OK,Thread Group 1-21,text,true,441,1832
1370228804837,1695,/got2go.php,200,OK,Thread Group 1-9,text,true,441,1695
1370228804992,1654,/got2go.php,200,OK,Thread Group 1-8,text,true,441,1654
1370228805131,1744,/got2go.php,200,OK,Thread Group 1-22,text,true,441,1744
1370228805368,1622,/got2go.php,200,OK,Thread Group 1-5,text,true,441,1622
1370228805504,1709,/got2go.php,200,OK,Thread Group 1-6,text,true,441,1709
1370228805504,1770,/got2go.php,200,OK,Thread Group 1-11,text,true,441,1770
1370228805435,1948,/got2go.php,200,OK,Thread Group 1-10,text,true,441,1948
1370228805659,1799,/got2go.php,200,OK,Thread Group 1-12,text,true,441,1799
1370228805805,1783,/got2go.php,200,OK,Thread Group 1-14,text,true,441,1783
1370228805844,1847,/got2go.php,200,OK,Thread Group 1-13,text,true,441,1847
1370228805883,1926,/got2go.php,200,OK,Thread Group 1-15,text,true,441,1926
1370228805923,1979,/got2go.php,200,OK,Thread Group 1-7,text,true,441,1979
1370228805987,1966,/got2go.php,200,OK,Thread Group 1-16,text,true,441,1966
1370228806079,1936,/got2go.php,200,OK,Thread Group 1-17,text,true,441,1936
1370228806200,1882,/got2go.php,200,OK,Thread Group 1-18,text,true,441,1882
1370228806293,1831,/got2go.php,200,OK,Thread Group 1-20,text,true,441,1831
1370228806272,1912,/got2go.php,200,OK,Thread Group 1-19,text,true,441,1912
1370228806463,1889,/got2go.php,200,OK,Thread Group 1-21,text,true,441,1889
1370228806533,1989,/got2go.php,200,OK,Thread Group 1-9,text,true,441,1989
1370228806647,2047,/got2go.php,200,OK,Thread Group 1-8,text,true,441,2047
1370228806876,1924,/got2go.php,200,OK,Thread Group 1-22,text,true,441,1924
1370228807275,1708,/got2go.php,200,OK,Thread Group 1-11,text,true,441,1708
1370228807384,1717,/got2go.php,200,OK,Thread Group 1-10,text,true,441,1717
1370228807458,1747,/got2go.php,200,OK,Thread Group 1-12,text,true,441,1747
1370228807589,1787,/got2go.php,200,OK,Thread Group 1-14,text,true,441,1787
1370228807692,1792,/got2go.php,200,OK,Thread Group 1-13,text,true,441,1792
1370228807810,1731,/got2go.php,200,OK,Thread Group 1-15,text,true,441,1731
1370228807954,1631,/got2go.php,200,OK,Thread Group 1-16,text,true,441,1631
1370228808016,1617,/got2go.php,200,OK,Thread Group 1-17,text,true,441,1617
1370228808083,1615,/got2go.php,200,OK,Thread Group 1-18,text,true,441,1615
1370228808125,1668,/got2go.php,200,OK,Thread Group 1-20,text,true,441,1668
1370228808185,1679,/got2go.php,200,OK,Thread Group 1-19,text,true,441,1679
1370228808353,1569,/got2go.php,200,OK,Thread Group 1-21,text,true,441,1569
1370228808801,1253,/got2go.php,200,OK,Thread Group 1-22,text,true,441,1253
