1370224718661,224,/deletelava.php,200,OK,Thread Group 1-1,text,true,191,224
1370224718670,265,/deletelava.php,200,OK,Thread Group 1-2,text,true,191,265
1370224718680,283,/deletelava.php,200,OK,Thread Group 1-3,text,true,191,283
1370224718698,319,/deletelava.php,200,OK,Thread Group 1-5,text,true,191,319
1370224718689,369,/deletelava.php,200,OK,Thread Group 1-4,text,true,191,369
1370224718708,396,/deletelava.php,200,OK,Thread Group 1-6,text,true,191,396
1370224718731,389,/deletelava.php,200,OK,Thread Group 1-8,text,true,191,389
1370224718760,391,/deletelava.php,200,OK,Thread Group 1-11,text,true,191,391
1370224718720,459,/deletelava.php,200,OK,Thread Group 1-7,text,true,191,459
1370224718750,466,/deletelava.php,200,OK,Thread Group 1-10,text,true,191,466
1370224718740,511,/deletelava.php,200,OK,Thread Group 1-9,text,true,191,511
1370224718791,498,/deletelava.php,200,OK,Thread Group 1-14,text,true,191,498
1370224718770,548,/deletelava.php,200,OK,Thread Group 1-12,text,true,191,548
1370224718887,464,/deletelava.php,200,OK,Thread Group 1-1,text,true,191,464
1370224718780,599,/deletelava.php,200,OK,Thread Group 1-13,text,true,191,599
1370224718937,471,/deletelava.php,200,OK,Thread Group 1-2,text,true,191,471
1370224718965,489,/deletelava.php,200,OK,Thread Group 1-3,text,true,191,489
1370224718811,655,/deletelava.php,200,OK,Thread Group 1-16,text,true,191,655
1370224718873,632,/deletelava.php,200,OK,Thread Group 1-22,text,true,191,632
1370224718831,704,/deletelava.php,200,OK,Thread Group 1-18,text,true,191,704
1370224718801,767,/deletelava.php,200,OK,Thread Group 1-15,text,true,191,767
1370224718822,778,/deletelava.php,200,OK,Thread Group 1-17,text,true,191,778
1370224718861,777,/deletelava.php,200,OK,Thread Group 1-21,text,true,191,777
1370224718852,821,/deletelava.php,200,OK,Thread Group 1-20,text,true,191,821
1370224718841,877,/deletelava.php,200,OK,Thread Group 1-19,text,true,191,877
1370224718904,839,/deletelava.php,200,OK,Thread Group 1-25,text,true,191,839
1370224718883,892,/deletelava.php,200,OK,Thread Group 1-23,text,true,191,892
1370224718924,887,/deletelava.php,200,OK,Thread Group 1-27,text,true,191,887
1370224718892,954,/deletelava.php,200,OK,Thread Group 1-24,text,true,191,954
1370224718913,968,/deletelava.php,200,OK,Thread Group 1-26,text,true,191,968
1370224718933,978,/deletelava.php,200,OK,Thread Group 1-28,text,true,191,978
1370224718954,989,/deletelava.php,200,OK,Thread Group 1-30,text,true,191,989
1370224718944,1038,/deletelava.php,200,OK,Thread Group 1-29,text,true,191,1038
1370224719019,993,/deletelava.php,200,OK,Thread Group 1-5,text,true,191,993
1370224719060,1005,/deletelava.php,200,OK,Thread Group 1-4,text,true,191,1005
1370224718975,1313,/deletelava.php,200,OK,Thread Group 1-32,text,true,191,1313
1370224718964,1421,/deletelava.php,200,OK,Thread Group 1-31,text,true,191,1421
1370224718986,1449,/deletelava.php,200,OK,Thread Group 1-33,text,true,191,1449
1370224718995,1485,/deletelava.php,200,OK,Thread Group 1-34,text,true,191,1485
1370224719005,1510,/deletelava.php,200,OK,Thread Group 1-35,text,true,191,1510
1370224719106,1440,/deletelava.php,200,OK,Thread Group 1-6,text,true,191,1440
1370224719121,1468,/deletelava.php,200,OK,Thread Group 1-8,text,true,191,1468
1370224719036,1588,/deletelava.php,200,OK,Thread Group 1-38,text,true,191,1588
1370224719017,1698,/deletelava.php,200,OK,Thread Group 1-36,text,true,191,1698
1370224719026,1733,/deletelava.php,200,OK,Thread Group 1-37,text,true,191,1733
1370224719046,1753,/deletelava.php,200,OK,Thread Group 1-39,text,true,191,1753
1370224719056,1791,/deletelava.php,200,OK,Thread Group 1-40,text,true,191,1791
1370224719153,1727,/deletelava.php,200,OK,Thread Group 1-11,text,true,191,1727
1370224719076,1843,/deletelava.php,200,OK,Thread Group 1-42,text,true,191,1843
1370224719066,1893,/deletelava.php,200,OK,Thread Group 1-41,text,true,191,1893
1370224719181,1887,/deletelava.php,200,OK,Thread Group 1-7,text,true,191,1887
1370224719087,2022,/deletelava.php,200,OK,Thread Group 1-43,text,true,191,2022
1370224719107,2155,/deletelava.php,200,OK,Thread Group 1-45,text,true,191,2155
1370224719117,2196,/deletelava.php,200,OK,Thread Group 1-46,text,true,191,2196
1370224719127,2224,/deletelava.php,200,OK,Thread Group 1-47,text,true,191,2224
1370224719225,2208,/deletelava.php,200,OK,Thread Group 1-10,text,true,191,2208
1370224719138,2398,/deletelava.php,200,OK,Thread Group 1-48,text,true,191,2398
1370224719148,2442,/deletelava.php,200,OK,Thread Group 1-49,text,true,191,2442
1370224719158,2485,/deletelava.php,200,OK,Thread Group 1-50,text,true,191,2485
1370224719253,2442,/deletelava.php,200,OK,Thread Group 1-9,text,true,191,2442
1370224719168,2573,/deletelava.php,200,OK,Thread Group 1-51,text,true,191,2573
1370224719178,2658,/deletelava.php,200,OK,Thread Group 1-52,text,true,191,2658
1370224719209,2703,/deletelava.php,200,OK,Thread Group 1-55,text,true,191,2703
1370224719291,2775,/deletelava.php,200,OK,Thread Group 1-14,text,true,191,2775
1370224719199,2914,/deletelava.php,200,OK,Thread Group 1-54,text,true,191,2914
1370224719227,2936,/deletelava.php,200,OK,Thread Group 1-56,text,true,191,2936
1370224719188,3017,/deletelava.php,200,OK,Thread Group 1-53,text,true,191,3017
1370224719320,2924,/deletelava.php,200,OK,Thread Group 1-12,text,true,191,2924
1370224719229,3116,/deletelava.php,200,OK,Thread Group 1-57,text,true,191,3116
1370224719239,3152,/deletelava.php,200,OK,Thread Group 1-58,text,true,191,3152
1370224719353,3201,/deletelava.php,200,OK,Thread Group 1-1,text,true,191,3201
1370224719249,3368,/deletelava.php,200,OK,Thread Group 1-59,text,true,191,3368
1370224719381,3287,/deletelava.php,200,OK,Thread Group 1-13,text,true,191,3287
1370224719270,3466,/deletelava.php,200,OK,Thread Group 1-61,text,true,191,3466
1370224719260,3631,/deletelava.php,200,OK,Thread Group 1-60,text,true,191,3631
1370224719280,3670,/deletelava.php,200,OK,Thread Group 1-62,text,true,191,3670
1370224719410,3644,/deletelava.php,200,OK,Thread Group 1-2,text,true,191,3644
1370224719311,4059,/deletelava.php,200,OK,Thread Group 1-65,text,true,191,4059
1370224719322,4202,/deletelava.php,200,OK,Thread Group 1-66,text,true,191,4202
1370224719291,4235,/deletelava.php,200,OK,Thread Group 1-63,text,true,191,4235
1370224719351,4203,/deletelava.php,200,OK,Thread Group 1-69,text,true,191,4203
1370224719331,4259,/deletelava.php,200,OK,Thread Group 1-67,text,true,191,4259
1370224719341,4284,/deletelava.php,200,OK,Thread Group 1-68,text,true,191,4284
1370224719300,4377,/deletelava.php,200,OK,Thread Group 1-64,text,true,191,4377
1370224719362,4422,/deletelava.php,200,OK,Thread Group 1-70,text,true,191,4422
1370224719458,4444,/deletelava.php,200,OK,Thread Group 1-3,text,true,191,4444
1370224719470,4479,/deletelava.php,200,OK,Thread Group 1-16,text,true,191,4479
1370224719382,4734,/deletelava.php,200,OK,Thread Group 1-72,text,true,191,4734
1370224719372,4790,/deletelava.php,200,OK,Thread Group 1-71,text,true,191,4790
1370224719403,4884,/deletelava.php,200,OK,Thread Group 1-74,text,true,191,4884
1370224719507,4833,/deletelava.php,200,OK,Thread Group 1-22,text,true,191,4833
1370224719538,4855,/deletelava.php,200,OK,Thread Group 1-18,text,true,191,4855
1370224719455,4989,/deletelava.php,200,OK,Thread Group 1-75,text,true,191,4989
1370224719097,5407,/deletelava.php,200,OK,Thread Group 1-44,text,true,191,5407
1370224719392,5168,/deletelava.php,200,OK,Thread Group 1-73,text,true,191,5168
1370224719476,5130,/deletelava.php,200,OK,Thread Group 1-81,text,true,191,5130
1370224719460,5290,/deletelava.php,200,OK,Thread Group 1-78,text,true,191,5290
1370224719473,5364,/deletelava.php,200,OK,Thread Group 1-80,text,true,191,5364
1370224719469,5435,/deletelava.php,200,OK,Thread Group 1-79,text,true,191,5435
1370224719571,5348,/deletelava.php,200,OK,Thread Group 1-15,text,true,191,5348
1370224719484,5468,/deletelava.php,200,OK,Thread Group 1-82,text,true,191,5468
1370224719462,5523,/deletelava.php,200,OK,Thread Group 1-76,text,true,191,5523
1370224719495,5562,/deletelava.php,200,OK,Thread Group 1-83,text,true,191,5562
1370224719464,5712,/deletelava.php,200,OK,Thread Group 1-77,text,true,191,5712
1370224719506,5734,/deletelava.php,200,OK,Thread Group 1-84,text,true,191,5734
1370224719515,5845,/deletelava.php,200,OK,Thread Group 1-85,text,true,191,5845
1370224719603,5790,/deletelava.php,200,OK,Thread Group 1-17,text,true,191,5790
1370224719525,5900,/deletelava.php,200,OK,Thread Group 1-86,text,true,191,5900
1370224719536,5916,/deletelava.php,200,OK,Thread Group 1-87,text,true,191,5916
1370224719545,5939,/deletelava.php,200,OK,Thread Group 1-88,text,true,191,5939
1370224719640,5875,/deletelava.php,200,OK,Thread Group 1-21,text,true,191,5875
1370224719675,5876,/deletelava.php,200,OK,Thread Group 1-20,text,true,191,5876
1370224719610,5971,/deletelava.php,200,OK,Thread Group 1-89,text,true,191,5971
1370224719621,5993,/deletelava.php,200,OK,Thread Group 1-90,text,true,191,5993
1370224719720,5925,/deletelava.php,200,OK,Thread Group 1-19,text,true,191,5925
1370224719631,6050,/deletelava.php,200,OK,Thread Group 1-91,text,true,191,6050
1370224719643,6069,/deletelava.php,200,OK,Thread Group 1-92,text,true,191,6069
1370224719652,6121,/deletelava.php,200,OK,Thread Group 1-93,text,true,191,6121
1370224719745,6063,/deletelava.php,200,OK,Thread Group 1-25,text,true,191,6063
1370224719661,6189,/deletelava.php,200,OK,Thread Group 1-94,text,true,191,6189
1370224719672,6209,/deletelava.php,200,OK,Thread Group 1-95,text,true,191,6209
1370224719681,6231,/deletelava.php,200,OK,Thread Group 1-96,text,true,191,6231
1370224719776,6168,/deletelava.php,200,OK,Thread Group 1-23,text,true,191,6168
1370224719691,6293,/deletelava.php,200,OK,Thread Group 1-97,text,true,191,6293
1370224719712,6313,/deletelava.php,200,OK,Thread Group 1-99,text,true,191,6313
1370224719703,6369,/deletelava.php,200,OK,Thread Group 1-98,text,true,191,6369
1370224719723,6385,/deletelava.php,200,OK,Thread Group 1-100,text,true,191,6385
1370224719812,6334,/deletelava.php,200,OK,Thread Group 1-27,text,true,191,6334
1370224719912,6258,/deletelava.php,200,OK,Thread Group 1-28,text,true,191,6258
1370224719945,6256,/deletelava.php,200,OK,Thread Group 1-30,text,true,191,6256
1370224719984,6309,/deletelava.php,200,OK,Thread Group 1-29,text,true,191,6309
1370224720013,6310,/deletelava.php,200,OK,Thread Group 1-5,text,true,191,6310
1370224720066,6287,/deletelava.php,200,OK,Thread Group 1-4,text,true,191,6287
1370224719848,6539,/deletelava.php,200,OK,Thread Group 1-24,text,true,191,6539
1370224719882,6549,/deletelava.php,200,OK,Thread Group 1-26,text,true,191,6549
1370224720290,6197,/deletelava.php,200,OK,Thread Group 1-32,text,true,191,6197
1370224720387,6136,/deletelava.php,200,OK,Thread Group 1-31,text,true,191,6136
1370224720437,6216,/deletelava.php,200,OK,Thread Group 1-33,text,true,191,6216
1370224720482,6227,/deletelava.php,200,OK,Thread Group 1-34,text,true,191,6227
1370224720517,6283,/deletelava.php,200,OK,Thread Group 1-35,text,true,191,6283
1370224720548,6285,/deletelava.php,200,OK,Thread Group 1-6,text,true,191,6285
1370224720591,6295,/deletelava.php,200,OK,Thread Group 1-8,text,true,191,6295
1370224720625,6372,/deletelava.php,200,OK,Thread Group 1-38,text,true,191,6372
1370224720717,6330,/deletelava.php,200,OK,Thread Group 1-36,text,true,191,6330
1370224720761,6342,/deletelava.php,200,OK,Thread Group 1-37,text,true,191,6342
1370224720801,6441,/deletelava.php,200,OK,Thread Group 1-39,text,true,191,6441
1370224720849,6432,/deletelava.php,200,OK,Thread Group 1-40,text,true,191,6432
1370224720881,6438,/deletelava.php,200,OK,Thread Group 1-11,text,true,191,6438
1370224720921,6492,/deletelava.php,200,OK,Thread Group 1-42,text,true,191,6492
1370224720961,6495,/deletelava.php,200,OK,Thread Group 1-41,text,true,191,6495
1370224721069,6421,/deletelava.php,200,OK,Thread Group 1-7,text,true,191,6421
1370224721111,6421,/deletelava.php,200,OK,Thread Group 1-43,text,true,191,6421
1370224721263,6307,/deletelava.php,200,OK,Thread Group 1-45,text,true,191,6307
1370224721314,6305,/deletelava.php,200,OK,Thread Group 1-46,text,true,191,6305
1370224721352,6334,/deletelava.php,200,OK,Thread Group 1-47,text,true,191,6334
1370224721537,6206,/deletelava.php,200,OK,Thread Group 1-48,text,true,191,6206
1370224721590,6252,/deletelava.php,200,OK,Thread Group 1-49,text,true,191,6252
1370224721644,6236,/deletelava.php,200,OK,Thread Group 1-50,text,true,191,6236
1370224721696,6216,/deletelava.php,200,OK,Thread Group 1-9,text,true,191,6216
1370224721742,6233,/deletelava.php,200,OK,Thread Group 1-51,text,true,191,6233
1370224721433,6576,/deletelava.php,200,OK,Thread Group 1-10,text,true,191,6576
1370224721836,6209,/deletelava.php,200,OK,Thread Group 1-52,text,true,191,6209
1370224721913,6171,/deletelava.php,200,OK,Thread Group 1-55,text,true,191,6171
1370224722066,6054,/deletelava.php,200,OK,Thread Group 1-14,text,true,191,6054
1370224722113,6052,/deletelava.php,200,OK,Thread Group 1-54,text,true,191,6052
1370224722163,6034,/deletelava.php,200,OK,Thread Group 1-56,text,true,191,6034
1370224722206,6048,/deletelava.php,200,OK,Thread Group 1-53,text,true,191,6048
1370224722245,6043,/deletelava.php,200,OK,Thread Group 1-12,text,true,191,6043
1370224722345,5983,/deletelava.php,200,OK,Thread Group 1-57,text,true,191,5983
1370224722391,5981,/deletelava.php,200,OK,Thread Group 1-58,text,true,191,5981
1370224722554,5862,/deletelava.php,200,OK,Thread Group 1-1,text,true,191,5862
1370224722617,5833,/deletelava.php,200,OK,Thread Group 1-59,text,true,191,5833
1370224722669,5809,/deletelava.php,200,OK,Thread Group 1-13,text,true,191,5809
1370224722736,5786,/deletelava.php,200,OK,Thread Group 1-61,text,true,191,5786
1370224722892,5664,/deletelava.php,200,OK,Thread Group 1-60,text,true,191,5664
1370224722950,5640,/deletelava.php,200,OK,Thread Group 1-62,text,true,191,5640
1370224723055,5570,/deletelava.php,200,OK,Thread Group 1-2,text,true,191,5570
1370224723371,5288,/deletelava.php,200,OK,Thread Group 1-65,text,true,191,5288
1370224723524,5190,/deletelava.php,200,OK,Thread Group 1-66,text,true,191,5190
1370224723526,5232,/deletelava.php,200,OK,Thread Group 1-63,text,true,191,5232
1370224723555,5240,/deletelava.php,200,OK,Thread Group 1-69,text,true,191,5240
1370224723590,5233,/deletelava.php,200,OK,Thread Group 1-67,text,true,191,5233
1370224723626,5224,/deletelava.php,200,OK,Thread Group 1-68,text,true,191,5224
1370224723678,5203,/deletelava.php,200,OK,Thread Group 1-64,text,true,191,5203
1370224723785,5134,/deletelava.php,200,OK,Thread Group 1-70,text,true,191,5134
1370224723903,5053,/deletelava.php,200,OK,Thread Group 1-3,text,true,191,5053
1370224723950,5047,/deletelava.php,200,OK,Thread Group 1-16,text,true,191,5047
1370224724117,5026,/deletelava.php,200,OK,Thread Group 1-72,text,true,191,5026
1370224724163,5142,/deletelava.php,200,OK,Thread Group 1-71,text,true,191,5142
1370224724288,5132,/deletelava.php,200,OK,Thread Group 1-74,text,true,191,5132
1370224724340,5125,/deletelava.php,200,OK,Thread Group 1-22,text,true,191,5125
1370224724393,5177,/deletelava.php,200,OK,Thread Group 1-18,text,true,191,5177
1370224724445,5155,/deletelava.php,200,OK,Thread Group 1-75,text,true,191,5155
1370224724504,5130,/deletelava.php,200,OK,Thread Group 1-44,text,true,191,5130
1370224724561,5107,/deletelava.php,200,OK,Thread Group 1-73,text,true,191,5107
1370224724607,5089,/deletelava.php,200,OK,Thread Group 1-81,text,true,191,5089
1370224724750,4982,/deletelava.php,200,OK,Thread Group 1-78,text,true,191,4982
1370224724837,4937,/deletelava.php,200,OK,Thread Group 1-80,text,true,191,4937
1370224724905,4905,/deletelava.php,200,OK,Thread Group 1-79,text,true,191,4905
1370224724920,4921,/deletelava.php,200,OK,Thread Group 1-15,text,true,191,4921
1370224724952,4922,/deletelava.php,200,OK,Thread Group 1-82,text,true,191,4922
1370224724985,4925,/deletelava.php,200,OK,Thread Group 1-76,text,true,191,4925
1370224725058,4888,/deletelava.php,200,OK,Thread Group 1-83,text,true,191,4888
1370224725177,4811,/deletelava.php,200,OK,Thread Group 1-77,text,true,191,4811
1370224725241,4775,/deletelava.php,200,OK,Thread Group 1-84,text,true,191,4775
1370224725360,4696,/deletelava.php,200,OK,Thread Group 1-85,text,true,191,4696
1370224725393,4707,/deletelava.php,200,OK,Thread Group 1-17,text,true,191,4707
1370224725425,4696,/deletelava.php,200,OK,Thread Group 1-86,text,true,191,4696
1370224725453,4735,/deletelava.php,200,OK,Thread Group 1-87,text,true,191,4735
1370224725485,4834,/deletelava.php,200,OK,Thread Group 1-88,text,true,191,4834
1370224725516,4891,/deletelava.php,200,OK,Thread Group 1-21,text,true,191,4891
1370224725551,4968,/deletelava.php,200,OK,Thread Group 1-20,text,true,191,4968
1370224725582,4978,/deletelava.php,200,OK,Thread Group 1-89,text,true,191,4978
1370224725614,4983,/deletelava.php,200,OK,Thread Group 1-90,text,true,191,4983
1370224725645,4993,/deletelava.php,200,OK,Thread Group 1-19,text,true,191,4993
1370224725682,5010,/deletelava.php,200,OK,Thread Group 1-91,text,true,191,5010
1370224725713,5071,/deletelava.php,200,OK,Thread Group 1-92,text,true,191,5071
1370224725774,5060,/deletelava.php,200,OK,Thread Group 1-93,text,true,191,5060
1370224725808,5066,/deletelava.php,200,OK,Thread Group 1-25,text,true,191,5066
1370224725850,5069,/deletelava.php,200,OK,Thread Group 1-94,text,true,191,5069
1370224725881,5086,/deletelava.php,200,OK,Thread Group 1-95,text,true,191,5086
1370224725913,5090,/deletelava.php,200,OK,Thread Group 1-96,text,true,191,5090
1370224725944,5092,/deletelava.php,200,OK,Thread Group 1-23,text,true,191,5092
1370224725984,5087,/deletelava.php,200,OK,Thread Group 1-97,text,true,191,5087
1370224726027,5080,/deletelava.php,200,OK,Thread Group 1-99,text,true,191,5080
1370224726073,5129,/deletelava.php,200,OK,Thread Group 1-98,text,true,191,5129
1370224726110,5119,/deletelava.php,200,OK,Thread Group 1-100,text,true,191,5119
1370224726147,5113,/deletelava.php,200,OK,Thread Group 1-27,text,true,191,5113
1370224726171,5120,/deletelava.php,200,OK,Thread Group 1-28,text,true,191,5120
1370224726203,5124,/deletelava.php,200,OK,Thread Group 1-30,text,true,191,5124
1370224726295,5082,/deletelava.php,200,OK,Thread Group 1-29,text,true,191,5082
1370224726325,5139,/deletelava.php,200,OK,Thread Group 1-5,text,true,191,5139
1370224726355,5225,/deletelava.php,200,OK,Thread Group 1-4,text,true,191,5225
1370224726389,5246,/deletelava.php,200,OK,Thread Group 1-24,text,true,191,5246
1370224726432,5393,/deletelava.php,200,OK,Thread Group 1-26,text,true,191,5393
1370224726526,5377,/deletelava.php,200,OK,Thread Group 1-31,text,true,191,5377
1370224726489,5416,/deletelava.php,200,OK,Thread Group 1-32,text,true,191,5416
1370224726655,5273,/deletelava.php,200,OK,Thread Group 1-33,text,true,191,5273
1370224726714,5244,/deletelava.php,200,OK,Thread Group 1-34,text,true,191,5244
1370224726835,5167,/deletelava.php,200,OK,Thread Group 1-6,text,true,191,5167
1370224726802,5300,/deletelava.php,200,OK,Thread Group 1-35,text,true,191,5300
1370224726888,5254,/deletelava.php,200,OK,Thread Group 1-8,text,true,191,5254
1370224726999,5238,/deletelava.php,200,OK,Thread Group 1-38,text,true,191,5238
1370224727048,5223,/deletelava.php,200,OK,Thread Group 1-36,text,true,191,5223
1370224727105,5201,/deletelava.php,200,OK,Thread Group 1-37,text,true,191,5201
1370224727246,5095,/deletelava.php,200,OK,Thread Group 1-39,text,true,191,5095
1370224727283,5087,/deletelava.php,200,OK,Thread Group 1-40,text,true,191,5087
1370224727320,5084,/deletelava.php,200,OK,Thread Group 1-11,text,true,191,5084
1370224727414,5021,/deletelava.php,200,OK,Thread Group 1-42,text,true,191,5021
1370224727457,5015,/deletelava.php,200,OK,Thread Group 1-41,text,true,191,5015
1370224727493,5013,/deletelava.php,200,OK,Thread Group 1-7,text,true,191,5013
1370224727534,5011,/deletelava.php,200,OK,Thread Group 1-43,text,true,191,5011
1370224727573,5020,/deletelava.php,200,OK,Thread Group 1-45,text,true,191,5020
1370224727622,5008,/deletelava.php,200,OK,Thread Group 1-46,text,true,191,5008
1370224727689,4973,/deletelava.php,200,OK,Thread Group 1-47,text,true,191,4973
1370224727746,4949,/deletelava.php,200,OK,Thread Group 1-48,text,true,191,4949
1370224727844,4889,/deletelava.php,200,OK,Thread Group 1-49,text,true,191,4889
1370224727883,4901,/deletelava.php,200,OK,Thread Group 1-50,text,true,191,4901
1370224727915,4917,/deletelava.php,200,OK,Thread Group 1-9,text,true,191,4917
1370224727978,4974,/deletelava.php,200,OK,Thread Group 1-51,text,true,191,4974
1370224728011,4990,/deletelava.php,200,OK,Thread Group 1-10,text,true,191,4990
1370224728048,5171,/deletelava.php,200,OK,Thread Group 1-52,text,true,191,5171
1370224728086,5167,/deletelava.php,200,OK,Thread Group 1-55,text,true,191,5167
1370224728123,5164,/deletelava.php,200,OK,Thread Group 1-14,text,true,191,5164
1370224728167,5158,/deletelava.php,200,OK,Thread Group 1-54,text,true,191,5158
1370224728199,5169,/deletelava.php,200,OK,Thread Group 1-56,text,true,191,5169
1370224728256,5225,/deletelava.php,200,OK,Thread Group 1-53,text,true,191,5225
1370224728291,5269,/deletelava.php,200,OK,Thread Group 1-12,text,true,191,5269
1370224728332,5280,/deletelava.php,200,OK,Thread Group 1-57,text,true,191,5280
1370224728374,5344,/deletelava.php,200,OK,Thread Group 1-58,text,true,191,5344
1370224728419,5333,/deletelava.php,200,OK,Thread Group 1-1,text,true,191,5333
1370224728452,5354,/deletelava.php,200,OK,Thread Group 1-59,text,true,191,5354
1370224728481,5360,/deletelava.php,200,OK,Thread Group 1-13,text,true,191,5360
1370224728525,5353,/deletelava.php,200,OK,Thread Group 1-61,text,true,191,5353
1370224728558,5358,/deletelava.php,200,OK,Thread Group 1-60,text,true,191,5358
1370224728592,5361,/deletelava.php,200,OK,Thread Group 1-62,text,true,191,5361
1370224728628,5367,/deletelava.php,200,OK,Thread Group 1-2,text,true,191,5367
1370224728661,5377,/deletelava.php,200,OK,Thread Group 1-65,text,true,191,5377
1370224728716,5504,/deletelava.php,200,OK,Thread Group 1-66,text,true,191,5504
1370224728761,5501,/deletelava.php,200,OK,Thread Group 1-63,text,true,191,5501
1370224728800,5498,/deletelava.php,200,OK,Thread Group 1-69,text,true,191,5498
1370224728825,5506,/deletelava.php,200,OK,Thread Group 1-67,text,true,191,5506
1370224728852,5529,/deletelava.php,200,OK,Thread Group 1-68,text,true,191,5529
1370224728883,5627,/deletelava.php,200,OK,Thread Group 1-64,text,true,191,5627
1370224728922,5629,/deletelava.php,200,OK,Thread Group 1-70,text,true,191,5629
1370224728959,5627,/deletelava.php,200,OK,Thread Group 1-3,text,true,191,5627
1370224729000,5620,/deletelava.php,200,OK,Thread Group 1-16,text,true,191,5620
1370224729145,5505,/deletelava.php,200,OK,Thread Group 1-72,text,true,191,5505
1370224729307,5380,/deletelava.php,200,OK,Thread Group 1-71,text,true,191,5380
1370224729423,5297,/deletelava.php,200,OK,Thread Group 1-74,text,true,191,5297
1370224729467,5290,/deletelava.php,200,OK,Thread Group 1-22,text,true,191,5290
1370224729573,5212,/deletelava.php,200,OK,Thread Group 1-18,text,true,191,5212
1370224729603,5271,/deletelava.php,200,OK,Thread Group 1-75,text,true,191,5271
1370224729636,5276,/deletelava.php,200,OK,Thread Group 1-44,text,true,191,5276
1370224729670,5275,/deletelava.php,200,OK,Thread Group 1-73,text,true,191,5275
1370224729699,5287,/deletelava.php,200,OK,Thread Group 1-81,text,true,191,5287
1370224729735,5289,/deletelava.php,200,OK,Thread Group 1-78,text,true,191,5289
1370224729777,5281,/deletelava.php,200,OK,Thread Group 1-80,text,true,191,5281
1370224729812,5289,/deletelava.php,200,OK,Thread Group 1-79,text,true,191,5289
1370224729877,5253,/deletelava.php,200,OK,Thread Group 1-82,text,true,191,5253
1370224729844,5324,/deletelava.php,200,OK,Thread Group 1-15,text,true,191,5324
1370224729948,5259,/deletelava.php,200,OK,Thread Group 1-83,text,true,191,5259
1370224729913,5323,/deletelava.php,200,OK,Thread Group 1-76,text,true,191,5323
1370224729991,5283,/deletelava.php,200,OK,Thread Group 1-77,text,true,191,5283
1370224730019,5359,/deletelava.php,200,OK,Thread Group 1-84,text,true,191,5359
1370224730058,5352,/deletelava.php,200,OK,Thread Group 1-85,text,true,191,5352
1370224730103,5358,/deletelava.php,200,OK,Thread Group 1-17,text,true,191,5358
1370224730123,5388,/deletelava.php,200,OK,Thread Group 1-86,text,true,191,5388
1370224730191,5359,/deletelava.php,200,OK,Thread Group 1-87,text,true,191,5359
1370224730321,5265,/deletelava.php,200,OK,Thread Group 1-88,text,true,191,5265
1370224730409,5277,/deletelava.php,200,OK,Thread Group 1-21,text,true,191,5277
1370224730522,5200,/deletelava.php,200,OK,Thread Group 1-20,text,true,191,5200
1370224730562,5192,/deletelava.php,200,OK,Thread Group 1-89,text,true,191,5192
1370224730599,5187,/deletelava.php,200,OK,Thread Group 1-90,text,true,191,5187
1370224730641,5179,/deletelava.php,200,OK,Thread Group 1-19,text,true,191,5179
1370224730695,5163,/deletelava.php,200,OK,Thread Group 1-91,text,true,191,5163
1370224730787,5121,/deletelava.php,200,OK,Thread Group 1-92,text,true,191,5121
1370224730876,5072,/deletelava.php,200,OK,Thread Group 1-25,text,true,191,5072
1370224730921,5161,/deletelava.php,200,OK,Thread Group 1-94,text,true,191,5161
1370224730837,5306,/deletelava.php,200,OK,Thread Group 1-93,text,true,191,5306
1370224730969,5219,/deletelava.php,200,OK,Thread Group 1-95,text,true,191,5219
1370224731005,5245,/deletelava.php,200,OK,Thread Group 1-96,text,true,191,5245
1370224731039,5252,/deletelava.php,200,OK,Thread Group 1-23,text,true,191,5252
1370224731073,5391,/deletelava.php,200,OK,Thread Group 1-97,text,true,191,5391
1370224731109,5556,/deletelava.php,200,OK,Thread Group 1-99,text,true,191,5556
1370224731203,5568,/deletelava.php,200,OK,Thread Group 1-98,text,true,191,5568
1370224731230,5586,/deletelava.php,200,OK,Thread Group 1-100,text,true,191,5586
1370224731261,5608,/deletelava.php,200,OK,Thread Group 1-27,text,true,191,5608
1370224731292,5688,/deletelava.php,200,OK,Thread Group 1-28,text,true,191,5688
1370224731378,5766,/deletelava.php,200,OK,Thread Group 1-29,text,true,191,5766
1370224731329,5815,/deletelava.php,200,OK,Thread Group 1-30,text,true,191,5815
1370224731466,5722,/deletelava.php,200,OK,Thread Group 1-5,text,true,191,5722
1370224731582,5655,/deletelava.php,200,OK,Thread Group 1-4,text,true,191,5655
1370224731637,5725,/deletelava.php,200,OK,Thread Group 1-24,text,true,191,5725
1370224731827,5576,/deletelava.php,200,OK,Thread Group 1-26,text,true,191,5576
1370224731905,5535,/deletelava.php,200,OK,Thread Group 1-31,text,true,191,5535
1370224731907,5564,/deletelava.php,200,OK,Thread Group 1-32,text,true,191,5564
1370224731930,5571,/deletelava.php,200,OK,Thread Group 1-33,text,true,191,5571
1370224731959,5577,/deletelava.php,200,OK,Thread Group 1-34,text,true,191,5577
1370224732004,5561,/deletelava.php,200,OK,Thread Group 1-6,text,true,191,5561
1370224732103,5494,/deletelava.php,200,OK,Thread Group 1-35,text,true,191,5494
1370224732143,5487,/deletelava.php,200,OK,Thread Group 1-8,text,true,191,5487
1370224732239,5421,/deletelava.php,200,OK,Thread Group 1-38,text,true,191,5421
1370224732272,5422,/deletelava.php,200,OK,Thread Group 1-36,text,true,191,5422
1370224732308,5459,/deletelava.php,200,OK,Thread Group 1-37,text,true,191,5459
1370224732343,5461,/deletelava.php,200,OK,Thread Group 1-39,text,true,191,5461
1370224732371,5469,/deletelava.php,200,OK,Thread Group 1-40,text,true,191,5469
1370224732405,5489,/deletelava.php,200,OK,Thread Group 1-11,text,true,191,5489
1370224732437,5492,/deletelava.php,200,OK,Thread Group 1-42,text,true,191,5492
1370224732473,5485,/deletelava.php,200,OK,Thread Group 1-41,text,true,191,5485
1370224732507,5502,/deletelava.php,200,OK,Thread Group 1-7,text,true,191,5502
1370224732546,5578,/deletelava.php,200,OK,Thread Group 1-43,text,true,191,5578
1370224732594,5568,/deletelava.php,200,OK,Thread Group 1-45,text,true,191,5568
1370224732632,5561,/deletelava.php,200,OK,Thread Group 1-46,text,true,191,5561
1370224732664,5560,/deletelava.php,200,OK,Thread Group 1-47,text,true,191,5560
1370224732696,5558,/deletelava.php,200,OK,Thread Group 1-48,text,true,191,5558
1370224732735,5547,/deletelava.php,200,OK,Thread Group 1-49,text,true,191,5547
1370224732785,5530,/deletelava.php,200,OK,Thread Group 1-50,text,true,191,5530
1370224732833,5628,/deletelava.php,200,OK,Thread Group 1-9,text,true,191,5628
1370224732953,5608,/deletelava.php,200,OK,Thread Group 1-51,text,true,191,5608
1370224733002,5657,/deletelava.php,200,OK,Thread Group 1-10,text,true,191,5657
1370224733220,5473,/deletelava.php,200,OK,Thread Group 1-52,text,true,191,5473
1370224733255,5475,/deletelava.php,200,OK,Thread Group 1-55,text,true,191,5475
1370224733288,5471,/deletelava.php,200,OK,Thread Group 1-14,text,true,191,5471
1370224733327,5464,/deletelava.php,200,OK,Thread Group 1-54,text,true,191,5464
1370224733369,5462,/deletelava.php,200,OK,Thread Group 1-56,text,true,191,5462
1370224733483,5399,/deletelava.php,200,OK,Thread Group 1-53,text,true,191,5399
1370224733561,5357,/deletelava.php,200,OK,Thread Group 1-12,text,true,191,5357
1370224733613,5331,/deletelava.php,200,OK,Thread Group 1-57,text,true,191,5331
1370224733719,5339,/deletelava.php,200,OK,Thread Group 1-58,text,true,191,5339
1370224733754,5351,/deletelava.php,200,OK,Thread Group 1-1,text,true,191,5351
1370224733807,5404,/deletelava.php,200,OK,Thread Group 1-59,text,true,191,5404
1370224733843,5399,/deletelava.php,200,OK,Thread Group 1-13,text,true,191,5399
1370224733880,5467,/deletelava.php,200,OK,Thread Group 1-61,text,true,191,5467
1370224733918,5467,/deletelava.php,200,OK,Thread Group 1-60,text,true,191,5467
1370224733954,5468,/deletelava.php,200,OK,Thread Group 1-62,text,true,191,5468
1370224733997,5455,/deletelava.php,200,OK,Thread Group 1-2,text,true,191,5455
1370224734040,5477,/deletelava.php,200,OK,Thread Group 1-65,text,true,191,5477
1370224734222,5413,/deletelava.php,200,OK,Thread Group 1-66,text,true,191,5413
1370224734263,5424,/deletelava.php,200,OK,Thread Group 1-63,text,true,191,5424
1370224734299,5450,/deletelava.php,200,OK,Thread Group 1-69,text,true,191,5450
1370224734333,5456,/deletelava.php,200,OK,Thread Group 1-67,text,true,191,5456
1370224734383,5496,/deletelava.php,200,OK,Thread Group 1-68,text,true,191,5496
1370224734512,5401,/deletelava.php,200,OK,Thread Group 1-64,text,true,191,5401
1370224734552,5399,/deletelava.php,200,OK,Thread Group 1-70,text,true,191,5399
1370224734588,5404,/deletelava.php,200,OK,Thread Group 1-3,text,true,191,5404
1370224734622,5431,/deletelava.php,200,OK,Thread Group 1-16,text,true,191,5431
1370224734651,5456,/deletelava.php,200,OK,Thread Group 1-72,text,true,191,5456
1370224734688,5558,/deletelava.php,200,OK,Thread Group 1-71,text,true,191,5558
1370224734721,5575,/deletelava.php,200,OK,Thread Group 1-74,text,true,191,5575
1370224734759,5582,/deletelava.php,200,OK,Thread Group 1-22,text,true,191,5582
1370224734786,5590,/deletelava.php,200,OK,Thread Group 1-18,text,true,191,5590
1370224734875,5534,/deletelava.php,200,OK,Thread Group 1-75,text,true,191,5534
1370224734913,5595,/deletelava.php,200,OK,Thread Group 1-44,text,true,191,5595
1370224734946,5611,/deletelava.php,200,OK,Thread Group 1-73,text,true,191,5611
1370224734987,5608,/deletelava.php,200,OK,Thread Group 1-81,text,true,191,5608
1370224735025,5612,/deletelava.php,200,OK,Thread Group 1-78,text,true,191,5612
1370224735060,5607,/deletelava.php,200,OK,Thread Group 1-80,text,true,191,5607
1370224735103,5594,/deletelava.php,200,OK,Thread Group 1-79,text,true,191,5594
1370224735132,5594,/deletelava.php,200,OK,Thread Group 1-82,text,true,191,5594
1370224735169,5651,/deletelava.php,200,OK,Thread Group 1-15,text,true,191,5651
1370224735208,5656,/deletelava.php,200,OK,Thread Group 1-83,text,true,191,5656
1370224735238,5657,/deletelava.php,200,OK,Thread Group 1-76,text,true,191,5657
1370224735276,5652,/deletelava.php,200,OK,Thread Group 1-77,text,true,191,5652
1370224735380,5585,/deletelava.php,200,OK,Thread Group 1-84,text,true,191,5585
1370224735412,5592,/deletelava.php,200,OK,Thread Group 1-85,text,true,191,5592
1370224735463,5577,/deletelava.php,200,OK,Thread Group 1-17,text,true,191,5577
1370224735551,5517,/deletelava.php,200,OK,Thread Group 1-87,text,true,191,5517
1370224735588,5541,/deletelava.php,200,OK,Thread Group 1-88,text,true,191,5541
1370224735688,5504,/deletelava.php,200,OK,Thread Group 1-21,text,true,191,5504
1370224735723,5647,/deletelava.php,200,OK,Thread Group 1-20,text,true,191,5647
1370224735756,5647,/deletelava.php,200,OK,Thread Group 1-89,text,true,191,5647
1370224735788,5647,/deletelava.php,200,OK,Thread Group 1-90,text,true,191,5647
1370224735821,5646,/deletelava.php,200,OK,Thread Group 1-19,text,true,191,5646
1370224735513,5989,/deletelava.php,200,OK,Thread Group 1-86,text,true,191,5989
1370224735859,5676,/deletelava.php,200,OK,Thread Group 1-91,text,true,191,5676
1370224735910,5657,/deletelava.php,200,OK,Thread Group 1-92,text,true,191,5657
1370224735950,5649,/deletelava.php,200,OK,Thread Group 1-25,text,true,191,5649
1370224736144,5486,/deletelava.php,200,OK,Thread Group 1-93,text,true,191,5486
1370224736189,5550,/deletelava.php,200,OK,Thread Group 1-95,text,true,191,5550
1370224736083,5714,/deletelava.php,200,OK,Thread Group 1-94,text,true,191,5714
1370224736250,5576,/deletelava.php,200,OK,Thread Group 1-96,text,true,191,5576
1370224736291,5628,/deletelava.php,200,OK,Thread Group 1-23,text,true,191,5628
1370224736465,5527,/deletelava.php,200,OK,Thread Group 1-97,text,true,191,5527
1370224736666,5359,/deletelava.php,200,OK,Thread Group 1-99,text,true,191,5359
1370224736771,5288,/deletelava.php,200,OK,Thread Group 1-98,text,true,191,5288
1370224736816,5284,/deletelava.php,200,OK,Thread Group 1-100,text,true,191,5284
1370224736870,5252,/deletelava.php,200,OK,Thread Group 1-27,text,true,191,5252
1370224736981,5203,/deletelava.php,200,OK,Thread Group 1-28,text,true,191,5203
1370224737145,5069,/deletelava.php,200,OK,Thread Group 1-30,text,true,191,5069
1370224737145,5099,/deletelava.php,200,OK,Thread Group 1-29,text,true,191,5099
1370224737188,5083,/deletelava.php,200,OK,Thread Group 1-5,text,true,191,5083
1370224737238,5070,/deletelava.php,200,OK,Thread Group 1-4,text,true,191,5070
1370224737362,4972,/deletelava.php,200,OK,Thread Group 1-24,text,true,191,4972
1370224737404,4985,/deletelava.php,200,OK,Thread Group 1-26,text,true,191,4985
1370224737471,4984,/deletelava.php,200,OK,Thread Group 1-32,text,true,191,4984
1370224737502,5053,/deletelava.php,200,OK,Thread Group 1-33,text,true,191,5053
1370224737536,5060,/deletelava.php,200,OK,Thread Group 1-34,text,true,191,5060
1370224737565,5077,/deletelava.php,200,OK,Thread Group 1-6,text,true,191,5077
1370224737598,5097,/deletelava.php,200,OK,Thread Group 1-35,text,true,191,5097
1370224737661,5086,/deletelava.php,200,OK,Thread Group 1-38,text,true,191,5086
1370224737694,5167,/deletelava.php,200,OK,Thread Group 1-36,text,true,191,5167
1370224737767,5134,/deletelava.php,200,OK,Thread Group 1-37,text,true,191,5134
1370224737804,5142,/deletelava.php,200,OK,Thread Group 1-39,text,true,191,5142
1370224737440,5579,/deletelava.php,200,OK,Thread Group 1-31,text,true,191,5579
1370224737840,5280,/deletelava.php,200,OK,Thread Group 1-40,text,true,191,5280
1370224737895,5294,/deletelava.php,200,OK,Thread Group 1-11,text,true,191,5294
1370224737630,5620,/deletelava.php,200,OK,Thread Group 1-8,text,true,191,5620
1370224737930,5402,/deletelava.php,200,OK,Thread Group 1-42,text,true,191,5402
1370224737959,5431,/deletelava.php,200,OK,Thread Group 1-41,text,true,191,5431
1370224738009,5422,/deletelava.php,200,OK,Thread Group 1-7,text,true,191,5422
1370224738125,5362,/deletelava.php,200,OK,Thread Group 1-43,text,true,191,5362
1370224738162,5366,/deletelava.php,200,OK,Thread Group 1-45,text,true,191,5366
1370224738194,5467,/deletelava.php,200,OK,Thread Group 1-46,text,true,191,5467
1370224738225,5482,/deletelava.php,200,OK,Thread Group 1-47,text,true,191,5482
1370224738255,5490,/deletelava.php,200,OK,Thread Group 1-48,text,true,191,5490
1370224738283,5508,/deletelava.php,200,OK,Thread Group 1-49,text,true,191,5508
1370224738315,5517,/deletelava.php,200,OK,Thread Group 1-50,text,true,191,5517
1370224738461,5427,/deletelava.php,200,OK,Thread Group 1-9,text,true,191,5427
1370224738561,5420,/deletelava.php,200,OK,Thread Group 1-51,text,true,191,5420
1370224738659,5352,/deletelava.php,200,OK,Thread Group 1-10,text,true,191,5352
1370224738694,5369,/deletelava.php,200,OK,Thread Group 1-52,text,true,191,5369
1370224738730,5379,/deletelava.php,200,OK,Thread Group 1-55,text,true,191,5379
1370224738760,5390,/deletelava.php,200,OK,Thread Group 1-14,text,true,191,5390
1370224738792,5442,/deletelava.php,200,OK,Thread Group 1-54,text,true,191,5442
1370224738832,5432,/deletelava.php,200,OK,Thread Group 1-56,text,true,191,5432
1370224738883,5410,/deletelava.php,200,OK,Thread Group 1-53,text,true,191,5410
1370224738919,5410,/deletelava.php,200,OK,Thread Group 1-12,text,true,191,5410
1370224738945,5418,/deletelava.php,200,OK,Thread Group 1-57,text,true,191,5418
1370224739059,5339,/deletelava.php,200,OK,Thread Group 1-58,text,true,191,5339
1370224739106,5335,/deletelava.php,200,OK,Thread Group 1-1,text,true,191,5335
1370224739243,5266,/deletelava.php,200,OK,Thread Group 1-13,text,true,191,5266
1370224739212,5299,/deletelava.php,200,OK,Thread Group 1-59,text,true,191,5299
1370224739348,5188,/deletelava.php,200,OK,Thread Group 1-61,text,true,191,5188
1370224739386,5198,/deletelava.php,200,OK,Thread Group 1-60,text,true,191,5198
1370224739422,5197,/deletelava.php,200,OK,Thread Group 1-62,text,true,191,5197
1370224739453,5218,/deletelava.php,200,OK,Thread Group 1-2,text,true,191,5218
1370224739518,5187,/deletelava.php,200,OK,Thread Group 1-65,text,true,191,5187
1370224739635,5111,/deletelava.php,200,OK,Thread Group 1-66,text,true,191,5111
1370224739790,5000,/deletelava.php,200,OK,Thread Group 1-67,text,true,191,5000
1370224739750,5077,/deletelava.php,200,OK,Thread Group 1-69,text,true,191,5077
1370224739879,4983,/deletelava.php,200,OK,Thread Group 1-68,text,true,191,4983
1370224739914,5051,/deletelava.php,200,OK,Thread Group 1-64,text,true,191,5051
1370224739951,5054,/deletelava.php,200,OK,Thread Group 1-70,text,true,191,5054
1370224739993,5056,/deletelava.php,200,OK,Thread Group 1-3,text,true,191,5056
1370224740053,5026,/deletelava.php,200,OK,Thread Group 1-16,text,true,191,5026
1370224740107,5043,/deletelava.php,200,OK,Thread Group 1-72,text,true,191,5043
1370224740296,4984,/deletelava.php,200,OK,Thread Group 1-74,text,true,191,4984
1370224740342,4989,/deletelava.php,200,OK,Thread Group 1-22,text,true,191,4989
1370224740377,5004,/deletelava.php,200,OK,Thread Group 1-18,text,true,191,5004
1370224740410,5064,/deletelava.php,200,OK,Thread Group 1-75,text,true,191,5064
1370224740509,5010,/deletelava.php,200,OK,Thread Group 1-44,text,true,191,5010
1370224740557,5005,/deletelava.php,200,OK,Thread Group 1-73,text,true,191,5005
1370224740595,5001,/deletelava.php,200,OK,Thread Group 1-81,text,true,191,5001
1370224740638,5007,/deletelava.php,200,OK,Thread Group 1-78,text,true,191,5007
1370224740667,5009,/deletelava.php,200,OK,Thread Group 1-80,text,true,191,5009
1370224739687,6042,/deletelava.php,200,OK,Thread Group 1-63,text,true,191,6042
1370224740697,5075,/deletelava.php,200,OK,Thread Group 1-79,text,true,191,5075
1370224740727,5172,/deletelava.php,200,OK,Thread Group 1-82,text,true,191,5172
1370224740820,5113,/deletelava.php,200,OK,Thread Group 1-15,text,true,191,5113
1370224740864,5120,/deletelava.php,200,OK,Thread Group 1-83,text,true,191,5120
1370224740896,5139,/deletelava.php,200,OK,Thread Group 1-76,text,true,191,5139
1370224740928,5240,/deletelava.php,200,OK,Thread Group 1-77,text,true,191,5240
1370224740965,5279,/deletelava.php,200,OK,Thread Group 1-84,text,true,191,5279
1370224741005,5419,/deletelava.php,200,OK,Thread Group 1-85,text,true,191,5419
1370224741041,5421,/deletelava.php,200,OK,Thread Group 1-17,text,true,191,5421
1370224741069,5432,/deletelava.php,200,OK,Thread Group 1-87,text,true,191,5432
1370224741131,5413,/deletelava.php,200,OK,Thread Group 1-88,text,true,191,5413
1370224741193,5393,/deletelava.php,200,OK,Thread Group 1-21,text,true,191,5393
1370224740247,6380,/deletelava.php,200,OK,Thread Group 1-71,text,true,191,6380
1370224741371,5301,/deletelava.php,200,OK,Thread Group 1-20,text,true,191,5301
1370224741404,5312,/deletelava.php,200,OK,Thread Group 1-89,text,true,191,5312
1370224741437,5318,/deletelava.php,200,OK,Thread Group 1-90,text,true,191,5318
1370224741468,5334,/deletelava.php,200,OK,Thread Group 1-19,text,true,191,5334
1370224741503,5351,/deletelava.php,200,OK,Thread Group 1-86,text,true,191,5351
1370224741537,5377,/deletelava.php,200,OK,Thread Group 1-91,text,true,191,5377
1370224741569,5452,/deletelava.php,200,OK,Thread Group 1-92,text,true,191,5452
1370224741601,5451,/deletelava.php,200,OK,Thread Group 1-25,text,true,191,5451
1370224741633,5472,/deletelava.php,200,OK,Thread Group 1-93,text,true,191,5472
1370224741742,5388,/deletelava.php,200,OK,Thread Group 1-95,text,true,191,5388
1370224741800,5358,/deletelava.php,200,OK,Thread Group 1-94,text,true,191,5358
1370224741829,5362,/deletelava.php,200,OK,Thread Group 1-96,text,true,191,5362
1370224741922,5309,/deletelava.php,200,OK,Thread Group 1-23,text,true,191,5309
1370224741995,5279,/deletelava.php,200,OK,Thread Group 1-97,text,true,191,5279
1370224742028,5304,/deletelava.php,200,OK,Thread Group 1-99,text,true,191,5304
1370224742061,5325,/deletelava.php,200,OK,Thread Group 1-98,text,true,191,5325
1370224742102,5332,/deletelava.php,200,OK,Thread Group 1-100,text,true,191,5332
1370224742125,5349,/deletelava.php,200,OK,Thread Group 1-27,text,true,191,5349
1370224742187,5328,/deletelava.php,200,OK,Thread Group 1-28,text,true,191,5328
1370224742216,5334,/deletelava.php,200,OK,Thread Group 1-30,text,true,191,5334
1370224742246,5338,/deletelava.php,200,OK,Thread Group 1-29,text,true,191,5338
1370224742274,5350,/deletelava.php,200,OK,Thread Group 1-5,text,true,191,5350
1370224742310,5349,/deletelava.php,200,OK,Thread Group 1-4,text,true,191,5349
1370224742337,5379,/deletelava.php,200,OK,Thread Group 1-24,text,true,191,5379
1370224742392,5362,/deletelava.php,200,OK,Thread Group 1-26,text,true,191,5362
1370224742457,5341,/deletelava.php,200,OK,Thread Group 1-32,text,true,191,5341
1370224742558,5287,/deletelava.php,200,OK,Thread Group 1-33,text,true,191,5287
1370224742645,5232,/deletelava.php,200,OK,Thread Group 1-6,text,true,191,5232
1370224742697,5274,/deletelava.php,200,OK,Thread Group 1-35,text,true,191,5274
1370224742598,5408,/deletelava.php,200,OK,Thread Group 1-34,text,true,191,5408
1370224742749,5394,/deletelava.php,200,OK,Thread Group 1-38,text,true,191,5394
1370224742863,5340,/deletelava.php,200,OK,Thread Group 1-36,text,true,191,5340
1370224742903,5363,/deletelava.php,200,OK,Thread Group 1-37,text,true,191,5363
1370224742949,5369,/deletelava.php,200,OK,Thread Group 1-39,text,true,191,5369
1370224743021,5334,/deletelava.php,200,OK,Thread Group 1-31,text,true,191,5334
1370224743123,5264,/deletelava.php,200,OK,Thread Group 1-40,text,true,191,5264
1370224743192,5251,/deletelava.php,200,OK,Thread Group 1-11,text,true,191,5251
1370224743252,5280,/deletelava.php,200,OK,Thread Group 1-8,text,true,191,5280
1370224743335,5300,/deletelava.php,200,OK,Thread Group 1-42,text,true,191,5300
1370224743393,5284,/deletelava.php,200,OK,Thread Group 1-41,text,true,191,5284
1370224743434,5292,/deletelava.php,200,OK,Thread Group 1-7,text,true,191,5292
1370224743490,5296,/deletelava.php,200,OK,Thread Group 1-43,text,true,191,5296
1370224743531,5428,/deletelava.php,200,OK,Thread Group 1-45,text,true,191,5428
1370224743663,5356,/deletelava.php,200,OK,Thread Group 1-46,text,true,191,5356
1370224743713,5446,/deletelava.php,200,OK,Thread Group 1-47,text,true,191,5446
1370224743748,5442,/deletelava.php,200,OK,Thread Group 1-48,text,true,191,5442
1370224743794,5551,/deletelava.php,200,OK,Thread Group 1-49,text,true,191,5551
1370224743835,5547,/deletelava.php,200,OK,Thread Group 1-50,text,true,191,5547
1370224743890,5664,/deletelava.php,200,OK,Thread Group 1-9,text,true,191,5664
1370224743983,5625,/deletelava.php,200,OK,Thread Group 1-51,text,true,191,5625
1370224744014,5782,/deletelava.php,200,OK,Thread Group 1-10,text,true,191,5782
1370224744065,5782,/deletelava.php,200,OK,Thread Group 1-52,text,true,191,5782
1370224744111,5790,/deletelava.php,200,OK,Thread Group 1-55,text,true,191,5790
1370224744152,5790,/deletelava.php,200,OK,Thread Group 1-14,text,true,191,5790
1370224744236,5819,/deletelava.php,200,OK,Thread Group 1-54,text,true,191,5819
1370224744266,5835,/deletelava.php,200,OK,Thread Group 1-56,text,true,191,5835
1370224744295,5849,/deletelava.php,200,OK,Thread Group 1-53,text,true,191,5849
1370224744331,5849,/deletelava.php,200,OK,Thread Group 1-12,text,true,191,5849
1370224744365,5921,/deletelava.php,200,OK,Thread Group 1-57,text,true,191,5921
1370224744444,5896,/deletelava.php,200,OK,Thread Group 1-1,text,true,191,5896
1370224744511,5875,/deletelava.php,200,OK,Thread Group 1-13,text,true,191,5875
1370224744513,5967,/deletelava.php,200,OK,Thread Group 1-59,text,true,191,5967
1370224744539,6052,/deletelava.php,200,OK,Thread Group 1-61,text,true,191,6052
1370224744400,6235,/deletelava.php,200,OK,Thread Group 1-58,text,true,191,6235
1370224744587,6077,/deletelava.php,200,OK,Thread Group 1-60,text,true,191,6077
1370224744621,6081,/deletelava.php,200,OK,Thread Group 1-62,text,true,191,6081
1370224744673,6059,/deletelava.php,200,OK,Thread Group 1-2,text,true,191,6059
1370224744707,6062,/deletelava.php,200,OK,Thread Group 1-65,text,true,191,6062
1370224744749,6053,/deletelava.php,200,OK,Thread Group 1-66,text,true,191,6053
1370224744792,6041,/deletelava.php,200,OK,Thread Group 1-67,text,true,191,6041
1370224744865,6007,/deletelava.php,200,OK,Thread Group 1-68,text,true,191,6007
1370224744967,5943,/deletelava.php,200,OK,Thread Group 1-64,text,true,191,5943
1370224744829,6110,/deletelava.php,200,OK,Thread Group 1-69,text,true,191,6110
1370224745007,6000,/deletelava.php,200,OK,Thread Group 1-70,text,true,191,6000
1370224745052,5988,/deletelava.php,200,OK,Thread Group 1-3,text,true,191,5988
1370224745081,5988,/deletelava.php,200,OK,Thread Group 1-16,text,true,191,5988
1370224745153,5949,/deletelava.php,200,OK,Thread Group 1-72,text,true,191,5949
1370224745283,5845,/deletelava.php,200,OK,Thread Group 1-74,text,true,191,5845
1370224745334,5829,/deletelava.php,200,OK,Thread Group 1-22,text,true,191,5829
1370224745383,5811,/deletelava.php,200,OK,Thread Group 1-18,text,true,191,5811
1370224745476,5752,/deletelava.php,200,OK,Thread Group 1-75,text,true,191,5752
1370224745521,5761,/deletelava.php,200,OK,Thread Group 1-44,text,true,191,5761
1370224745564,5782,/deletelava.php,200,OK,Thread Group 1-73,text,true,191,5782
1370224745599,5786,/deletelava.php,200,OK,Thread Group 1-81,text,true,191,5786
1370224745648,5785,/deletelava.php,200,OK,Thread Group 1-78,text,true,191,5785
1370224745679,5851,/deletelava.php,200,OK,Thread Group 1-80,text,true,191,5851
1370224745731,5829,/deletelava.php,200,OK,Thread Group 1-63,text,true,191,5829
1370224745774,5815,/deletelava.php,200,OK,Thread Group 1-79,text,true,191,5815
1370224745902,5732,/deletelava.php,200,OK,Thread Group 1-82,text,true,191,5732
1370224745936,5710,/deletelava.php,200,OK,Thread Group 1-15,text,true,191,5710
1370224745987,5690,/deletelava.php,200,OK,Thread Group 1-83,text,true,191,5690
1370224746038,5669,/deletelava.php,200,OK,Thread Group 1-76,text,true,191,5669
1370224746171,5574,/deletelava.php,200,OK,Thread Group 1-77,text,true,191,5574
1370224746247,5552,/deletelava.php,200,OK,Thread Group 1-84,text,true,191,5552
1370224746426,5397,/deletelava.php,200,OK,Thread Group 1-85,text,true,191,5397
1370224746466,5390,/deletelava.php,200,OK,Thread Group 1-17,text,true,191,5390
1370224746503,5383,/deletelava.php,200,OK,Thread Group 1-87,text,true,191,5383
1370224746547,5374,/deletelava.php,200,OK,Thread Group 1-88,text,true,191,5374
1370224746587,5387,/deletelava.php,200,OK,Thread Group 1-21,text,true,191,5387
1370224746630,5439,/deletelava.php,200,OK,Thread Group 1-71,text,true,191,5439
1370224746673,5457,/deletelava.php,200,OK,Thread Group 1-20,text,true,191,5457
1370224746718,5543,/deletelava.php,200,OK,Thread Group 1-89,text,true,191,5543
1370224746757,5536,/deletelava.php,200,OK,Thread Group 1-90,text,true,191,5536
1370224746803,5521,/deletelava.php,200,OK,Thread Group 1-19,text,true,191,5521
1370224746855,5492,/deletelava.php,200,OK,Thread Group 1-86,text,true,191,5492
1370224746919,5481,/deletelava.php,200,OK,Thread Group 1-91,text,true,191,5481
1370224747023,5420,/deletelava.php,200,OK,Thread Group 1-92,text,true,191,5420
1370224747053,5413,/deletelava.php,200,OK,Thread Group 1-25,text,true,191,5413
1370224747106,5391,/deletelava.php,200,OK,Thread Group 1-93,text,true,191,5391
1370224747132,5393,/deletelava.php,200,OK,Thread Group 1-95,text,true,191,5393
1370224747159,5398,/deletelava.php,200,OK,Thread Group 1-94,text,true,191,5398
1370224747194,5407,/deletelava.php,200,OK,Thread Group 1-96,text,true,191,5407
1370224747232,5402,/deletelava.php,200,OK,Thread Group 1-23,text,true,191,5402
1370224747275,5402,/deletelava.php,200,OK,Thread Group 1-97,text,true,191,5402
1370224747333,5382,/deletelava.php,200,OK,Thread Group 1-99,text,true,191,5382
1370224747388,5468,/deletelava.php,200,OK,Thread Group 1-98,text,true,191,5468
1370224747436,5477,/deletelava.php,200,OK,Thread Group 1-100,text,true,191,5477
1370224747476,5490,/deletelava.php,200,OK,Thread Group 1-27,text,true,191,5490
1370224747517,5554,/deletelava.php,200,OK,Thread Group 1-28,text,true,191,5554
1370224747552,5569,/deletelava.php,200,OK,Thread Group 1-30,text,true,191,5569
1370224747586,5566,/deletelava.php,200,OK,Thread Group 1-29,text,true,191,5566
1370224747626,5595,/deletelava.php,200,OK,Thread Group 1-5,text,true,191,5595
1370224747661,5606,/deletelava.php,200,OK,Thread Group 1-4,text,true,191,5606
1370224747717,5613,/deletelava.php,200,OK,Thread Group 1-24,text,true,191,5613
1370224747799,5624,/deletelava.php,200,OK,Thread Group 1-32,text,true,191,5624
1370224747846,5620,/deletelava.php,200,OK,Thread Group 1-33,text,true,191,5620
1370224747756,5755,/deletelava.php,200,OK,Thread Group 1-26,text,true,191,5755
1370224747972,5601,/deletelava.php,200,OK,Thread Group 1-35,text,true,191,5601
1370224747878,5795,/deletelava.php,200,OK,Thread Group 1-6,text,true,191,5795
1370224748007,5703,/deletelava.php,200,OK,Thread Group 1-34,text,true,191,5703
1370224748145,5661,/deletelava.php,200,OK,Thread Group 1-38,text,true,191,5661
1370224748204,5694,/deletelava.php,200,OK,Thread Group 1-36,text,true,191,5694
1370224748268,5723,/deletelava.php,200,OK,Thread Group 1-37,text,true,191,5723
1370224748319,5724,/deletelava.php,200,OK,Thread Group 1-39,text,true,191,5724
1370224748357,5746,/deletelava.php,200,OK,Thread Group 1-31,text,true,191,5746
1370224748388,5781,/deletelava.php,200,OK,Thread Group 1-40,text,true,191,5781
1370224748445,5819,/deletelava.php,200,OK,Thread Group 1-11,text,true,191,5819
1370224748534,5768,/deletelava.php,200,OK,Thread Group 1-8,text,true,191,5768
1370224748636,5708,/deletelava.php,200,OK,Thread Group 1-42,text,true,191,5708
1370224748679,5702,/deletelava.php,200,OK,Thread Group 1-41,text,true,191,5702
1370224748728,5683,/deletelava.php,200,OK,Thread Group 1-7,text,true,191,5683
1370224748789,5653,/deletelava.php,200,OK,Thread Group 1-43,text,true,191,5653
1370224748960,5535,/deletelava.php,200,OK,Thread Group 1-45,text,true,191,5535
1370224749021,5524,/deletelava.php,200,OK,Thread Group 1-46,text,true,191,5524
1370224749161,5477,/deletelava.php,200,OK,Thread Group 1-47,text,true,191,5477
1370224749192,5519,/deletelava.php,200,OK,Thread Group 1-48,text,true,191,5519
1370224749347,5407,/deletelava.php,200,OK,Thread Group 1-49,text,true,191,5407
1370224749386,5410,/deletelava.php,200,OK,Thread Group 1-50,text,true,191,5410
1370224749559,5279,/deletelava.php,200,OK,Thread Group 1-9,text,true,191,5279
1370224749610,5267,/deletelava.php,200,OK,Thread Group 1-51,text,true,191,5267
1370224749798,5125,/deletelava.php,200,OK,Thread Group 1-10,text,true,191,5125
1370224749851,5112,/deletelava.php,200,OK,Thread Group 1-52,text,true,191,5112
1370224749902,5099,/deletelava.php,200,OK,Thread Group 1-55,text,true,191,5099
1370224749944,5090,/deletelava.php,200,OK,Thread Group 1-14,text,true,191,5090
1370224750059,5015,/deletelava.php,200,OK,Thread Group 1-54,text,true,191,5015
1370224750102,5007,/deletelava.php,200,OK,Thread Group 1-56,text,true,191,5007
1370224750145,5002,/deletelava.php,200,OK,Thread Group 1-53,text,true,191,5002
1370224750183,5066,/deletelava.php,200,OK,Thread Group 1-12,text,true,191,5066
1370224750342,4964,/deletelava.php,200,OK,Thread Group 1-1,text,true,191,4964
1370224750387,5097,/deletelava.php,200,OK,Thread Group 1-13,text,true,191,5097
1370224750482,5046,/deletelava.php,200,OK,Thread Group 1-59,text,true,191,5046
1370224750592,5065,/deletelava.php,200,OK,Thread Group 1-61,text,true,191,5065
1370224750636,5049,/deletelava.php,200,OK,Thread Group 1-58,text,true,191,5049
1370224750666,5067,/deletelava.php,200,OK,Thread Group 1-60,text,true,191,5067
1370224750704,5071,/deletelava.php,200,OK,Thread Group 1-62,text,true,191,5071
1370224750734,5133,/deletelava.php,200,OK,Thread Group 1-2,text,true,191,5133
1370224750771,5127,/deletelava.php,200,OK,Thread Group 1-65,text,true,191,5127
1370224750804,5136,/deletelava.php,200,OK,Thread Group 1-66,text,true,191,5136
1370224750834,5139,/deletelava.php,200,OK,Thread Group 1-67,text,true,191,5139
1370224750873,5137,/deletelava.php,200,OK,Thread Group 1-68,text,true,191,5137
1370224750912,5139,/deletelava.php,200,OK,Thread Group 1-64,text,true,191,5139
1370224750287,5815,/deletelava.php,200,OK,Thread Group 1-57,text,true,191,5815
1370224750940,5196,/deletelava.php,200,OK,Thread Group 1-69,text,true,191,5196
1370224751008,5172,/deletelava.php,200,OK,Thread Group 1-70,text,true,191,5172
1370224751070,5247,/deletelava.php,200,OK,Thread Group 1-16,text,true,191,5247
1370224751041,5321,/deletelava.php,200,OK,Thread Group 1-3,text,true,191,5321
1370224751103,5298,/deletelava.php,200,OK,Thread Group 1-72,text,true,191,5298
1370224751128,5313,/deletelava.php,200,OK,Thread Group 1-74,text,true,191,5313
1370224751164,5337,/deletelava.php,200,OK,Thread Group 1-22,text,true,191,5337
1370224751195,5337,/deletelava.php,200,OK,Thread Group 1-18,text,true,191,5337
1370224751228,5348,/deletelava.php,200,OK,Thread Group 1-75,text,true,191,5348
1370224751283,5337,/deletelava.php,200,OK,Thread Group 1-44,text,true,191,5337
1370224751346,5384,/deletelava.php,200,OK,Thread Group 1-73,text,true,191,5384
1370224751386,5453,/deletelava.php,200,OK,Thread Group 1-81,text,true,191,5453
1370224751434,5443,/deletelava.php,200,OK,Thread Group 1-78,text,true,191,5443
1370224751530,5447,/deletelava.php,200,OK,Thread Group 1-80,text,true,191,5447
1370224751560,5446,/deletelava.php,200,OK,Thread Group 1-63,text,true,191,5446
1370224751590,5442,/deletelava.php,200,OK,Thread Group 1-79,text,true,191,5442
1370224751634,5431,/deletelava.php,200,OK,Thread Group 1-82,text,true,191,5431
1370224751647,5464,/deletelava.php,200,OK,Thread Group 1-15,text,true,191,5464
1370224751677,5528,/deletelava.php,200,OK,Thread Group 1-83,text,true,191,5528
1370224751707,5532,/deletelava.php,200,OK,Thread Group 1-76,text,true,191,5532
1370224751745,5529,/deletelava.php,200,OK,Thread Group 1-77,text,true,191,5529
1370224751800,5508,/deletelava.php,200,OK,Thread Group 1-84,text,true,191,5508
1370224751824,5516,/deletelava.php,200,OK,Thread Group 1-85,text,true,191,5516
1370224751856,5553,/deletelava.php,200,OK,Thread Group 1-17,text,true,191,5553
1370224751887,5556,/deletelava.php,200,OK,Thread Group 1-87,text,true,191,5556
1370224751921,5702,/deletelava.php,200,OK,Thread Group 1-88,text,true,191,5702
1370224751974,5695,/deletelava.php,200,OK,Thread Group 1-21,text,true,191,5695
1370224752069,5720,/deletelava.php,200,OK,Thread Group 1-71,text,true,191,5720
1370224752130,5693,/deletelava.php,200,OK,Thread Group 1-20,text,true,191,5693
1370224752261,5593,/deletelava.php,200,OK,Thread Group 1-89,text,true,191,5593
1370224752294,5597,/deletelava.php,200,OK,Thread Group 1-90,text,true,191,5597
1370224752325,5602,/deletelava.php,200,OK,Thread Group 1-19,text,true,191,5602
1370224752348,5611,/deletelava.php,200,OK,Thread Group 1-86,text,true,191,5611
1370224752400,5596,/deletelava.php,200,OK,Thread Group 1-91,text,true,191,5596
1370224752444,5585,/deletelava.php,200,OK,Thread Group 1-92,text,true,191,5585
1370224752467,5598,/deletelava.php,200,OK,Thread Group 1-25,text,true,191,5598
1370224752498,5605,/deletelava.php,200,OK,Thread Group 1-93,text,true,191,5605
1370224752525,5623,/deletelava.php,200,OK,Thread Group 1-95,text,true,191,5623
1370224752558,5625,/deletelava.php,200,OK,Thread Group 1-94,text,true,191,5625
1370224752602,5608,/deletelava.php,200,OK,Thread Group 1-96,text,true,191,5608
1370224752635,5619,/deletelava.php,200,OK,Thread Group 1-23,text,true,191,5619
1370224752678,5628,/deletelava.php,200,OK,Thread Group 1-97,text,true,191,5628
1370224752715,5636,/deletelava.php,200,OK,Thread Group 1-99,text,true,191,5636
1370224752860,5630,/deletelava.php,200,OK,Thread Group 1-98,text,true,191,5630
1370224752914,5631,/deletelava.php,200,OK,Thread Group 1-100,text,true,191,5631
1370224752966,5702,/deletelava.php,200,OK,Thread Group 1-27,text,true,191,5702
1370224753072,5625,/deletelava.php,200,OK,Thread Group 1-28,text,true,191,5625
1370224753122,5607,/deletelava.php,200,OK,Thread Group 1-30,text,true,191,5607
1370224753153,5608,/deletelava.php,200,OK,Thread Group 1-29,text,true,191,5608
1370224753221,5578,/deletelava.php,200,OK,Thread Group 1-5,text,true,191,5578
1370224753267,5588,/deletelava.php,200,OK,Thread Group 1-4,text,true,191,5588
1370224753331,5625,/deletelava.php,200,OK,Thread Group 1-24,text,true,191,5625
1370224753424,5582,/deletelava.php,200,OK,Thread Group 1-32,text,true,191,5582
1370224753466,5577,/deletelava.php,200,OK,Thread Group 1-33,text,true,191,5577
1370224753511,5599,/deletelava.php,200,OK,Thread Group 1-26,text,true,191,5599
1370224753574,5602,/deletelava.php,200,OK,Thread Group 1-35,text,true,191,5602
1370224753674,5596,/deletelava.php,200,OK,Thread Group 1-6,text,true,191,5596
1370224753713,5589,/deletelava.php,200,OK,Thread Group 1-34,text,true,191,5589
1370224753807,5560,/deletelava.php,200,OK,Thread Group 1-38,text,true,191,5560
1370224753899,5515,/deletelava.php,200,OK,Thread Group 1-36,text,true,191,5515
1370224753992,5458,/deletelava.php,200,OK,Thread Group 1-37,text,true,191,5458
1370224754044,5554,/deletelava.php,200,OK,Thread Group 1-39,text,true,191,5554
1370224754104,5536,/deletelava.php,200,OK,Thread Group 1-31,text,true,191,5536
1370224754169,5589,/deletelava.php,200,OK,Thread Group 1-40,text,true,191,5589
1370224754264,5545,/deletelava.php,200,OK,Thread Group 1-11,text,true,191,5545
1370224754303,5558,/deletelava.php,200,OK,Thread Group 1-8,text,true,191,5558
1370224754344,5542,/deletelava.php,200,OK,Thread Group 1-42,text,true,191,5542
1370224754382,5547,/deletelava.php,200,OK,Thread Group 1-41,text,true,191,5547
1370224754412,5571,/deletelava.php,200,OK,Thread Group 1-7,text,true,191,5571
1370224754442,5668,/deletelava.php,200,OK,Thread Group 1-43,text,true,191,5668
1370224754496,5659,/deletelava.php,200,OK,Thread Group 1-45,text,true,191,5659
1370224754546,5660,/deletelava.php,200,OK,Thread Group 1-46,text,true,191,5660
1370224754639,5620,/deletelava.php,200,OK,Thread Group 1-47,text,true,191,5620
1370224754711,5649,/deletelava.php,200,OK,Thread Group 1-48,text,true,191,5649
1370224754755,5645,/deletelava.php,200,OK,Thread Group 1-49,text,true,191,5645
1370224754797,5645,/deletelava.php,200,OK,Thread Group 1-50,text,true,191,5645
1370224754839,5655,/deletelava.php,200,OK,Thread Group 1-9,text,true,191,5655
1370224754877,5780,/deletelava.php,200,OK,Thread Group 1-51,text,true,191,5780
1370224754924,5802,/deletelava.php,200,OK,Thread Group 1-10,text,true,191,5802
1370224754963,5826,/deletelava.php,200,OK,Thread Group 1-52,text,true,191,5826
1370224755001,5928,/deletelava.php,200,OK,Thread Group 1-55,text,true,191,5928
1370224755034,5935,/deletelava.php,200,OK,Thread Group 1-14,text,true,191,5935
1370224755075,5938,/deletelava.php,200,OK,Thread Group 1-54,text,true,191,5938
1370224755109,5949,/deletelava.php,200,OK,Thread Group 1-56,text,true,191,5949
1370224755250,5905,/deletelava.php,200,OK,Thread Group 1-12,text,true,191,5905
1370224755307,5899,/deletelava.php,200,OK,Thread Group 1-1,text,true,191,5899
1370224755148,6094,/deletelava.php,200,OK,Thread Group 1-53,text,true,191,6094
1370224755484,5802,/deletelava.php,200,OK,Thread Group 1-13,text,true,191,5802
1370224755529,5806,/deletelava.php,200,OK,Thread Group 1-59,text,true,191,5806
1370224755657,5725,/deletelava.php,200,OK,Thread Group 1-61,text,true,191,5725
1370224755686,5790,/deletelava.php,200,OK,Thread Group 1-58,text,true,191,5790
1370224755734,5786,/deletelava.php,200,OK,Thread Group 1-60,text,true,191,5786
1370224755776,5815,/deletelava.php,200,OK,Thread Group 1-62,text,true,191,5815
1370224755898,5847,/deletelava.php,200,OK,Thread Group 1-65,text,true,191,5847
1370224755867,5924,/deletelava.php,200,OK,Thread Group 1-2,text,true,191,5924
1370224755974,5960,/deletelava.php,200,OK,Thread Group 1-67,text,true,191,5960
1370224756012,5981,/deletelava.php,200,OK,Thread Group 1-68,text,true,191,5981
1370224756053,5976,/deletelava.php,200,OK,Thread Group 1-64,text,true,191,5976
1370224755940,6199,/deletelava.php,200,OK,Thread Group 1-66,text,true,191,6199
1370224756103,6091,/deletelava.php,200,OK,Thread Group 1-57,text,true,191,6091
1370224756137,6182,/deletelava.php,200,OK,Thread Group 1-69,text,true,191,6182
1370224756183,6181,/deletelava.php,200,OK,Thread Group 1-70,text,true,191,6181
1370224756319,6091,/deletelava.php,200,OK,Thread Group 1-16,text,true,191,6091
1370224756364,6073,/deletelava.php,200,OK,Thread Group 1-3,text,true,191,6073
1370224756404,6062,/deletelava.php,200,OK,Thread Group 1-72,text,true,191,6062
1370224756503,6000,/deletelava.php,200,OK,Thread Group 1-22,text,true,191,6000
1370224756534,6023,/deletelava.php,200,OK,Thread Group 1-18,text,true,191,6023
1370224756579,6024,/deletelava.php,200,OK,Thread Group 1-75,text,true,191,6024
1370224756444,6284,/deletelava.php,200,OK,Thread Group 1-74,text,true,191,6284
1370224756733,6065,/deletelava.php,200,OK,Thread Group 1-73,text,true,191,6065
1370224756623,6296,/deletelava.php,200,OK,Thread Group 1-44,text,true,191,6296
1370224756841,6137,/deletelava.php,200,OK,Thread Group 1-81,text,true,191,6137
1370224756880,6222,/deletelava.php,200,OK,Thread Group 1-78,text,true,191,6222
1370224756980,6159,/deletelava.php,200,OK,Thread Group 1-80,text,true,191,6159
1370224757008,6189,/deletelava.php,200,OK,Thread Group 1-63,text,true,191,6189
1370224757035,6222,/deletelava.php,200,OK,Thread Group 1-79,text,true,191,6222
1370224757067,6294,/deletelava.php,200,OK,Thread Group 1-82,text,true,191,6294
1370224757113,6316,/deletelava.php,200,OK,Thread Group 1-15,text,true,191,6316
1370224757208,6430,/deletelava.php,200,OK,Thread Group 1-83,text,true,191,6430
1370224757241,6471,/deletelava.php,200,OK,Thread Group 1-76,text,true,191,6471
1370224757277,6533,/deletelava.php,200,OK,Thread Group 1-77,text,true,191,6533
1370224757311,6546,/deletelava.php,200,OK,Thread Group 1-84,text,true,191,6546
1370224757342,6567,/deletelava.php,200,OK,Thread Group 1-85,text,true,191,6567
1370224757412,6614,/deletelava.php,200,OK,Thread Group 1-17,text,true,191,6614
1370224757445,6754,/deletelava.php,200,OK,Thread Group 1-87,text,true,191,6754
1370224757625,6619,/deletelava.php,200,OK,Thread Group 1-88,text,true,191,6619
1370224757672,6619,/deletelava.php,200,OK,Thread Group 1-21,text,true,191,6619
1370224757791,6547,/deletelava.php,200,OK,Thread Group 1-71,text,true,191,6547
1370224757825,6642,/deletelava.php,200,OK,Thread Group 1-20,text,true,191,6642
1370224757856,6826,/deletelava.php,200,OK,Thread Group 1-89,text,true,191,6826
1370224757894,6886,/deletelava.php,200,OK,Thread Group 1-90,text,true,191,6886
1370224757930,6940,/deletelava.php,200,OK,Thread Group 1-19,text,true,191,6940
1370224757962,6954,/deletelava.php,200,OK,Thread Group 1-86,text,true,191,6954
1370224757999,7016,/deletelava.php,200,OK,Thread Group 1-91,text,true,191,7016
1370224758068,6989,/deletelava.php,200,OK,Thread Group 1-25,text,true,191,6989
1370224758105,7022,/deletelava.php,200,OK,Thread Group 1-93,text,true,191,7022
1370224758151,7077,/deletelava.php,200,OK,Thread Group 1-95,text,true,191,7077
1370224758186,7102,/deletelava.php,200,OK,Thread Group 1-94,text,true,191,7102
1370224758212,7129,/deletelava.php,200,OK,Thread Group 1-96,text,true,191,7129
1370224758257,7229,/deletelava.php,200,OK,Thread Group 1-23,text,true,191,7229
1370224758031,7515,/deletelava.php,200,OK,Thread Group 1-92,text,true,191,7515
1370224758309,7294,/deletelava.php,200,OK,Thread Group 1-97,text,true,191,7294
1370224758353,7369,/deletelava.php,200,OK,Thread Group 1-99,text,true,191,7369
1370224758492,7270,/deletelava.php,200,OK,Thread Group 1-98,text,true,191,7270
1370224758547,7360,/deletelava.php,200,OK,Thread Group 1-100,text,true,191,7360
1370224758671,7271,/deletelava.php,200,OK,Thread Group 1-27,text,true,191,7271
1370224758700,7271,/deletelava.php,200,OK,Thread Group 1-28,text,true,191,7271
1370224758732,7266,/deletelava.php,200,OK,Thread Group 1-30,text,true,191,7266
1370224758763,7343,/deletelava.php,200,OK,Thread Group 1-29,text,true,191,7343
1370224758802,7398,/deletelava.php,200,OK,Thread Group 1-5,text,true,191,7398
1370224758857,7466,/deletelava.php,200,OK,Thread Group 1-4,text,true,191,7466
1370224758958,7430,/deletelava.php,200,OK,Thread Group 1-24,text,true,191,7430
1370224759009,7634,/deletelava.php,200,OK,Thread Group 1-32,text,true,191,7634
1370224759046,7703,/deletelava.php,200,OK,Thread Group 1-33,text,true,191,7703
1370224759112,7668,/deletelava.php,200,OK,Thread Group 1-26,text,true,191,7668
1370224759178,7633,/deletelava.php,200,OK,Thread Group 1-35,text,true,191,7633
1370224759273,7566,/deletelava.php,200,OK,Thread Group 1-6,text,true,191,7566
1370224759304,7580,/deletelava.php,200,OK,Thread Group 1-34,text,true,191,7580
1370224759370,7553,/deletelava.php,200,OK,Thread Group 1-38,text,true,191,7553
1370224759417,7544,/deletelava.php,200,OK,Thread Group 1-36,text,true,191,7544
1370224759452,7535,/deletelava.php,200,OK,Thread Group 1-37,text,true,191,7535
1370224759600,7415,/deletelava.php,200,OK,Thread Group 1-39,text,true,191,7415
1370224759642,7406,/deletelava.php,200,OK,Thread Group 1-31,text,true,191,7406
1370224759761,7315,/deletelava.php,200,OK,Thread Group 1-40,text,true,191,7315
1370224759811,7306,/deletelava.php,200,OK,Thread Group 1-11,text,true,191,7306
1370224759863,7317,/deletelava.php,200,OK,Thread Group 1-8,text,true,191,7317
1370224759889,7364,/deletelava.php,200,OK,Thread Group 1-42,text,true,191,7364
1370224759932,7381,/deletelava.php,200,OK,Thread Group 1-41,text,true,191,7381
1370224759986,7387,/deletelava.php,200,OK,Thread Group 1-7,text,true,191,7387
1370224760112,7306,/deletelava.php,200,OK,Thread Group 1-43,text,true,191,7306
1370224760157,7411,/deletelava.php,200,OK,Thread Group 1-45,text,true,191,7411
1370224760208,7393,/deletelava.php,200,OK,Thread Group 1-46,text,true,191,7393
1370224760262,7384,/deletelava.php,200,OK,Thread Group 1-47,text,true,191,7384
1370224760363,7318,/deletelava.php,200,OK,Thread Group 1-48,text,true,191,7318
1370224760403,7325,/deletelava.php,200,OK,Thread Group 1-49,text,true,191,7325
1370224760445,7341,/deletelava.php,200,OK,Thread Group 1-50,text,true,191,7341
1370224760497,7410,/deletelava.php,200,OK,Thread Group 1-9,text,true,191,7410
1370224760660,7298,/deletelava.php,200,OK,Thread Group 1-51,text,true,191,7298
1370224760729,7306,/deletelava.php,200,OK,Thread Group 1-10,text,true,191,7306
1370224760792,7384,/deletelava.php,200,OK,Thread Group 1-52,text,true,191,7384
1370224760931,7297,/deletelava.php,200,OK,Thread Group 1-55,text,true,191,7297
1370224760971,7311,/deletelava.php,200,OK,Thread Group 1-14,text,true,191,7311
1370224761015,7305,/deletelava.php,200,OK,Thread Group 1-54,text,true,191,7305
1370224761060,7292,/deletelava.php,200,OK,Thread Group 1-56,text,true,191,7292
1370224761157,7228,/deletelava.php,200,OK,Thread Group 1-12,text,true,191,7228
1370224761245,7250,/deletelava.php,200,OK,Thread Group 1-53,text,true,191,7250
1370224761289,7238,/deletelava.php,200,OK,Thread Group 1-13,text,true,191,7238
1370224761338,7224,/deletelava.php,200,OK,Thread Group 1-59,text,true,191,7224
1370224761384,7221,/deletelava.php,200,OK,Thread Group 1-61,text,true,191,7221
1370224761478,7178,/deletelava.php,200,OK,Thread Group 1-58,text,true,191,7178
1370224761523,7189,/deletelava.php,200,OK,Thread Group 1-60,text,true,191,7189
1370224761593,7226,/deletelava.php,200,OK,Thread Group 1-62,text,true,191,7226
1370224761748,7120,/deletelava.php,200,OK,Thread Group 1-65,text,true,191,7120
1370224761937,6982,/deletelava.php,200,OK,Thread Group 1-67,text,true,191,6982
1370224761995,6980,/deletelava.php,200,OK,Thread Group 1-68,text,true,191,6980
1370224762031,7055,/deletelava.php,200,OK,Thread Group 1-64,text,true,191,7055
1370224762142,7014,/deletelava.php,200,OK,Thread Group 1-66,text,true,191,7014
1370224762196,7020,/deletelava.php,200,OK,Thread Group 1-57,text,true,191,7020
1370224762321,7013,/deletelava.php,200,OK,Thread Group 1-69,text,true,191,7013
1370224762366,7060,/deletelava.php,200,OK,Thread Group 1-70,text,true,191,7060
1370224762411,7139,/deletelava.php,200,OK,Thread Group 1-16,text,true,191,7139
1370224762468,7149,/deletelava.php,200,OK,Thread Group 1-72,text,true,191,7149
1370224762558,7192,/deletelava.php,200,OK,Thread Group 1-18,text,true,191,7192
1370224762604,7223,/deletelava.php,200,OK,Thread Group 1-75,text,true,191,7223
1370224762729,7134,/deletelava.php,200,OK,Thread Group 1-74,text,true,191,7134
1370224762799,7174,/deletelava.php,200,OK,Thread Group 1-73,text,true,191,7174
1370224762505,7508,/deletelava.php,200,OK,Thread Group 1-22,text,true,191,7508
1370224762921,7144,/deletelava.php,200,OK,Thread Group 1-44,text,true,191,7144
1370224762979,7123,/deletelava.php,200,OK,Thread Group 1-81,text,true,191,7123
1370224763104,7125,/deletelava.php,200,OK,Thread Group 1-78,text,true,191,7125
1370224763141,7122,/deletelava.php,200,OK,Thread Group 1-80,text,true,191,7122
1370224763199,7095,/deletelava.php,200,OK,Thread Group 1-63,text,true,191,7095
1370224763259,7071,/deletelava.php,200,OK,Thread Group 1-79,text,true,191,7071
1370224763363,7023,/deletelava.php,200,OK,Thread Group 1-82,text,true,191,7023
1370224763430,7047,/deletelava.php,200,OK,Thread Group 1-15,text,true,191,7047
1370224763640,6900,/deletelava.php,200,OK,Thread Group 1-83,text,true,191,6900
1370224763713,6882,/deletelava.php,200,OK,Thread Group 1-76,text,true,191,6882
1370224763811,6920,/deletelava.php,200,OK,Thread Group 1-77,text,true,191,6920
1370224763858,6937,/deletelava.php,200,OK,Thread Group 1-84,text,true,191,6937
1370224763910,6931,/deletelava.php,200,OK,Thread Group 1-85,text,true,191,6931
1370224764027,6917,/deletelava.php,200,OK,Thread Group 1-17,text,true,191,6917
1370224764200,6777,/deletelava.php,200,OK,Thread Group 1-87,text,true,191,6777
1370224764245,6763,/deletelava.php,200,OK,Thread Group 1-88,text,true,191,6763
1370224764292,6751,/deletelava.php,200,OK,Thread Group 1-21,text,true,191,6751
1370224764339,6730,/deletelava.php,200,OK,Thread Group 1-71,text,true,191,6730
1370224764469,6634,/deletelava.php,200,OK,Thread Group 1-20,text,true,191,6634
1370224764684,6453,/deletelava.php,200,OK,Thread Group 1-89,text,true,191,6453
1370224764782,6392,/deletelava.php,200,OK,Thread Group 1-90,text,true,191,6392
1370224764871,6342,/deletelava.php,200,OK,Thread Group 1-19,text,true,191,6342
1370224764918,6338,/deletelava.php,200,OK,Thread Group 1-86,text,true,191,6338
1370224765016,6283,/deletelava.php,200,OK,Thread Group 1-91,text,true,191,6283
1370224765059,6286,/deletelava.php,200,OK,Thread Group 1-25,text,true,191,6286
1370224765128,6249,/deletelava.php,200,OK,Thread Group 1-93,text,true,191,6249
1370224765289,6128,/deletelava.php,200,OK,Thread Group 1-94,text,true,191,6128
1370224765343,6101,/deletelava.php,200,OK,Thread Group 1-96,text,true,191,6101
1370224765488,5995,/deletelava.php,200,OK,Thread Group 1-23,text,true,191,5995
1370224765230,6350,/deletelava.php,200,OK,Thread Group 1-95,text,true,191,6350
1370224765547,6069,/deletelava.php,200,OK,Thread Group 1-92,text,true,191,6069
1370224765604,6104,/deletelava.php,200,OK,Thread Group 1-97,text,true,191,6104
1370224765724,6024,/deletelava.php,200,OK,Thread Group 1-99,text,true,191,6024
1370224765764,6019,/deletelava.php,200,OK,Thread Group 1-98,text,true,191,6019
1370224765909,5920,/deletelava.php,200,OK,Thread Group 1-100,text,true,191,5920
1370224765943,5913,/deletelava.php,200,OK,Thread Group 1-27,text,true,191,5913
1370224765974,5915,/deletelava.php,200,OK,Thread Group 1-28,text,true,191,5915
1370224766000,5918,/deletelava.php,200,OK,Thread Group 1-30,text,true,191,5918
1370224766107,5861,/deletelava.php,200,OK,Thread Group 1-29,text,true,191,5861
1370224766389,5635,/deletelava.php,200,OK,Thread Group 1-24,text,true,191,5635
1370224766643,5476,/deletelava.php,200,OK,Thread Group 1-32,text,true,191,5476
1370224766749,5401,/deletelava.php,200,OK,Thread Group 1-33,text,true,191,5401
1370224766781,5416,/deletelava.php,200,OK,Thread Group 1-26,text,true,191,5416
1370224766811,5417,/deletelava.php,200,OK,Thread Group 1-35,text,true,191,5417
1370224766884,5372,/deletelava.php,200,OK,Thread Group 1-34,text,true,191,5372
1370224766923,5369,/deletelava.php,200,OK,Thread Group 1-38,text,true,191,5369
1370224766962,5356,/deletelava.php,200,OK,Thread Group 1-36,text,true,191,5356
1370224767015,5346,/deletelava.php,200,OK,Thread Group 1-39,text,true,191,5346
1370224766987,5425,/deletelava.php,200,OK,Thread Group 1-37,text,true,191,5425
1370224767049,5480,/deletelava.php,200,OK,Thread Group 1-31,text,true,191,5480
1370224767077,5485,/deletelava.php,200,OK,Thread Group 1-40,text,true,191,5485
1370224767253,5342,/deletelava.php,200,OK,Thread Group 1-42,text,true,191,5342
1370224767314,5325,/deletelava.php,200,OK,Thread Group 1-41,text,true,191,5325
1370224767418,5312,/deletelava.php,200,OK,Thread Group 1-43,text,true,191,5312
1370224767569,5194,/deletelava.php,200,OK,Thread Group 1-45,text,true,191,5194
1370224767601,5200,/deletelava.php,200,OK,Thread Group 1-46,text,true,191,5200
1370224767646,5197,/deletelava.php,200,OK,Thread Group 1-47,text,true,191,5197
1370224767682,5243,/deletelava.php,200,OK,Thread Group 1-48,text,true,191,5243
1370224767728,5287,/deletelava.php,200,OK,Thread Group 1-49,text,true,191,5287
1370224767787,5323,/deletelava.php,200,OK,Thread Group 1-50,text,true,191,5323
1370224767959,5190,/deletelava.php,200,OK,Thread Group 1-51,text,true,191,5190
1370224768177,5014,/deletelava.php,200,OK,Thread Group 1-52,text,true,191,5014
1370224768228,4997,/deletelava.php,200,OK,Thread Group 1-55,text,true,191,4997
1370224768320,4939,/deletelava.php,200,OK,Thread Group 1-54,text,true,191,4939
1370224768352,4947,/deletelava.php,200,OK,Thread Group 1-56,text,true,191,4947
1370224768496,4851,/deletelava.php,200,OK,Thread Group 1-53,text,true,191,4851
1370224768562,4945,/deletelava.php,200,OK,Thread Group 1-59,text,true,191,4945
1370224768606,5048,/deletelava.php,200,OK,Thread Group 1-61,text,true,191,5048
1370224768656,5038,/deletelava.php,200,OK,Thread Group 1-58,text,true,191,5038
1370224768712,5018,/deletelava.php,200,OK,Thread Group 1-60,text,true,191,5018
1370224768820,4957,/deletelava.php,200,OK,Thread Group 1-62,text,true,191,4957
1370224768869,5108,/deletelava.php,200,OK,Thread Group 1-65,text,true,191,5108
1370224768920,5104,/deletelava.php,200,OK,Thread Group 1-67,text,true,191,5104
1370224768976,5081,/deletelava.php,200,OK,Thread Group 1-68,text,true,191,5081
1370224769086,5088,/deletelava.php,200,OK,Thread Group 1-64,text,true,191,5088
1370224769156,5051,/deletelava.php,200,OK,Thread Group 1-66,text,true,191,5051
1370224769217,5048,/deletelava.php,200,OK,Thread Group 1-57,text,true,191,5048
1370224769335,4972,/deletelava.php,200,OK,Thread Group 1-69,text,true,191,4972
1370224769427,5063,/deletelava.php,200,OK,Thread Group 1-70,text,true,191,5063
1370224769618,4924,/deletelava.php,200,OK,Thread Group 1-72,text,true,191,4924
1370224769827,4758,/deletelava.php,200,OK,Thread Group 1-75,text,true,191,4758
1370224769864,4756,/deletelava.php,200,OK,Thread Group 1-74,text,true,191,4756
1370224769973,4740,/deletelava.php,200,OK,Thread Group 1-73,text,true,191,4740
1370224770065,4685,/deletelava.php,200,OK,Thread Group 1-44,text,true,191,4685
1370224770102,4685,/deletelava.php,200,OK,Thread Group 1-81,text,true,191,4685
1370224770230,4591,/deletelava.php,200,OK,Thread Group 1-78,text,true,191,4591
1370224770264,4586,/deletelava.php,200,OK,Thread Group 1-80,text,true,191,4586
1370224770295,4599,/deletelava.php,200,OK,Thread Group 1-63,text,true,191,4599
1370224770330,4598,/deletelava.php,200,OK,Thread Group 1-79,text,true,191,4598
1370224770387,4571,/deletelava.php,200,OK,Thread Group 1-82,text,true,191,4571
1370224770541,4451,/deletelava.php,200,OK,Thread Group 1-83,text,true,191,4451
1370224770596,4430,/deletelava.php,200,OK,Thread Group 1-76,text,true,191,4430
1370224770732,4338,/deletelava.php,200,OK,Thread Group 1-77,text,true,191,4338
1370224770795,4415,/deletelava.php,200,OK,Thread Group 1-84,text,true,191,4415
1370224770842,4405,/deletelava.php,200,OK,Thread Group 1-85,text,true,191,4405
1370224770978,4305,/deletelava.php,200,OK,Thread Group 1-87,text,true,191,4305
1370224771010,4307,/deletelava.php,200,OK,Thread Group 1-88,text,true,191,4307
1370224771071,4283,/deletelava.php,200,OK,Thread Group 1-71,text,true,191,4283
1370224771138,4250,/deletelava.php,200,OK,Thread Group 1-89,text,true,191,4250
1370224771176,4278,/deletelava.php,200,OK,Thread Group 1-90,text,true,191,4278
1370224771257,4313,/deletelava.php,200,OK,Thread Group 1-86,text,true,191,4313
1370224771301,4438,/deletelava.php,200,OK,Thread Group 1-91,text,true,191,4438
1370224771378,4399,/deletelava.php,200,OK,Thread Group 1-93,text,true,191,4399
1370224771418,4395,/deletelava.php,200,OK,Thread Group 1-94,text,true,191,4395
1370224771445,4396,/deletelava.php,200,OK,Thread Group 1-96,text,true,191,4396
1370224771582,4295,/deletelava.php,200,OK,Thread Group 1-95,text,true,191,4295
1370224771617,4299,/deletelava.php,200,OK,Thread Group 1-92,text,true,191,4299
1370224771709,4232,/deletelava.php,200,OK,Thread Group 1-97,text,true,191,4232
1370224771749,4223,/deletelava.php,200,OK,Thread Group 1-99,text,true,191,4223
1370224771785,4222,/deletelava.php,200,OK,Thread Group 1-98,text,true,191,4222
1370224771830,4214,/deletelava.php,200,OK,Thread Group 1-100,text,true,191,4214
