1370227562784,756,/submithelpful.php,200,OK,Thread Group 1-1,text,true,191,756
1370227562825,891,/submithelpful.php,200,OK,Thread Group 1-2,text,true,191,891
1370227562871,1051,/submithelpful.php,200,OK,Thread Group 1-3,text,true,191,1051
1370227562916,1168,/submithelpful.php,200,OK,Thread Group 1-4,text,true,191,1168
1370227562964,1251,/submithelpful.php,200,OK,Thread Group 1-5,text,true,191,1251
1370227563009,1347,/submithelpful.php,200,OK,Thread Group 1-6,text,true,191,1347
1370227563054,1467,/submithelpful.php,200,OK,Thread Group 1-7,text,true,191,1467
1370227563100,1460,/submithelpful.php,200,OK,Thread Group 1-8,text,true,191,1460
1370227563146,1469,/submithelpful.php,200,OK,Thread Group 1-9,text,true,191,1469
1370227563196,1647,/submithelpful.php,200,OK,Thread Group 1-10,text,true,191,1647
1370227563237,1790,/submithelpful.php,200,OK,Thread Group 1-11,text,true,191,1790
1370227563284,1838,/submithelpful.php,200,OK,Thread Group 1-12,text,true,191,1838
1370227563331,1919,/submithelpful.php,200,OK,Thread Group 1-13,text,true,191,1919
1370227563378,1990,/submithelpful.php,200,OK,Thread Group 1-14,text,true,191,1990
1370227563421,2069,/submithelpful.php,200,OK,Thread Group 1-15,text,true,191,2069
1370227563542,1994,/submithelpful.php,200,OK,Thread Group 1-1,text,true,191,1994
1370227563466,2116,/submithelpful.php,200,OK,Thread Group 1-16,text,true,191,2116
1370227563513,2118,/submithelpful.php,200,OK,Thread Group 1-17,text,true,191,2118
1370227563559,2136,/submithelpful.php,200,OK,Thread Group 1-18,text,true,191,2136
1370227563604,2138,/submithelpful.php,200,OK,Thread Group 1-19,text,true,191,2138
1370227563719,2080,/submithelpful.php,200,OK,Thread Group 1-2,text,true,191,2080
1370227563648,2249,/submithelpful.php,200,OK,Thread Group 1-20,text,true,191,2249
1370227563698,2247,/submithelpful.php,200,OK,Thread Group 1-21,text,true,191,2247
1370227563741,2285,/submithelpful.php,200,OK,Thread Group 1-22,text,true,191,2285
1370227563924,2161,/submithelpful.php,200,OK,Thread Group 1-3,text,true,191,2161
1370227564086,2051,/submithelpful.php,200,OK,Thread Group 1-4,text,true,191,2051
1370227564217,2037,/submithelpful.php,200,OK,Thread Group 1-5,text,true,191,2037
1370227564358,2034,/submithelpful.php,200,OK,Thread Group 1-6,text,true,191,2034
1370227564524,2066,/submithelpful.php,200,OK,Thread Group 1-7,text,true,191,2066
1370227564616,2090,/submithelpful.php,200,OK,Thread Group 1-9,text,true,191,2090
1370227564561,2262,/submithelpful.php,200,OK,Thread Group 1-8,text,true,191,2262
1370227564845,2017,/submithelpful.php,200,OK,Thread Group 1-10,text,true,191,2017
1370227565029,1963,/submithelpful.php,200,OK,Thread Group 1-11,text,true,191,1963
1370227565124,1931,/submithelpful.php,200,OK,Thread Group 1-12,text,true,191,1931
1370227565251,1885,/submithelpful.php,200,OK,Thread Group 1-13,text,true,191,1885
1370227565369,1840,/submithelpful.php,200,OK,Thread Group 1-14,text,true,191,1840
1370227565491,1789,/submithelpful.php,200,OK,Thread Group 1-15,text,true,191,1789
1370227565537,1838,/submithelpful.php,200,OK,Thread Group 1-1,text,true,191,1838
1370227565584,1931,/submithelpful.php,200,OK,Thread Group 1-16,text,true,191,1931
1370227565633,1960,/submithelpful.php,200,OK,Thread Group 1-17,text,true,191,1960
1370227565696,1991,/submithelpful.php,200,OK,Thread Group 1-18,text,true,191,1991
1370227565744,2092,/submithelpful.php,200,OK,Thread Group 1-19,text,true,191,2092
1370227565898,2072,/submithelpful.php,200,OK,Thread Group 1-20,text,true,191,2072
1370227565801,2333,/submithelpful.php,200,OK,Thread Group 1-2,text,true,191,2333
1370227565947,2252,/submithelpful.php,200,OK,Thread Group 1-21,text,true,191,2252
1370227566028,2231,/submithelpful.php,200,OK,Thread Group 1-22,text,true,191,2231
1370227566087,2248,/submithelpful.php,200,OK,Thread Group 1-3,text,true,191,2248
1370227566257,2139,/submithelpful.php,200,OK,Thread Group 1-5,text,true,191,2139
1370227566138,2316,/submithelpful.php,200,OK,Thread Group 1-4,text,true,191,2316
1370227566394,2131,/submithelpful.php,200,OK,Thread Group 1-6,text,true,191,2131
1370227566593,2123,/submithelpful.php,200,OK,Thread Group 1-7,text,true,191,2123
1370227566709,2047,/submithelpful.php,200,OK,Thread Group 1-9,text,true,191,2047
1370227566825,1988,/submithelpful.php,200,OK,Thread Group 1-8,text,true,191,1988
1370227566864,1998,/submithelpful.php,200,OK,Thread Group 1-10,text,true,191,1998
1370227566994,1929,/submithelpful.php,200,OK,Thread Group 1-11,text,true,191,1929
1370227567057,1902,/submithelpful.php,200,OK,Thread Group 1-12,text,true,191,1902
1370227567138,1876,/submithelpful.php,200,OK,Thread Group 1-13,text,true,191,1876
1370227567211,1874,/submithelpful.php,200,OK,Thread Group 1-14,text,true,191,1874
1370227567283,1876,/submithelpful.php,200,OK,Thread Group 1-15,text,true,191,1876
1370227567377,1908,/submithelpful.php,200,OK,Thread Group 1-1,text,true,191,1908
1370227567518,1871,/submithelpful.php,200,OK,Thread Group 1-16,text,true,191,1871
1370227567596,1930,/submithelpful.php,200,OK,Thread Group 1-17,text,true,191,1930
1370227567689,1885,/submithelpful.php,200,OK,Thread Group 1-18,text,true,191,1885
1370227567838,1828,/submithelpful.php,200,OK,Thread Group 1-19,text,true,191,1828
1370227567973,1776,/submithelpful.php,200,OK,Thread Group 1-20,text,true,191,1776
1370227568136,1745,/submithelpful.php,200,OK,Thread Group 1-2,text,true,191,1745
1370227568202,1882,/submithelpful.php,200,OK,Thread Group 1-21,text,true,191,1882
1370227568262,1973,/submithelpful.php,200,OK,Thread Group 1-22,text,true,191,1973
1370227568337,2071,/submithelpful.php,200,OK,Thread Group 1-3,text,true,191,2071
1370227568397,2145,/submithelpful.php,200,OK,Thread Group 1-5,text,true,191,2145
1370227568456,2215,/submithelpful.php,200,OK,Thread Group 1-4,text,true,191,2215
1370227568527,2339,/submithelpful.php,200,OK,Thread Group 1-6,text,true,191,2339
1370227568718,2312,/submithelpful.php,200,OK,Thread Group 1-7,text,true,191,2312
1370227568757,2393,/submithelpful.php,200,OK,Thread Group 1-9,text,true,191,2393
1370227568815,2433,/submithelpful.php,200,OK,Thread Group 1-8,text,true,191,2433
1370227568863,2385,/submithelpful.php,200,OK,Thread Group 1-10,text,true,191,2385
1370227568924,2369,/submithelpful.php,200,OK,Thread Group 1-11,text,true,191,2369
1370227569086,2332,/submithelpful.php,200,OK,Thread Group 1-14,text,true,191,2332
1370227568960,2607,/submithelpful.php,200,OK,Thread Group 1-12,text,true,191,2607
1370227569161,2501,/submithelpful.php,200,OK,Thread Group 1-15,text,true,191,2501
1370227569016,2780,/submithelpful.php,200,OK,Thread Group 1-13,text,true,191,2780
1370227569286,2578,/submithelpful.php,200,OK,Thread Group 1-1,text,true,191,2578
1370227569390,2544,/submithelpful.php,200,OK,Thread Group 1-16,text,true,191,2544
1370227569528,2571,/submithelpful.php,200,OK,Thread Group 1-17,text,true,191,2571
1370227569576,2641,/submithelpful.php,200,OK,Thread Group 1-18,text,true,191,2641
1370227569750,2562,/submithelpful.php,200,OK,Thread Group 1-20,text,true,191,2562
1370227569667,2840,/submithelpful.php,200,OK,Thread Group 1-19,text,true,191,2840
1370227569883,2752,/submithelpful.php,200,OK,Thread Group 1-2,text,true,191,2752
1370227570086,2694,/submithelpful.php,200,OK,Thread Group 1-21,text,true,191,2694
1370227570236,2716,/submithelpful.php,200,OK,Thread Group 1-22,text,true,191,2716
1370227570409,2685,/submithelpful.php,200,OK,Thread Group 1-3,text,true,191,2685
1370227570544,2722,/submithelpful.php,200,OK,Thread Group 1-5,text,true,191,2722
1370227570673,2693,/submithelpful.php,200,OK,Thread Group 1-4,text,true,191,2693
1370227570868,2657,/submithelpful.php,200,OK,Thread Group 1-6,text,true,191,2657
1370227571031,2511,/submithelpful.php,200,OK,Thread Group 1-7,text,true,191,2511
1370227571250,2402,/submithelpful.php,200,OK,Thread Group 1-10,text,true,191,2402
1370227571250,2561,/submithelpful.php,200,OK,Thread Group 1-8,text,true,191,2561
1370227571420,2474,/submithelpful.php,200,OK,Thread Group 1-14,text,true,191,2474
1370227571152,2797,/submithelpful.php,200,OK,Thread Group 1-9,text,true,191,2797
1370227571295,2776,/submithelpful.php,200,OK,Thread Group 1-11,text,true,191,2776
1370227571569,2653,/submithelpful.php,200,OK,Thread Group 1-12,text,true,191,2653
1370227571663,2566,/submithelpful.php,200,OK,Thread Group 1-15,text,true,191,2566
1370227571797,2490,/submithelpful.php,200,OK,Thread Group 1-13,text,true,191,2490
1370227571865,2480,/submithelpful.php,200,OK,Thread Group 1-1,text,true,191,2480
1370227571936,2492,/submithelpful.php,200,OK,Thread Group 1-16,text,true,191,2492
1370227572100,3467,/submithelpful.php,200,OK,Thread Group 1-17,text,true,191,3467
1370227572218,3366,/submithelpful.php,200,OK,Thread Group 1-18,text,true,191,3366
1370227572313,3392,/submithelpful.php,200,OK,Thread Group 1-20,text,true,191,3392
1370227572562,3447,/submithelpful.php,200,OK,Thread Group 1-19,text,true,191,3447
1370227572636,3634,/submithelpful.php,200,OK,Thread Group 1-2,text,true,191,3634
1370227572782,3813,/submithelpful.php,200,OK,Thread Group 1-21,text,true,191,3813
1370227572955,3774,/submithelpful.php,200,OK,Thread Group 1-22,text,true,191,3774
1370227573095,3767,/submithelpful.php,200,OK,Thread Group 1-3,text,true,191,3767
1370227573268,3704,/submithelpful.php,200,OK,Thread Group 1-5,text,true,191,3704
1370227573367,3685,/submithelpful.php,200,OK,Thread Group 1-4,text,true,191,3685
1370227573526,3558,/submithelpful.php,200,OK,Thread Group 1-6,text,true,191,3558
1370227573543,3571,/submithelpful.php,200,OK,Thread Group 1-7,text,true,191,3571
1370227573654,3529,/submithelpful.php,200,OK,Thread Group 1-10,text,true,191,3529
1370227573812,3394,/submithelpful.php,200,OK,Thread Group 1-8,text,true,191,3394
1370227573950,3273,/submithelpful.php,200,OK,Thread Group 1-9,text,true,191,3273
1370227574073,3201,/submithelpful.php,200,OK,Thread Group 1-11,text,true,191,3201
1370227573896,3476,/submithelpful.php,200,OK,Thread Group 1-14,text,true,191,3476
1370227574223,3292,/submithelpful.php,200,OK,Thread Group 1-12,text,true,191,3292
1370227574231,3299,/submithelpful.php,200,OK,Thread Group 1-15,text,true,191,3299
1370227574289,3332,/submithelpful.php,200,OK,Thread Group 1-13,text,true,191,3332
1370227574347,3324,/submithelpful.php,200,OK,Thread Group 1-1,text,true,191,3324
1370227574429,3599,/submithelpful.php,200,OK,Thread Group 1-16,text,true,191,3599
1370227575570,2923,/submithelpful.php,200,OK,Thread Group 1-17,text,true,191,2923
1370227575585,3078,/submithelpful.php,200,OK,Thread Group 1-18,text,true,191,3078
1370227575706,3047,/submithelpful.php,200,OK,Thread Group 1-20,text,true,191,3047
1370227576011,2851,/submithelpful.php,200,OK,Thread Group 1-19,text,true,191,2851
1370227576270,2623,/submithelpful.php,200,OK,Thread Group 1-2,text,true,191,2623
1370227576596,2385,/submithelpful.php,200,OK,Thread Group 1-21,text,true,191,2385
1370227576730,2330,/submithelpful.php,200,OK,Thread Group 1-22,text,true,191,2330
1370227576863,2235,/submithelpful.php,200,OK,Thread Group 1-3,text,true,191,2235
1370227576973,2159,/submithelpful.php,200,OK,Thread Group 1-5,text,true,191,2159
1370227577054,2108,/submithelpful.php,200,OK,Thread Group 1-4,text,true,191,2108
1370227577085,2086,/submithelpful.php,200,OK,Thread Group 1-6,text,true,191,2086
1370227577114,2123,/submithelpful.php,200,OK,Thread Group 1-7,text,true,191,2123
1370227577184,2061,/submithelpful.php,200,OK,Thread Group 1-10,text,true,191,2061
1370227577207,2038,/submithelpful.php,200,OK,Thread Group 1-8,text,true,191,2038
1370227577224,2031,/submithelpful.php,200,OK,Thread Group 1-9,text,true,191,2031
1370227577275,1994,/submithelpful.php,200,OK,Thread Group 1-11,text,true,191,1994
1370227577372,1910,/submithelpful.php,200,OK,Thread Group 1-14,text,true,191,1910
1370227577531,1762,/submithelpful.php,200,OK,Thread Group 1-15,text,true,191,1762
1370227577623,1696,/submithelpful.php,200,OK,Thread Group 1-13,text,true,191,1696
1370227577672,1648,/submithelpful.php,200,OK,Thread Group 1-1,text,true,191,1648
1370227577516,1810,/submithelpful.php,200,OK,Thread Group 1-12,text,true,191,1810
1370227578029,1304,/submithelpful.php,200,OK,Thread Group 1-16,text,true,191,1304
1370227578494,916,/submithelpful.php,200,OK,Thread Group 1-17,text,true,191,916
1370227578663,810,/submithelpful.php,200,OK,Thread Group 1-18,text,true,191,810
1370227578754,792,/submithelpful.php,200,OK,Thread Group 1-20,text,true,191,792
1370227578863,727,/submithelpful.php,200,OK,Thread Group 1-19,text,true,191,727
1370227578895,807,/submithelpful.php,200,OK,Thread Group 1-2,text,true,191,807
1370227578983,769,/submithelpful.php,200,OK,Thread Group 1-21,text,true,191,769
1370227579062,746,/submithelpful.php,200,OK,Thread Group 1-22,text,true,191,746
1370227579101,753,/submithelpful.php,200,OK,Thread Group 1-3,text,true,191,753
1370227579134,847,/submithelpful.php,200,OK,Thread Group 1-5,text,true,191,847
1370227579164,848,/submithelpful.php,200,OK,Thread Group 1-4,text,true,191,848
1370227579239,874,/submithelpful.php,200,OK,Thread Group 1-7,text,true,191,874
1370227579249,921,/submithelpful.php,200,OK,Thread Group 1-8,text,true,191,921
1370227579249,1126,/submithelpful.php,200,OK,Thread Group 1-10,text,true,191,1126
1370227579257,1339,/submithelpful.php,200,OK,Thread Group 1-9,text,true,191,1339
1370227579271,1468,/submithelpful.php,200,OK,Thread Group 1-11,text,true,191,1468
1370227579284,1774,/submithelpful.php,200,OK,Thread Group 1-14,text,true,191,1774
1370227579295,1858,/submithelpful.php,200,OK,Thread Group 1-15,text,true,191,1858
1370227579321,1990,/submithelpful.php,200,OK,Thread Group 1-13,text,true,191,1990
1370227579323,2094,/submithelpful.php,200,OK,Thread Group 1-1,text,true,191,2094
1370227579328,2208,/submithelpful.php,200,OK,Thread Group 1-12,text,true,191,2208
1370227579335,2543,/submithelpful.php,200,OK,Thread Group 1-16,text,true,191,2543
1370227579173,2718,/submithelpful.php,200,OK,Thread Group 1-6,text,true,191,2718
1370227579412,2641,/submithelpful.php,200,OK,Thread Group 1-17,text,true,191,2641
1370227579475,2634,/submithelpful.php,200,OK,Thread Group 1-18,text,true,191,2634
1370227579548,2601,/submithelpful.php,200,OK,Thread Group 1-20,text,true,191,2601
1370227579592,2614,/submithelpful.php,200,OK,Thread Group 1-19,text,true,191,2614
1370227579754,2554,/submithelpful.php,200,OK,Thread Group 1-21,text,true,191,2554
1370227579810,2587,/submithelpful.php,200,OK,Thread Group 1-22,text,true,191,2587
1370227579857,2563,/submithelpful.php,200,OK,Thread Group 1-3,text,true,191,2563
1370227580115,2305,/submithelpful.php,200,OK,Thread Group 1-7,text,true,191,2305
1370227579983,2437,/submithelpful.php,200,OK,Thread Group 1-5,text,true,191,2437
1370227580015,2405,/submithelpful.php,200,OK,Thread Group 1-4,text,true,191,2405
1370227579704,2716,/submithelpful.php,200,OK,Thread Group 1-2,text,true,191,2716
1370227580172,2249,/submithelpful.php,200,OK,Thread Group 1-8,text,true,191,2249
1370227580377,2045,/submithelpful.php,200,OK,Thread Group 1-10,text,true,191,2045
1370227580598,1824,/submithelpful.php,200,OK,Thread Group 1-9,text,true,191,1824
1370227580740,1682,/submithelpful.php,200,OK,Thread Group 1-11,text,true,191,1682
1370227581060,1363,/submithelpful.php,200,OK,Thread Group 1-14,text,true,191,1363
1370227581155,1272,/submithelpful.php,200,OK,Thread Group 1-15,text,true,191,1272
1370227581539,938,/submithelpful.php,200,OK,Thread Group 1-12,text,true,191,938
1370227581313,1164,/submithelpful.php,200,OK,Thread Group 1-13,text,true,191,1164
1370227581419,1075,/submithelpful.php,200,OK,Thread Group 1-1,text,true,191,1075
1370227581881,613,/submithelpful.php,200,OK,Thread Group 1-16,text,true,191,613
1370227581893,611,/submithelpful.php,200,OK,Thread Group 1-6,text,true,191,611
1370227582056,706,/submithelpful.php,200,OK,Thread Group 1-17,text,true,191,706
1370227582111,653,/submithelpful.php,200,OK,Thread Group 1-18,text,true,191,653
1370227582152,805,/submithelpful.php,200,OK,Thread Group 1-20,text,true,191,805
1370227582210,835,/submithelpful.php,200,OK,Thread Group 1-19,text,true,191,835
1370227582310,941,/submithelpful.php,200,OK,Thread Group 1-21,text,true,191,941
1370227582402,1015,/submithelpful.php,200,OK,Thread Group 1-22,text,true,191,1015
1370227582428,1178,/submithelpful.php,200,OK,Thread Group 1-2,text,true,191,1178
1370227582429,1249,/submithelpful.php,200,OK,Thread Group 1-8,text,true,191,1249
1370227582427,1253,/submithelpful.php,200,OK,Thread Group 1-5,text,true,191,1253
1370227582428,1297,/submithelpful.php,200,OK,Thread Group 1-4,text,true,191,1297
1370227582425,1341,/submithelpful.php,200,OK,Thread Group 1-3,text,true,191,1341
1370227582425,1428,/submithelpful.php,200,OK,Thread Group 1-7,text,true,191,1428
1370227582429,1451,/submithelpful.php,200,OK,Thread Group 1-10,text,true,191,1451
1370227582429,1482,/submithelpful.php,200,OK,Thread Group 1-9,text,true,191,1482
1370227582429,1482,/submithelpful.php,200,OK,Thread Group 1-11,text,true,191,1482
1370227582431,1480,/submithelpful.php,200,OK,Thread Group 1-15,text,true,191,1480
1370227582479,1441,/submithelpful.php,200,OK,Thread Group 1-13,text,true,191,1441
1370227582429,1495,/submithelpful.php,200,OK,Thread Group 1-14,text,true,191,1495
1370227582506,1431,/submithelpful.php,200,OK,Thread Group 1-6,text,true,191,1431
1370227582496,1446,/submithelpful.php,200,OK,Thread Group 1-16,text,true,191,1446
1370227582479,1496,/submithelpful.php,200,OK,Thread Group 1-12,text,true,191,1496
1370227582764,1273,/submithelpful.php,200,OK,Thread Group 1-17,text,true,191,1273
1370227582765,1331,/submithelpful.php,200,OK,Thread Group 1-18,text,true,191,1331
1370227582959,1195,/submithelpful.php,200,OK,Thread Group 1-20,text,true,191,1195
1370227583047,1190,/submithelpful.php,200,OK,Thread Group 1-19,text,true,191,1190
1370227583253,1045,/submithelpful.php,200,OK,Thread Group 1-21,text,true,191,1045
1370227583419,988,/submithelpful.php,200,OK,Thread Group 1-22,text,true,191,988
