1370227592511,487,/submithelpful.php,200,OK,Thread Group 1-3,text,true,191,487
1370227592500,528,/submithelpful.php,200,OK,Thread Group 1-2,text,true,191,528
1370227592539,628,/submithelpful.php,200,OK,Thread Group 1-6,text,true,191,628
1370227592529,852,/submithelpful.php,200,OK,Thread Group 1-5,text,true,191,852
1370227592519,1026,/submithelpful.php,200,OK,Thread Group 1-4,text,true,191,1026
1370227592550,1133,/submithelpful.php,200,OK,Thread Group 1-7,text,true,191,1133
1370227592560,1222,/submithelpful.php,200,OK,Thread Group 1-8,text,true,191,1222
1370227592570,1369,/submithelpful.php,200,OK,Thread Group 1-9,text,true,191,1369
1370227592490,1597,/submithelpful.php,200,OK,Thread Group 1-1,text,true,191,1597
1370227592580,1583,/submithelpful.php,200,OK,Thread Group 1-10,text,true,191,1583
1370227592601,1613,/submithelpful.php,200,OK,Thread Group 1-12,text,true,191,1613
1370227592591,1784,/submithelpful.php,200,OK,Thread Group 1-11,text,true,191,1784
1370227592614,1827,/submithelpful.php,200,OK,Thread Group 1-13,text,true,191,1827
1370227592624,1965,/submithelpful.php,200,OK,Thread Group 1-14,text,true,191,1965
1370227592635,2042,/submithelpful.php,200,OK,Thread Group 1-15,text,true,191,2042
1370227592645,2154,/submithelpful.php,200,OK,Thread Group 1-16,text,true,191,2154
1370227592655,2199,/submithelpful.php,200,OK,Thread Group 1-17,text,true,191,2199
1370227592685,2302,/submithelpful.php,200,OK,Thread Group 1-20,text,true,191,2302
1370227592664,2391,/submithelpful.php,200,OK,Thread Group 1-18,text,true,191,2391
1370227592695,2457,/submithelpful.php,200,OK,Thread Group 1-21,text,true,191,2457
1370227592705,2534,/submithelpful.php,200,OK,Thread Group 1-22,text,true,191,2534
1370227592716,2645,/submithelpful.php,200,OK,Thread Group 1-23,text,true,191,2645
1370227592746,2696,/submithelpful.php,200,OK,Thread Group 1-26,text,true,191,2696
1370227592676,3007,/submithelpful.php,200,OK,Thread Group 1-19,text,true,191,3007
1370227592767,3040,/submithelpful.php,200,OK,Thread Group 1-28,text,true,191,3040
1370227592796,3049,/submithelpful.php,200,OK,Thread Group 1-31,text,true,191,3049
1370227592735,3201,/submithelpful.php,200,OK,Thread Group 1-25,text,true,191,3201
1370227592776,3221,/submithelpful.php,200,OK,Thread Group 1-29,text,true,191,3221
1370227592786,3328,/submithelpful.php,200,OK,Thread Group 1-30,text,true,191,3328
1370227592755,3511,/submithelpful.php,200,OK,Thread Group 1-27,text,true,191,3511
1370227592848,3496,/submithelpful.php,200,OK,Thread Group 1-36,text,true,191,3496
1370227592808,3599,/submithelpful.php,200,OK,Thread Group 1-32,text,true,191,3599
1370227592726,4048,/submithelpful.php,200,OK,Thread Group 1-24,text,true,191,4048
1370227592817,4015,/submithelpful.php,200,OK,Thread Group 1-33,text,true,191,4015
1370227592827,4054,/submithelpful.php,200,OK,Thread Group 1-34,text,true,191,4054
1370227592999,3890,/submithelpful.php,200,OK,Thread Group 1-3,text,true,191,3890
1370227592837,4106,/submithelpful.php,200,OK,Thread Group 1-35,text,true,191,4106
1370227592891,4101,/submithelpful.php,200,OK,Thread Group 1-40,text,true,191,4101
1370227592857,4330,/submithelpful.php,200,OK,Thread Group 1-37,text,true,191,4330
1370227592902,4357,/submithelpful.php,200,OK,Thread Group 1-41,text,true,191,4357
1370227593030,4281,/submithelpful.php,200,OK,Thread Group 1-2,text,true,191,4281
1370227592880,4496,/submithelpful.php,200,OK,Thread Group 1-39,text,true,191,4496
1370227592920,4627,/submithelpful.php,200,OK,Thread Group 1-43,text,true,191,4627
1370227592930,4769,/submithelpful.php,200,OK,Thread Group 1-44,text,true,191,4769
1370227592871,4862,/submithelpful.php,200,OK,Thread Group 1-38,text,true,191,4862
1370227592912,4841,/submithelpful.php,200,OK,Thread Group 1-42,text,true,191,4841
1370227592951,4893,/submithelpful.php,200,OK,Thread Group 1-46,text,true,191,4893
1370227592941,5142,/submithelpful.php,200,OK,Thread Group 1-45,text,true,191,5142
1370227592971,5341,/submithelpful.php,200,OK,Thread Group 1-48,text,true,191,5341
1370227593002,5344,/submithelpful.php,200,OK,Thread Group 1-51,text,true,191,5344
1370227592991,5486,/submithelpful.php,200,OK,Thread Group 1-50,text,true,191,5486
1370227593022,5514,/submithelpful.php,200,OK,Thread Group 1-53,text,true,191,5514
1370227592960,5609,/submithelpful.php,200,OK,Thread Group 1-47,text,true,191,5609
1370227593033,5634,/submithelpful.php,200,OK,Thread Group 1-54,text,true,191,5634
1370227593169,5608,/submithelpful.php,200,OK,Thread Group 1-6,text,true,191,5608
1370227592982,6205,/submithelpful.php,200,OK,Thread Group 1-49,text,true,191,6205
1370227593056,6141,/submithelpful.php,200,OK,Thread Group 1-56,text,true,191,6141
1370227593014,6200,/submithelpful.php,200,OK,Thread Group 1-52,text,true,191,6200
1370227593062,6225,/submithelpful.php,200,OK,Thread Group 1-57,text,true,191,6225
1370227593105,6389,/submithelpful.php,200,OK,Thread Group 1-61,text,true,191,6389
1370227593043,6484,/submithelpful.php,200,OK,Thread Group 1-55,text,true,191,6484
1370227593096,6459,/submithelpful.php,200,OK,Thread Group 1-60,text,true,191,6459
1370227593073,6490,/submithelpful.php,200,OK,Thread Group 1-58,text,true,191,6490
1370227593087,6694,/submithelpful.php,200,OK,Thread Group 1-59,text,true,191,6694
1370227593113,6834,/submithelpful.php,200,OK,Thread Group 1-62,text,true,191,6834
1370227593127,6903,/submithelpful.php,200,OK,Thread Group 1-63,text,true,191,6903
1370227593146,6919,/submithelpful.php,200,OK,Thread Group 1-65,text,true,191,6919
1370227593157,6968,/submithelpful.php,200,OK,Thread Group 1-66,text,true,191,6968
1370227593168,7032,/submithelpful.php,200,OK,Thread Group 1-67,text,true,191,7032
1370227593137,7438,/submithelpful.php,200,OK,Thread Group 1-64,text,true,191,7438
1370227593187,7559,/submithelpful.php,200,OK,Thread Group 1-69,text,true,191,7559
1370227593197,7591,/submithelpful.php,200,OK,Thread Group 1-70,text,true,191,7591
1370227593207,7644,/submithelpful.php,200,OK,Thread Group 1-71,text,true,191,7644
1370227593227,7676,/submithelpful.php,200,OK,Thread Group 1-73,text,true,191,7676
1370227593216,7763,/submithelpful.php,200,OK,Thread Group 1-72,text,true,191,7763
1370227593238,7954,/submithelpful.php,200,OK,Thread Group 1-74,text,true,191,7954
1370227593257,8004,/submithelpful.php,200,OK,Thread Group 1-76,text,true,191,8004
1370227593247,8142,/submithelpful.php,200,OK,Thread Group 1-75,text,true,191,8142
1370227593382,8251,/submithelpful.php,200,OK,Thread Group 1-5,text,true,191,8251
1370227593269,8560,/submithelpful.php,200,OK,Thread Group 1-77,text,true,191,8560
1370227593323,8638,/submithelpful.php,200,OK,Thread Group 1-82,text,true,191,8638
1370227593177,8904,/submithelpful.php,200,OK,Thread Group 1-68,text,true,191,8904
1370227593319,9062,/submithelpful.php,200,OK,Thread Group 1-80,text,true,191,9062
1370227593324,9297,/submithelpful.php,200,OK,Thread Group 1-79,text,true,191,9297
1370227593322,9472,/submithelpful.php,200,OK,Thread Group 1-78,text,true,191,9472
1370227593330,9533,/submithelpful.php,200,OK,Thread Group 1-83,text,true,191,9533
1370227593339,9544,/submithelpful.php,200,OK,Thread Group 1-84,text,true,191,9544
1370227593359,9526,/submithelpful.php,200,OK,Thread Group 1-86,text,true,191,9526
1370227593371,9585,/submithelpful.php,200,OK,Thread Group 1-87,text,true,191,9585
1370227593391,9569,/submithelpful.php,200,OK,Thread Group 1-89,text,true,191,9569
1370227593401,9572,/submithelpful.php,200,OK,Thread Group 1-90,text,true,191,9572
1370227593381,9793,/submithelpful.php,200,OK,Thread Group 1-88,text,true,191,9793
1370227593349,9897,/submithelpful.php,200,OK,Thread Group 1-85,text,true,191,9897
1370227593414,9901,/submithelpful.php,200,OK,Thread Group 1-91,text,true,191,9901
1370227593546,9989,/submithelpful.php,200,OK,Thread Group 1-4,text,true,191,9989
1370227593422,10236,/submithelpful.php,200,OK,Thread Group 1-92,text,true,191,10236
1370227593443,10325,/submithelpful.php,200,OK,Thread Group 1-94,text,true,191,10325
1370227593454,10525,/submithelpful.php,200,OK,Thread Group 1-95,text,true,191,10525
1370227593432,10624,/submithelpful.php,200,OK,Thread Group 1-93,text,true,191,10624
1370227593473,10714,/submithelpful.php,200,OK,Thread Group 1-97,text,true,191,10714
1370227593486,10755,/submithelpful.php,200,OK,Thread Group 1-98,text,true,191,10755
1370227593505,10785,/submithelpful.php,200,OK,Thread Group 1-100,text,true,191,10785
1370227593494,10891,/submithelpful.php,200,OK,Thread Group 1-99,text,true,191,10891
1370227593319,11233,/submithelpful.php,200,OK,Thread Group 1-81,text,true,191,11233
1370227593463,11238,/submithelpful.php,200,OK,Thread Group 1-96,text,true,191,11238
1370227593684,11024,/submithelpful.php,200,OK,Thread Group 1-7,text,true,191,11024
1370227593783,11225,/submithelpful.php,200,OK,Thread Group 1-8,text,true,191,11225
1370227593940,11152,/submithelpful.php,200,OK,Thread Group 1-9,text,true,191,11152
1370227594088,11185,/submithelpful.php,200,OK,Thread Group 1-1,text,true,191,11185
1370227594163,11263,/submithelpful.php,200,OK,Thread Group 1-10,text,true,191,11263
1370227594375,11102,/submithelpful.php,200,OK,Thread Group 1-11,text,true,191,11102
1370227594215,11383,/submithelpful.php,200,OK,Thread Group 1-12,text,true,191,11383
1370227594442,11229,/submithelpful.php,200,OK,Thread Group 1-13,text,true,191,11229
1370227594590,11134,/submithelpful.php,200,OK,Thread Group 1-14,text,true,191,11134
1370227594693,11080,/submithelpful.php,200,OK,Thread Group 1-15,text,true,191,11080
1370227594799,11092,/submithelpful.php,200,OK,Thread Group 1-16,text,true,191,11092
1370227594855,11135,/submithelpful.php,200,OK,Thread Group 1-17,text,true,191,11135
1370227594988,11145,/submithelpful.php,200,OK,Thread Group 1-20,text,true,191,11145
1370227595056,11141,/submithelpful.php,200,OK,Thread Group 1-18,text,true,191,11141
1370227595153,11082,/submithelpful.php,200,OK,Thread Group 1-21,text,true,191,11082
1370227595240,11041,/submithelpful.php,200,OK,Thread Group 1-22,text,true,191,11041
1370227595362,10989,/submithelpful.php,200,OK,Thread Group 1-23,text,true,191,10989
1370227595442,10970,/submithelpful.php,200,OK,Thread Group 1-26,text,true,191,10970
1370227595683,10880,/submithelpful.php,200,OK,Thread Group 1-19,text,true,191,10880
1370227595807,10924,/submithelpful.php,200,OK,Thread Group 1-28,text,true,191,10924
1370227595846,11025,/submithelpful.php,200,OK,Thread Group 1-31,text,true,191,11025
1370227595936,10950,/submithelpful.php,200,OK,Thread Group 1-25,text,true,191,10950
1370227595998,10936,/submithelpful.php,200,OK,Thread Group 1-29,text,true,191,10936
1370227596115,10941,/submithelpful.php,200,OK,Thread Group 1-30,text,true,191,10941
1370227596268,10869,/submithelpful.php,200,OK,Thread Group 1-27,text,true,191,10869
1370227596346,10915,/submithelpful.php,200,OK,Thread Group 1-36,text,true,191,10915
1370227596409,11001,/submithelpful.php,200,OK,Thread Group 1-32,text,true,191,11001
1370227596776,10797,/submithelpful.php,200,OK,Thread Group 1-24,text,true,191,10797
1370227596834,10806,/submithelpful.php,200,OK,Thread Group 1-33,text,true,191,10806
1370227596883,10798,/submithelpful.php,200,OK,Thread Group 1-34,text,true,191,10798
1370227596892,10995,/submithelpful.php,200,OK,Thread Group 1-3,text,true,191,10995
1370227596994,11094,/submithelpful.php,200,OK,Thread Group 1-40,text,true,191,11094
1370227597189,10935,/submithelpful.php,200,OK,Thread Group 1-37,text,true,191,10935
1370227597261,10961,/submithelpful.php,200,OK,Thread Group 1-41,text,true,191,10961
1370227597313,10956,/submithelpful.php,200,OK,Thread Group 1-2,text,true,191,10956
1370227597378,10954,/submithelpful.php,200,OK,Thread Group 1-39,text,true,191,10954
1370227597549,10952,/submithelpful.php,200,OK,Thread Group 1-43,text,true,191,10952
1370227597701,10956,/submithelpful.php,200,OK,Thread Group 1-44,text,true,191,10956
1370227596945,11870,/submithelpful.php,200,OK,Thread Group 1-35,text,true,191,11870
1370227597735,11134,/submithelpful.php,200,OK,Thread Group 1-38,text,true,191,11134
1370227597755,11206,/submithelpful.php,200,OK,Thread Group 1-42,text,true,191,11206
1370227597846,11154,/submithelpful.php,200,OK,Thread Group 1-46,text,true,191,11154
1370227598085,11019,/submithelpful.php,200,OK,Thread Group 1-45,text,true,191,11019
1370227598314,10847,/submithelpful.php,200,OK,Thread Group 1-48,text,true,191,10847
1370227598348,10886,/submithelpful.php,200,OK,Thread Group 1-51,text,true,191,10886
1370227598479,10868,/submithelpful.php,200,OK,Thread Group 1-50,text,true,191,10868
1370227598538,10857,/submithelpful.php,200,OK,Thread Group 1-53,text,true,191,10857
1370227598571,10871,/submithelpful.php,200,OK,Thread Group 1-47,text,true,191,10871
1370227598669,10920,/submithelpful.php,200,OK,Thread Group 1-54,text,true,191,10920
1370227598778,10870,/submithelpful.php,200,OK,Thread Group 1-6,text,true,191,10870
1370227599189,10575,/submithelpful.php,200,OK,Thread Group 1-49,text,true,191,10575
1370227599216,10624,/submithelpful.php,200,OK,Thread Group 1-52,text,true,191,10624
1370227599199,10734,/submithelpful.php,200,OK,Thread Group 1-56,text,true,191,10734
1370227599289,10795,/submithelpful.php,200,OK,Thread Group 1-57,text,true,191,10795
1370227599496,10721,/submithelpful.php,200,OK,Thread Group 1-61,text,true,191,10721
1370227599529,10808,/submithelpful.php,200,OK,Thread Group 1-55,text,true,191,10808
1370227599565,10808,/submithelpful.php,200,OK,Thread Group 1-58,text,true,191,10808
1370227599557,10852,/submithelpful.php,200,OK,Thread Group 1-60,text,true,191,10852
1370227599783,10685,/submithelpful.php,200,OK,Thread Group 1-59,text,true,191,10685
1370227599949,10665,/submithelpful.php,200,OK,Thread Group 1-62,text,true,191,10665
1370227600032,10758,/submithelpful.php,200,OK,Thread Group 1-63,text,true,191,10758
1370227600067,10819,/submithelpful.php,200,OK,Thread Group 1-65,text,true,191,10819
1370227600127,10859,/submithelpful.php,200,OK,Thread Group 1-66,text,true,191,10859
1370227600202,10855,/submithelpful.php,200,OK,Thread Group 1-67,text,true,191,10855
1370227600577,10656,/submithelpful.php,200,OK,Thread Group 1-64,text,true,191,10656
1370227600748,10587,/submithelpful.php,200,OK,Thread Group 1-69,text,true,191,10587
1370227600791,10669,/submithelpful.php,200,OK,Thread Group 1-70,text,true,191,10669
1370227600853,10667,/submithelpful.php,200,OK,Thread Group 1-71,text,true,191,10667
1370227600981,10673,/submithelpful.php,200,OK,Thread Group 1-72,text,true,191,10673
1370227600904,10804,/submithelpful.php,200,OK,Thread Group 1-73,text,true,191,10804
1370227601194,10681,/submithelpful.php,200,OK,Thread Group 1-74,text,true,191,10681
1370227601263,10987,/submithelpful.php,200,OK,Thread Group 1-76,text,true,191,10987
1370227601391,10931,/submithelpful.php,200,OK,Thread Group 1-75,text,true,191,10931
1370227601635,10790,/submithelpful.php,200,OK,Thread Group 1-5,text,true,191,10790
1370227601831,10660,/submithelpful.php,200,OK,Thread Group 1-77,text,true,191,10660
1370227601963,10813,/submithelpful.php,200,OK,Thread Group 1-82,text,true,191,10813
1370227602083,10765,/submithelpful.php,200,OK,Thread Group 1-68,text,true,191,10765
1370227602383,10668,/submithelpful.php,200,OK,Thread Group 1-80,text,true,191,10668
1370227602623,10438,/submithelpful.php,200,OK,Thread Group 1-79,text,true,191,10438
1370227602796,10290,/submithelpful.php,200,OK,Thread Group 1-78,text,true,191,10290
1370227602865,10230,/submithelpful.php,200,OK,Thread Group 1-83,text,true,191,10230
1370227602885,10359,/submithelpful.php,200,OK,Thread Group 1-84,text,true,191,10359
1370227602888,10367,/submithelpful.php,200,OK,Thread Group 1-86,text,true,191,10367
1370227602958,10572,/submithelpful.php,200,OK,Thread Group 1-87,text,true,191,10572
1370227602961,10579,/submithelpful.php,200,OK,Thread Group 1-89,text,true,191,10579
1370227602975,10578,/submithelpful.php,200,OK,Thread Group 1-90,text,true,191,10578
1370227603176,10419,/submithelpful.php,200,OK,Thread Group 1-88,text,true,191,10419
1370227603248,10451,/submithelpful.php,200,OK,Thread Group 1-85,text,true,191,10451
1370227603316,10399,/submithelpful.php,200,OK,Thread Group 1-91,text,true,191,10399
1370227603537,10308,/submithelpful.php,200,OK,Thread Group 1-4,text,true,191,10308
1370227603660,10243,/submithelpful.php,200,OK,Thread Group 1-92,text,true,191,10243
1370227603770,10210,/submithelpful.php,200,OK,Thread Group 1-94,text,true,191,10210
1370227604058,10094,/submithelpful.php,200,OK,Thread Group 1-93,text,true,191,10094
1370227604189,10039,/submithelpful.php,200,OK,Thread Group 1-97,text,true,191,10039
1370227603981,10382,/submithelpful.php,200,OK,Thread Group 1-95,text,true,191,10382
1370227604243,10273,/submithelpful.php,200,OK,Thread Group 1-98,text,true,191,10273
1370227604292,10426,/submithelpful.php,200,OK,Thread Group 1-100,text,true,191,10426
1370227604387,10374,/submithelpful.php,200,OK,Thread Group 1-99,text,true,191,10374
1370227604554,10261,/submithelpful.php,200,OK,Thread Group 1-81,text,true,191,10261
1370227604710,10264,/submithelpful.php,200,OK,Thread Group 1-7,text,true,191,10264
1370227604703,10383,/submithelpful.php,200,OK,Thread Group 1-96,text,true,191,10383
1370227605011,10249,/submithelpful.php,200,OK,Thread Group 1-8,text,true,191,10249
1370227605094,10241,/submithelpful.php,200,OK,Thread Group 1-9,text,true,191,10241
1370227605275,10160,/submithelpful.php,200,OK,Thread Group 1-1,text,true,191,10160
1370227605428,10124,/submithelpful.php,200,OK,Thread Group 1-10,text,true,191,10124
1370227605478,10374,/submithelpful.php,200,OK,Thread Group 1-11,text,true,191,10374
1370227605600,10305,/submithelpful.php,200,OK,Thread Group 1-12,text,true,191,10305
1370227605672,10280,/submithelpful.php,200,OK,Thread Group 1-13,text,true,191,10280
1370227605725,10267,/submithelpful.php,200,OK,Thread Group 1-14,text,true,191,10267
1370227605775,10339,/submithelpful.php,200,OK,Thread Group 1-15,text,true,191,10339
1370227605893,10265,/submithelpful.php,200,OK,Thread Group 1-16,text,true,191,10265
1370227605992,10244,/submithelpful.php,200,OK,Thread Group 1-17,text,true,191,10244
1370227606135,10151,/submithelpful.php,200,OK,Thread Group 1-20,text,true,191,10151
1370227606198,10207,/submithelpful.php,200,OK,Thread Group 1-18,text,true,191,10207
1370227606236,10313,/submithelpful.php,200,OK,Thread Group 1-21,text,true,191,10313
1370227606282,10306,/submithelpful.php,200,OK,Thread Group 1-22,text,true,191,10306
1370227606352,10297,/submithelpful.php,200,OK,Thread Group 1-23,text,true,191,10297
1370227606413,10276,/submithelpful.php,200,OK,Thread Group 1-26,text,true,191,10276
1370227606564,10195,/submithelpful.php,200,OK,Thread Group 1-19,text,true,191,10195
1370227606732,10092,/submithelpful.php,200,OK,Thread Group 1-28,text,true,191,10092
1370227606873,10075,/submithelpful.php,200,OK,Thread Group 1-31,text,true,191,10075
1370227606887,10127,/submithelpful.php,200,OK,Thread Group 1-25,text,true,191,10127
1370227606935,10158,/submithelpful.php,200,OK,Thread Group 1-29,text,true,191,10158
1370227607056,10113,/submithelpful.php,200,OK,Thread Group 1-30,text,true,191,10113
1370227607137,10033,/submithelpful.php,200,OK,Thread Group 1-27,text,true,191,10033
1370227607261,9948,/submithelpful.php,200,OK,Thread Group 1-36,text,true,191,9948
1370227607410,9913,/submithelpful.php,200,OK,Thread Group 1-32,text,true,191,9913
1370227607573,9846,/submithelpful.php,200,OK,Thread Group 1-24,text,true,191,9846
1370227607641,9930,/submithelpful.php,200,OK,Thread Group 1-33,text,true,191,9930
1370227607681,10063,/submithelpful.php,200,OK,Thread Group 1-34,text,true,191,10063
1370227607887,9929,/submithelpful.php,200,OK,Thread Group 1-3,text,true,191,9929
1370227608088,9957,/submithelpful.php,200,OK,Thread Group 1-40,text,true,191,9957
1370227608124,9929,/submithelpful.php,200,OK,Thread Group 1-37,text,true,191,9929
1370227608222,10051,/submithelpful.php,200,OK,Thread Group 1-41,text,true,191,10051
1370227608268,10165,/submithelpful.php,200,OK,Thread Group 1-2,text,true,191,10165
1370227608331,10149,/submithelpful.php,200,OK,Thread Group 1-39,text,true,191,10149
1370227608501,10049,/submithelpful.php,200,OK,Thread Group 1-43,text,true,191,10049
1370227608657,9966,/submithelpful.php,200,OK,Thread Group 1-44,text,true,191,9966
1370227608815,9974,/submithelpful.php,200,OK,Thread Group 1-35,text,true,191,9974
1370227608869,9947,/submithelpful.php,200,OK,Thread Group 1-38,text,true,191,9947
1370227608961,10075,/submithelpful.php,200,OK,Thread Group 1-42,text,true,191,10075
1370227609000,10091,/submithelpful.php,200,OK,Thread Group 1-46,text,true,191,10091
1370227609104,10023,/submithelpful.php,200,OK,Thread Group 1-45,text,true,191,10023
1370227609161,10001,/submithelpful.php,200,OK,Thread Group 1-48,text,true,191,10001
1370227609234,10062,/submithelpful.php,200,OK,Thread Group 1-51,text,true,191,10062
1370227609347,10013,/submithelpful.php,200,OK,Thread Group 1-50,text,true,191,10013
1370227609395,10039,/submithelpful.php,200,OK,Thread Group 1-53,text,true,191,10039
1370227609442,10162,/submithelpful.php,200,OK,Thread Group 1-47,text,true,191,10162
1370227609589,10106,/submithelpful.php,200,OK,Thread Group 1-54,text,true,191,10106
1370227609648,10215,/submithelpful.php,200,OK,Thread Group 1-6,text,true,191,10215
1370227609764,10154,/submithelpful.php,200,OK,Thread Group 1-49,text,true,191,10154
1370227609840,10311,/submithelpful.php,200,OK,Thread Group 1-52,text,true,191,10311
1370227609935,10405,/submithelpful.php,200,OK,Thread Group 1-56,text,true,191,10405
1370227610084,10381,/submithelpful.php,200,OK,Thread Group 1-57,text,true,191,10381
1370227610217,10484,/submithelpful.php,200,OK,Thread Group 1-61,text,true,191,10484
1370227610337,10603,/submithelpful.php,200,OK,Thread Group 1-55,text,true,191,10603
1370227610373,11869,/submithelpful.php,200,OK,Thread Group 1-58,text,true,191,11869
1370227610409,11868,/submithelpful.php,200,OK,Thread Group 1-60,text,true,191,11868
1370227610468,11813,/submithelpful.php,200,OK,Thread Group 1-59,text,true,191,11813
1370227610614,11695,/submithelpful.php,200,OK,Thread Group 1-62,text,true,191,11695
1370227610789,11576,/submithelpful.php,200,OK,Thread Group 1-63,text,true,191,11576
1370227610886,11493,/submithelpful.php,200,OK,Thread Group 1-65,text,true,191,11493
1370227610986,11977,/submithelpful.php,200,OK,Thread Group 1-66,text,true,191,11977
1370227611057,11914,/submithelpful.php,200,OK,Thread Group 1-67,text,true,191,11914
1370227611234,11751,/submithelpful.php,200,OK,Thread Group 1-64,text,true,191,11751
1370227611335,11698,/submithelpful.php,200,OK,Thread Group 1-69,text,true,191,11698
1370227611461,11608,/submithelpful.php,200,OK,Thread Group 1-70,text,true,191,11608
1370227611521,11594,/submithelpful.php,200,OK,Thread Group 1-71,text,true,191,11594
1370227611655,11512,/submithelpful.php,200,OK,Thread Group 1-72,text,true,191,11512
1370227611710,11480,/submithelpful.php,200,OK,Thread Group 1-73,text,true,191,11480
1370227611875,11347,/submithelpful.php,200,OK,Thread Group 1-74,text,true,191,11347
1370227612251,11002,/submithelpful.php,200,OK,Thread Group 1-76,text,true,191,11002
1370227612324,10949,/submithelpful.php,200,OK,Thread Group 1-75,text,true,191,10949
1370227612426,10857,/submithelpful.php,200,OK,Thread Group 1-5,text,true,191,10857
1370227612492,10818,/submithelpful.php,200,OK,Thread Group 1-77,text,true,191,10818
1370227612849,10508,/submithelpful.php,200,OK,Thread Group 1-68,text,true,191,10508
1370227612777,10580,/submithelpful.php,200,OK,Thread Group 1-82,text,true,191,10580
1370227613087,10282,/submithelpful.php,200,OK,Thread Group 1-78,text,true,191,10282
1370227613063,10306,/submithelpful.php,200,OK,Thread Group 1-79,text,true,191,10306
1370227613052,10318,/submithelpful.php,200,OK,Thread Group 1-80,text,true,191,10318
1370227613096,10282,/submithelpful.php,200,OK,Thread Group 1-83,text,true,191,10282
1370227613247,10131,/submithelpful.php,200,OK,Thread Group 1-84,text,true,191,10131
1370227613256,10194,/submithelpful.php,200,OK,Thread Group 1-86,text,true,191,10194
1370227613532,9921,/submithelpful.php,200,OK,Thread Group 1-87,text,true,191,9921
1370227613541,9974,/submithelpful.php,200,OK,Thread Group 1-89,text,true,191,9974
1370227613554,10062,/submithelpful.php,200,OK,Thread Group 1-90,text,true,191,10062
1370227613596,10051,/submithelpful.php,200,OK,Thread Group 1-88,text,true,191,10051
1370227613716,10238,/submithelpful.php,200,OK,Thread Group 1-91,text,true,191,10238
1370227613700,10283,/submithelpful.php,200,OK,Thread Group 1-85,text,true,191,10283
1370227613846,10159,/submithelpful.php,200,OK,Thread Group 1-4,text,true,191,10159
1370227613904,10182,/submithelpful.php,200,OK,Thread Group 1-92,text,true,191,10182
1370227613981,10252,/submithelpful.php,200,OK,Thread Group 1-94,text,true,191,10252
1370227614153,10153,/submithelpful.php,200,OK,Thread Group 1-93,text,true,191,10153
1370227614229,10186,/submithelpful.php,200,OK,Thread Group 1-97,text,true,191,10186
1370227614517,9955,/submithelpful.php,200,OK,Thread Group 1-98,text,true,191,9955
1370227614364,10185,/submithelpful.php,200,OK,Thread Group 1-95,text,true,191,10185
1370227614719,9906,/submithelpful.php,200,OK,Thread Group 1-100,text,true,191,9906
1370227614762,9950,/submithelpful.php,200,OK,Thread Group 1-99,text,true,191,9950
1370227614816,9951,/submithelpful.php,200,OK,Thread Group 1-81,text,true,191,9951
1370227614975,9940,/submithelpful.php,200,OK,Thread Group 1-7,text,true,191,9940
1370227615087,9894,/submithelpful.php,200,OK,Thread Group 1-96,text,true,191,9894
1370227615260,9849,/submithelpful.php,200,OK,Thread Group 1-8,text,true,191,9849
1370227615336,9836,/submithelpful.php,200,OK,Thread Group 1-9,text,true,191,9836
1370227615436,9782,/submithelpful.php,200,OK,Thread Group 1-1,text,true,191,9782
1370227615553,9727,/submithelpful.php,200,OK,Thread Group 1-10,text,true,191,9727
1370227615853,9565,/submithelpful.php,200,OK,Thread Group 1-11,text,true,191,9565
1370227615906,9605,/submithelpful.php,200,OK,Thread Group 1-12,text,true,191,9605
1370227615953,9600,/submithelpful.php,200,OK,Thread Group 1-13,text,true,191,9600
1370227616115,9578,/submithelpful.php,200,OK,Thread Group 1-15,text,true,191,9578
1370227616158,9609,/submithelpful.php,200,OK,Thread Group 1-16,text,true,191,9609
1370227615993,9898,/submithelpful.php,200,OK,Thread Group 1-14,text,true,191,9898
1370227616237,9693,/submithelpful.php,200,OK,Thread Group 1-17,text,true,191,9693
1370227616287,9707,/submithelpful.php,200,OK,Thread Group 1-20,text,true,191,9707
1370227616408,9641,/submithelpful.php,200,OK,Thread Group 1-18,text,true,191,9641
1370227616551,9635,/submithelpful.php,200,OK,Thread Group 1-21,text,true,191,9635
1370227616590,9662,/submithelpful.php,200,OK,Thread Group 1-22,text,true,191,9662
1370227616651,9737,/submithelpful.php,200,OK,Thread Group 1-23,text,true,191,9737
1370227616691,9744,/submithelpful.php,200,OK,Thread Group 1-26,text,true,191,9744
1370227616760,9763,/submithelpful.php,200,OK,Thread Group 1-19,text,true,191,9763
1370227616826,9763,/submithelpful.php,200,OK,Thread Group 1-28,text,true,191,9763
1370227616949,9779,/submithelpful.php,200,OK,Thread Group 1-31,text,true,191,9779
1370227617015,9764,/submithelpful.php,200,OK,Thread Group 1-25,text,true,191,9764
1370227617095,9821,/submithelpful.php,200,OK,Thread Group 1-29,text,true,191,9821
1370227617172,9800,/submithelpful.php,200,OK,Thread Group 1-30,text,true,191,9800
1370227617172,9843,/submithelpful.php,200,OK,Thread Group 1-27,text,true,191,9843
1370227617211,9875,/submithelpful.php,200,OK,Thread Group 1-36,text,true,191,9875
1370227617325,9845,/submithelpful.php,200,OK,Thread Group 1-32,text,true,191,9845
1370227617421,9756,/submithelpful.php,200,OK,Thread Group 1-24,text,true,191,9756
1370227617573,9668,/submithelpful.php,200,OK,Thread Group 1-33,text,true,191,9668
1370227617746,9598,/submithelpful.php,200,OK,Thread Group 1-34,text,true,191,9598
1370227617819,9563,/submithelpful.php,200,OK,Thread Group 1-3,text,true,191,9563
1370227618047,9496,/submithelpful.php,200,OK,Thread Group 1-40,text,true,191,9496
1370227618055,9536,/submithelpful.php,200,OK,Thread Group 1-37,text,true,191,9536
1370227618275,9387,/submithelpful.php,200,OK,Thread Group 1-41,text,true,191,9387
1370227618435,9293,/submithelpful.php,200,OK,Thread Group 1-2,text,true,191,9293
1370227618483,9346,/submithelpful.php,200,OK,Thread Group 1-39,text,true,191,9346
1370227618552,9418,/submithelpful.php,200,OK,Thread Group 1-43,text,true,191,9418
1370227618625,9357,/submithelpful.php,200,OK,Thread Group 1-44,text,true,191,9357
1370227618791,9392,/submithelpful.php,200,OK,Thread Group 1-35,text,true,191,9392
1370227618818,9394,/submithelpful.php,200,OK,Thread Group 1-38,text,true,191,9394
1370227619038,9221,/submithelpful.php,200,OK,Thread Group 1-42,text,true,191,9221
1370227619093,9215,/submithelpful.php,200,OK,Thread Group 1-46,text,true,191,9215
1370227619128,9254,/submithelpful.php,200,OK,Thread Group 1-45,text,true,191,9254
1370227619165,9316,/submithelpful.php,200,OK,Thread Group 1-48,text,true,191,9316
1370227619298,9272,/submithelpful.php,200,OK,Thread Group 1-51,text,true,191,9272
1370227619362,9328,/submithelpful.php,200,OK,Thread Group 1-50,text,true,191,9328
1370227619436,9288,/submithelpful.php,200,OK,Thread Group 1-53,text,true,191,9288
1370227619607,9165,/submithelpful.php,200,OK,Thread Group 1-47,text,true,191,9165
1370227619697,9130,/submithelpful.php,200,OK,Thread Group 1-54,text,true,191,9130
1370227619865,9061,/submithelpful.php,200,OK,Thread Group 1-6,text,true,191,9061
1370227619920,9036,/submithelpful.php,200,OK,Thread Group 1-49,text,true,191,9036
1370227620153,8967,/submithelpful.php,200,OK,Thread Group 1-52,text,true,191,8967
1370227620342,8819,/submithelpful.php,200,OK,Thread Group 1-56,text,true,191,8819
1370227620466,8751,/submithelpful.php,200,OK,Thread Group 1-57,text,true,191,8751
1370227620704,8551,/submithelpful.php,200,OK,Thread Group 1-61,text,true,191,8551
1370227620942,8344,/submithelpful.php,200,OK,Thread Group 1-55,text,true,191,8344
1370227622243,7084,/submithelpful.php,200,OK,Thread Group 1-58,text,true,191,7084
1370227622278,7090,/submithelpful.php,200,OK,Thread Group 1-60,text,true,191,7090
1370227622282,7141,/submithelpful.php,200,OK,Thread Group 1-59,text,true,191,7141
1370227622310,7267,/submithelpful.php,200,OK,Thread Group 1-62,text,true,191,7267
1370227622366,7320,/submithelpful.php,200,OK,Thread Group 1-63,text,true,191,7320
1370227622380,7343,/submithelpful.php,200,OK,Thread Group 1-65,text,true,191,7343
1370227622964,6800,/submithelpful.php,200,OK,Thread Group 1-66,text,true,191,6800
1370227622985,6815,/submithelpful.php,200,OK,Thread Group 1-64,text,true,191,6815
1370227622972,6871,/submithelpful.php,200,OK,Thread Group 1-67,text,true,191,6871
1370227623033,6884,/submithelpful.php,200,OK,Thread Group 1-69,text,true,191,6884
1370227623069,6921,/submithelpful.php,200,OK,Thread Group 1-70,text,true,191,6921
1370227623114,6998,/submithelpful.php,200,OK,Thread Group 1-71,text,true,191,6998
1370227623167,6983,/submithelpful.php,200,OK,Thread Group 1-72,text,true,191,6983
1370227623190,7007,/submithelpful.php,200,OK,Thread Group 1-73,text,true,191,7007
1370227623222,7048,/submithelpful.php,200,OK,Thread Group 1-74,text,true,191,7048
1370227623252,7137,/submithelpful.php,200,OK,Thread Group 1-76,text,true,191,7137
1370227623273,7229,/submithelpful.php,200,OK,Thread Group 1-75,text,true,191,7229
1370227623283,7303,/submithelpful.php,200,OK,Thread Group 1-5,text,true,191,7303
1370227623309,7370,/submithelpful.php,200,OK,Thread Group 1-77,text,true,191,7370
1370227623357,7408,/submithelpful.php,200,OK,Thread Group 1-68,text,true,191,7408
1370227623357,7601,/submithelpful.php,200,OK,Thread Group 1-82,text,true,191,7601
1370227623371,7598,/submithelpful.php,200,OK,Thread Group 1-80,text,true,191,7598
1370227623370,7682,/submithelpful.php,200,OK,Thread Group 1-79,text,true,191,7682
1370227623369,7819,/submithelpful.php,200,OK,Thread Group 1-78,text,true,191,7819
1370227623378,7877,/submithelpful.php,200,OK,Thread Group 1-83,text,true,191,7877
1370227623378,8001,/submithelpful.php,200,OK,Thread Group 1-84,text,true,191,8001
1370227623450,8021,/submithelpful.php,200,OK,Thread Group 1-86,text,true,191,8021
1370227623453,8059,/submithelpful.php,200,OK,Thread Group 1-87,text,true,191,8059
1370227623514,8043,/submithelpful.php,200,OK,Thread Group 1-89,text,true,191,8043
1370227623616,7987,/submithelpful.php,200,OK,Thread Group 1-90,text,true,191,7987
1370227623647,8099,/submithelpful.php,200,OK,Thread Group 1-88,text,true,191,8099
1370227623954,8083,/submithelpful.php,200,OK,Thread Group 1-91,text,true,191,8083
1370227623983,8113,/submithelpful.php,200,OK,Thread Group 1-85,text,true,191,8113
1370227624086,8014,/submithelpful.php,200,OK,Thread Group 1-92,text,true,191,8014
1370227624005,8095,/submithelpful.php,200,OK,Thread Group 1-4,text,true,191,8095
1370227624233,7874,/submithelpful.php,200,OK,Thread Group 1-94,text,true,191,7874
1370227624306,7846,/submithelpful.php,200,OK,Thread Group 1-93,text,true,191,7846
1370227624415,7774,/submithelpful.php,200,OK,Thread Group 1-97,text,true,191,7774
1370227624472,7772,/submithelpful.php,200,OK,Thread Group 1-98,text,true,191,7772
1370227624549,7739,/submithelpful.php,200,OK,Thread Group 1-95,text,true,191,7739
1370227624625,7709,/submithelpful.php,200,OK,Thread Group 1-100,text,true,191,7709
1370227624712,7682,/submithelpful.php,200,OK,Thread Group 1-99,text,true,191,7682
1370227624766,7663,/submithelpful.php,200,OK,Thread Group 1-81,text,true,191,7663
1370227624915,7561,/submithelpful.php,200,OK,Thread Group 1-7,text,true,191,7561
1370227624980,7542,/submithelpful.php,200,OK,Thread Group 1-96,text,true,191,7542
1370227625109,7463,/submithelpful.php,200,OK,Thread Group 1-8,text,true,191,7463
1370227625172,7469,/submithelpful.php,200,OK,Thread Group 1-9,text,true,191,7469
1370227625217,7472,/submithelpful.php,200,OK,Thread Group 1-1,text,true,191,7472
1370227625280,7456,/submithelpful.php,200,OK,Thread Group 1-10,text,true,191,7456
1370227625510,7367,/submithelpful.php,200,OK,Thread Group 1-12,text,true,191,7367
1370227625553,7354,/submithelpful.php,200,OK,Thread Group 1-13,text,true,191,7354
1370227625693,7255,/submithelpful.php,200,OK,Thread Group 1-15,text,true,191,7255
1370227625417,7706,/submithelpful.php,200,OK,Thread Group 1-11,text,true,191,7706
1370227625767,7368,/submithelpful.php,200,OK,Thread Group 1-16,text,true,191,7368
1370227625891,7272,/submithelpful.php,200,OK,Thread Group 1-14,text,true,191,7272
1370227625931,7277,/submithelpful.php,200,OK,Thread Group 1-17,text,true,191,7277
1370227625994,7254,/submithelpful.php,200,OK,Thread Group 1-20,text,true,191,7254
1370227626049,7328,/submithelpful.php,200,OK,Thread Group 1-18,text,true,191,7328
1370227626187,7217,/submithelpful.php,200,OK,Thread Group 1-21,text,true,191,7217
1370227626253,7185,/submithelpful.php,200,OK,Thread Group 1-22,text,true,191,7185
1370227626388,7112,/submithelpful.php,200,OK,Thread Group 1-23,text,true,191,7112
1370227626435,7267,/submithelpful.php,200,OK,Thread Group 1-26,text,true,191,7267
1370227626524,7219,/submithelpful.php,200,OK,Thread Group 1-19,text,true,191,7219
1370227626590,7274,/submithelpful.php,200,OK,Thread Group 1-28,text,true,191,7274
1370227626730,7179,/submithelpful.php,200,OK,Thread Group 1-31,text,true,191,7179
1370227626780,7179,/submithelpful.php,200,OK,Thread Group 1-25,text,true,191,7179
1370227626973,7053,/submithelpful.php,200,OK,Thread Group 1-30,text,true,191,7053
1370227627015,7153,/submithelpful.php,200,OK,Thread Group 1-27,text,true,191,7153
1370227627087,7104,/submithelpful.php,200,OK,Thread Group 1-36,text,true,191,7104
1370227627178,7074,/submithelpful.php,200,OK,Thread Group 1-24,text,true,191,7074
1370227627171,7160,/submithelpful.php,200,OK,Thread Group 1-32,text,true,191,7160
1370227627242,7155,/submithelpful.php,200,OK,Thread Group 1-33,text,true,191,7155
1370227626917,7581,/submithelpful.php,200,OK,Thread Group 1-29,text,true,191,7581
1370227627345,7263,/submithelpful.php,200,OK,Thread Group 1-34,text,true,191,7263
1370227627382,7270,/submithelpful.php,200,OK,Thread Group 1-3,text,true,191,7270
1370227627544,7159,/submithelpful.php,200,OK,Thread Group 1-40,text,true,191,7159
1370227627592,7165,/submithelpful.php,200,OK,Thread Group 1-37,text,true,191,7165
1370227627663,7118,/submithelpful.php,200,OK,Thread Group 1-41,text,true,191,7118
1370227627728,7090,/submithelpful.php,200,OK,Thread Group 1-2,text,true,191,7090
1370227627830,7029,/submithelpful.php,200,OK,Thread Group 1-39,text,true,191,7029
1370227627971,6966,/submithelpful.php,200,OK,Thread Group 1-43,text,true,191,6966
1370227627982,6982,/submithelpful.php,200,OK,Thread Group 1-44,text,true,191,6982
1370227628213,6815,/submithelpful.php,200,OK,Thread Group 1-38,text,true,191,6815
1370227628184,6993,/submithelpful.php,200,OK,Thread Group 1-35,text,true,191,6993
1370227628260,6921,/submithelpful.php,200,OK,Thread Group 1-42,text,true,191,6921
1370227628308,7134,/submithelpful.php,200,OK,Thread Group 1-46,text,true,191,7134
1370227628383,7075,/submithelpful.php,200,OK,Thread Group 1-45,text,true,191,7075
1370227628482,7112,/submithelpful.php,200,OK,Thread Group 1-48,text,true,191,7112
1370227628571,7089,/submithelpful.php,200,OK,Thread Group 1-51,text,true,191,7089
1370227628690,6986,/submithelpful.php,200,OK,Thread Group 1-50,text,true,191,6986
1370227628725,6989,/submithelpful.php,200,OK,Thread Group 1-53,text,true,191,6989
1370227628772,6995,/submithelpful.php,200,OK,Thread Group 1-47,text,true,191,6995
1370227628827,6966,/submithelpful.php,200,OK,Thread Group 1-54,text,true,191,6966
1370227628927,7049,/submithelpful.php,200,OK,Thread Group 1-6,text,true,191,7049
1370227628957,7074,/submithelpful.php,200,OK,Thread Group 1-49,text,true,191,7074
1370227629121,6910,/submithelpful.php,200,OK,Thread Group 1-52,text,true,191,6910
1370227629161,6945,/submithelpful.php,200,OK,Thread Group 1-56,text,true,191,6945
1370227629218,6927,/submithelpful.php,200,OK,Thread Group 1-57,text,true,191,6927
1370227629256,6897,/submithelpful.php,200,OK,Thread Group 1-61,text,true,191,6897
1370227629287,6925,/submithelpful.php,200,OK,Thread Group 1-55,text,true,191,6925
1370227629329,7020,/submithelpful.php,200,OK,Thread Group 1-58,text,true,191,7020
1370227629370,7050,/submithelpful.php,200,OK,Thread Group 1-60,text,true,191,7050
1370227629424,7024,/submithelpful.php,200,OK,Thread Group 1-59,text,true,191,7024
1370227629579,6912,/submithelpful.php,200,OK,Thread Group 1-62,text,true,191,6912
1370227629688,6855,/submithelpful.php,200,OK,Thread Group 1-63,text,true,191,6855
1370227629725,6942,/submithelpful.php,200,OK,Thread Group 1-65,text,true,191,6942
1370227629765,7037,/submithelpful.php,200,OK,Thread Group 1-66,text,true,191,7037
1370227629802,7009,/submithelpful.php,200,OK,Thread Group 1-64,text,true,191,7009
1370227629845,7109,/submithelpful.php,200,OK,Thread Group 1-67,text,true,191,7109
1370227629918,7106,/submithelpful.php,200,OK,Thread Group 1-69,text,true,191,7106
1370227629992,7192,/submithelpful.php,200,OK,Thread Group 1-70,text,true,191,7192
1370227630114,7099,/submithelpful.php,200,OK,Thread Group 1-71,text,true,191,7099
1370227630151,7085,/submithelpful.php,200,OK,Thread Group 1-72,text,true,191,7085
1370227630199,7095,/submithelpful.php,200,OK,Thread Group 1-73,text,true,191,7095
1370227630272,7149,/submithelpful.php,200,OK,Thread Group 1-74,text,true,191,7149
1370227630391,7144,/submithelpful.php,200,OK,Thread Group 1-76,text,true,191,7144
1370227630504,7041,/submithelpful.php,200,OK,Thread Group 1-75,text,true,191,7041
1370227630587,6963,/submithelpful.php,200,OK,Thread Group 1-5,text,true,191,6963
1370227630681,6945,/submithelpful.php,200,OK,Thread Group 1-77,text,true,191,6945
1370227630767,6911,/submithelpful.php,200,OK,Thread Group 1-68,text,true,191,6911
1370227630971,6786,/submithelpful.php,200,OK,Thread Group 1-80,text,true,191,6786
1370227631054,6742,/submithelpful.php,200,OK,Thread Group 1-79,text,true,191,6742
1370227631190,6678,/submithelpful.php,200,OK,Thread Group 1-78,text,true,191,6678
1370227630960,6956,/submithelpful.php,200,OK,Thread Group 1-82,text,true,191,6956
1370227631257,6685,/submithelpful.php,200,OK,Thread Group 1-83,text,true,191,6685
1370227631381,6600,/submithelpful.php,200,OK,Thread Group 1-84,text,true,191,6600
1370227631473,6552,/submithelpful.php,200,OK,Thread Group 1-86,text,true,191,6552
1370227631514,6568,/submithelpful.php,200,OK,Thread Group 1-87,text,true,191,6568
1370227631559,6557,/submithelpful.php,200,OK,Thread Group 1-89,text,true,191,6557
1370227631605,6605,/submithelpful.php,200,OK,Thread Group 1-90,text,true,191,6605
1370227631747,6525,/submithelpful.php,200,OK,Thread Group 1-88,text,true,191,6525
1370227632039,6293,/submithelpful.php,200,OK,Thread Group 1-91,text,true,191,6293
1370227632097,6349,/submithelpful.php,200,OK,Thread Group 1-85,text,true,191,6349
1370227632102,6373,/submithelpful.php,200,OK,Thread Group 1-4,text,true,191,6373
1370227632102,6418,/submithelpful.php,200,OK,Thread Group 1-92,text,true,191,6418
1370227632109,6446,/submithelpful.php,200,OK,Thread Group 1-94,text,true,191,6446
1370227632153,6444,/submithelpful.php,200,OK,Thread Group 1-93,text,true,191,6444
1370227632191,6469,/submithelpful.php,200,OK,Thread Group 1-97,text,true,191,6469
1370227632246,6434,/submithelpful.php,200,OK,Thread Group 1-98,text,true,191,6434
1370227632290,6434,/submithelpful.php,200,OK,Thread Group 1-95,text,true,191,6434
1370227632336,6452,/submithelpful.php,200,OK,Thread Group 1-100,text,true,191,6452
1370227632396,6425,/submithelpful.php,200,OK,Thread Group 1-99,text,true,191,6425
1370227632431,6436,/submithelpful.php,200,OK,Thread Group 1-81,text,true,191,6436
1370227632524,6468,/submithelpful.php,200,OK,Thread Group 1-96,text,true,191,6468
1370227632574,6461,/submithelpful.php,200,OK,Thread Group 1-8,text,true,191,6461
1370227632643,6444,/submithelpful.php,200,OK,Thread Group 1-9,text,true,191,6444
1370227632690,6506,/submithelpful.php,200,OK,Thread Group 1-1,text,true,191,6506
1370227632738,6491,/submithelpful.php,200,OK,Thread Group 1-10,text,true,191,6491
1370227632477,6800,/submithelpful.php,200,OK,Thread Group 1-7,text,true,191,6800
1370227632879,6592,/submithelpful.php,200,OK,Thread Group 1-12,text,true,191,6592
1370227632908,6606,/submithelpful.php,200,OK,Thread Group 1-13,text,true,191,6606
1370227632950,6582,/submithelpful.php,200,OK,Thread Group 1-15,text,true,191,6582
1370227633137,6466,/submithelpful.php,200,OK,Thread Group 1-16,text,true,191,6466
1370227633124,6528,/submithelpful.php,200,OK,Thread Group 1-11,text,true,191,6528
1370227633165,6580,/submithelpful.php,200,OK,Thread Group 1-14,text,true,191,6580
1370227633209,6658,/submithelpful.php,200,OK,Thread Group 1-17,text,true,191,6658
1370227633250,6652,/submithelpful.php,200,OK,Thread Group 1-20,text,true,191,6652
1370227633378,6701,/submithelpful.php,200,OK,Thread Group 1-18,text,true,191,6701
1370227633405,6733,/submithelpful.php,200,OK,Thread Group 1-21,text,true,191,6733
1370227633439,6749,/submithelpful.php,200,OK,Thread Group 1-22,text,true,191,6749
1370227633501,6780,/submithelpful.php,200,OK,Thread Group 1-23,text,true,191,6780
1370227633704,6659,/submithelpful.php,200,OK,Thread Group 1-26,text,true,191,6659
1370227633744,6667,/submithelpful.php,200,OK,Thread Group 1-19,text,true,191,6667
1370227633866,6685,/submithelpful.php,200,OK,Thread Group 1-28,text,true,191,6685
1370227633910,6778,/submithelpful.php,200,OK,Thread Group 1-31,text,true,191,6778
1370227633960,6791,/submithelpful.php,200,OK,Thread Group 1-25,text,true,191,6791
1370227634027,6774,/submithelpful.php,200,OK,Thread Group 1-30,text,true,191,6774
1370227634171,6633,/submithelpful.php,200,OK,Thread Group 1-27,text,true,191,6633
1370227634192,6621,/submithelpful.php,200,OK,Thread Group 1-36,text,true,191,6621
1370227634253,7017,/submithelpful.php,200,OK,Thread Group 1-24,text,true,191,7017
1370227634332,6947,/submithelpful.php,200,OK,Thread Group 1-32,text,true,191,6947
1370227634398,7131,/submithelpful.php,200,OK,Thread Group 1-33,text,true,191,7131
1370227634499,7053,/submithelpful.php,200,OK,Thread Group 1-29,text,true,191,7053
1370227634609,7036,/submithelpful.php,200,OK,Thread Group 1-34,text,true,191,7036
1370227634652,7109,/submithelpful.php,200,OK,Thread Group 1-3,text,true,191,7109
1370227634703,7107,/submithelpful.php,200,OK,Thread Group 1-40,text,true,191,7107
1370227634758,7122,/submithelpful.php,200,OK,Thread Group 1-37,text,true,191,7122
1370227634781,7210,/submithelpful.php,200,OK,Thread Group 1-41,text,true,191,7210
1370227634819,7212,/submithelpful.php,200,OK,Thread Group 1-2,text,true,191,7212
1370227634860,7233,/submithelpful.php,200,OK,Thread Group 1-39,text,true,191,7233
1370227634937,7449,/submithelpful.php,200,OK,Thread Group 1-43,text,true,191,7449
1370227634965,7528,/submithelpful.php,200,OK,Thread Group 1-44,text,true,191,7528
1370227635028,7588,/submithelpful.php,200,OK,Thread Group 1-38,text,true,191,7588
1370227635182,7595,/submithelpful.php,200,OK,Thread Group 1-42,text,true,191,7595
1370227635177,7677,/submithelpful.php,200,OK,Thread Group 1-35,text,true,191,7677
1370227635442,7813,/submithelpful.php,200,OK,Thread Group 1-46,text,true,191,7813
1370227635459,7923,/submithelpful.php,200,OK,Thread Group 1-45,text,true,191,7923
1370227635595,7932,/submithelpful.php,200,OK,Thread Group 1-48,text,true,191,7932
1370227635660,7962,/submithelpful.php,200,OK,Thread Group 1-51,text,true,191,7962
1370227635677,8025,/submithelpful.php,200,OK,Thread Group 1-50,text,true,191,8025
1370227635715,8020,/submithelpful.php,200,OK,Thread Group 1-53,text,true,191,8020
1370227635767,8036,/submithelpful.php,200,OK,Thread Group 1-47,text,true,191,8036
1370227635794,8226,/submithelpful.php,200,OK,Thread Group 1-54,text,true,191,8226
1370227635977,8048,/submithelpful.php,200,OK,Thread Group 1-6,text,true,191,8048
1370227636032,8027,/submithelpful.php,200,OK,Thread Group 1-49,text,true,191,8027
1370227636032,8236,/submithelpful.php,200,OK,Thread Group 1-52,text,true,191,8236
1370227636107,8234,/submithelpful.php,200,OK,Thread Group 1-56,text,true,191,8234
1370227636146,8242,/submithelpful.php,200,OK,Thread Group 1-57,text,true,191,8242
1370227636154,8609,/submithelpful.php,200,OK,Thread Group 1-61,text,true,191,8609
1370227636212,8574,/submithelpful.php,200,OK,Thread Group 1-55,text,true,191,8574
1370227636349,8535,/submithelpful.php,200,OK,Thread Group 1-58,text,true,191,8535
1370227636419,8465,/submithelpful.php,200,OK,Thread Group 1-60,text,true,191,8465
1370227636447,8706,/submithelpful.php,200,OK,Thread Group 1-59,text,true,191,8706
1370227636490,9025,/submithelpful.php,200,OK,Thread Group 1-62,text,true,191,9025
1370227636543,9098,/submithelpful.php,200,OK,Thread Group 1-63,text,true,191,9098
1370227636668,8978,/submithelpful.php,200,OK,Thread Group 1-65,text,true,191,8978
1370227636802,8844,/submithelpful.php,200,OK,Thread Group 1-66,text,true,191,8844
1370227636810,9074,/submithelpful.php,200,OK,Thread Group 1-64,text,true,191,9074
1370227636954,8968,/submithelpful.php,200,OK,Thread Group 1-67,text,true,191,8968
1370227637023,8921,/submithelpful.php,200,OK,Thread Group 1-69,text,true,191,8921
1370227637184,8778,/submithelpful.php,200,OK,Thread Group 1-70,text,true,191,8778
1370227637213,8816,/submithelpful.php,200,OK,Thread Group 1-71,text,true,191,8816
1370227637236,8911,/submithelpful.php,200,OK,Thread Group 1-72,text,true,191,8911
1370227637294,9053,/submithelpful.php,200,OK,Thread Group 1-73,text,true,191,9053
1370227637421,9115,/submithelpful.php,200,OK,Thread Group 1-74,text,true,191,9115
1370227637535,9043,/submithelpful.php,200,OK,Thread Group 1-76,text,true,191,9043
1370227637545,9054,/submithelpful.php,200,OK,Thread Group 1-75,text,true,191,9054
1370227637550,9080,/submithelpful.php,200,OK,Thread Group 1-5,text,true,191,9080
1370227637626,9092,/submithelpful.php,200,OK,Thread Group 1-77,text,true,191,9092
1370227637678,9112,/submithelpful.php,200,OK,Thread Group 1-68,text,true,191,9112
1370227637757,9087,/submithelpful.php,200,OK,Thread Group 1-80,text,true,191,9087
1370227637796,9109,/submithelpful.php,200,OK,Thread Group 1-79,text,true,191,9109
1370227637868,9086,/submithelpful.php,200,OK,Thread Group 1-78,text,true,191,9086
1370227637916,9053,/submithelpful.php,200,OK,Thread Group 1-82,text,true,191,9053
1370227637942,9061,/submithelpful.php,200,OK,Thread Group 1-83,text,true,191,9061
1370227637981,9141,/submithelpful.php,200,OK,Thread Group 1-84,text,true,191,9141
1370227638025,9149,/submithelpful.php,200,OK,Thread Group 1-86,text,true,191,9149
1370227638081,9131,/submithelpful.php,200,OK,Thread Group 1-87,text,true,191,9131
1370227638116,9145,/submithelpful.php,200,OK,Thread Group 1-89,text,true,191,9145
1370227638210,9115,/submithelpful.php,200,OK,Thread Group 1-90,text,true,191,9115
1370227638272,9204,/submithelpful.php,200,OK,Thread Group 1-88,text,true,191,9204
1370227638332,9213,/submithelpful.php,200,OK,Thread Group 1-91,text,true,191,9213
1370227638446,9131,/submithelpful.php,200,OK,Thread Group 1-85,text,true,191,9131
1370227638475,9148,/submithelpful.php,200,OK,Thread Group 1-4,text,true,191,9148
1370227638520,9159,/submithelpful.php,200,OK,Thread Group 1-92,text,true,191,9159
1370227638554,9166,/submithelpful.php,200,OK,Thread Group 1-94,text,true,191,9166
1370227638597,9167,/submithelpful.php,200,OK,Thread Group 1-93,text,true,191,9167
1370227638660,9168,/submithelpful.php,200,OK,Thread Group 1-97,text,true,191,9168
1370227638680,9196,/submithelpful.php,200,OK,Thread Group 1-98,text,true,191,9196
1370227638724,9301,/submithelpful.php,200,OK,Thread Group 1-95,text,true,191,9301
1370227638788,9302,/submithelpful.php,200,OK,Thread Group 1-100,text,true,191,9302
1370227638821,9285,/submithelpful.php,200,OK,Thread Group 1-99,text,true,191,9285
1370227638866,9313,/submithelpful.php,200,OK,Thread Group 1-81,text,true,191,9313
1370227638992,9215,/submithelpful.php,200,OK,Thread Group 1-96,text,true,191,9215
1370227639035,9231,/submithelpful.php,200,OK,Thread Group 1-8,text,true,191,9231
1370227639087,9349,/submithelpful.php,200,OK,Thread Group 1-9,text,true,191,9349
1370227639196,9295,/submithelpful.php,200,OK,Thread Group 1-1,text,true,191,9295
1370227639229,9315,/submithelpful.php,200,OK,Thread Group 1-10,text,true,191,9315
1370227639277,9311,/submithelpful.php,200,OK,Thread Group 1-7,text,true,191,9311
1370227639471,9375,/submithelpful.php,200,OK,Thread Group 1-12,text,true,191,9375
1370227639514,9433,/submithelpful.php,200,OK,Thread Group 1-13,text,true,191,9433
1370227639531,9506,/submithelpful.php,200,OK,Thread Group 1-15,text,true,191,9506
1370227639603,9508,/submithelpful.php,200,OK,Thread Group 1-16,text,true,191,9508
1370227639652,9658,/submithelpful.php,200,OK,Thread Group 1-11,text,true,191,9658
1370227639745,9744,/submithelpful.php,200,OK,Thread Group 1-14,text,true,191,9744
1370227639867,9680,/submithelpful.php,200,OK,Thread Group 1-17,text,true,191,9680
1370227639902,9806,/submithelpful.php,200,OK,Thread Group 1-20,text,true,191,9806
1370227640079,9799,/submithelpful.php,200,OK,Thread Group 1-18,text,true,191,9799
1370227640138,9807,/submithelpful.php,200,OK,Thread Group 1-21,text,true,191,9807
1370227640188,9822,/submithelpful.php,200,OK,Thread Group 1-22,text,true,191,9822
1370227640281,9858,/submithelpful.php,200,OK,Thread Group 1-23,text,true,191,9858
1370227640363,9797,/submithelpful.php,200,OK,Thread Group 1-26,text,true,191,9797
1370227640411,9853,/submithelpful.php,200,OK,Thread Group 1-19,text,true,191,9853
1370227640551,9775,/submithelpful.php,200,OK,Thread Group 1-28,text,true,191,9775
1370227640688,9731,/submithelpful.php,200,OK,Thread Group 1-31,text,true,191,9731
1370227640751,9829,/submithelpful.php,200,OK,Thread Group 1-25,text,true,191,9829
1370227640804,9789,/submithelpful.php,200,OK,Thread Group 1-27,text,true,191,9789
1370227640801,9932,/submithelpful.php,200,OK,Thread Group 1-30,text,true,191,9932
1370227640813,10005,/submithelpful.php,200,OK,Thread Group 1-36,text,true,191,10005
1370227641280,9663,/submithelpful.php,200,OK,Thread Group 1-32,text,true,191,9663
1370227641271,9672,/submithelpful.php,200,OK,Thread Group 1-24,text,true,191,9672
1370227641529,9602,/submithelpful.php,200,OK,Thread Group 1-33,text,true,191,9602
1370227641553,9587,/submithelpful.php,200,OK,Thread Group 1-29,text,true,191,9587
1370227641646,9685,/submithelpful.php,200,OK,Thread Group 1-34,text,true,191,9685
1370227641761,9767,/submithelpful.php,200,OK,Thread Group 1-3,text,true,191,9767
1370227641810,9766,/submithelpful.php,200,OK,Thread Group 1-40,text,true,191,9766
1370227641882,9743,/submithelpful.php,200,OK,Thread Group 1-37,text,true,191,9743
1370227641992,9671,/submithelpful.php,200,OK,Thread Group 1-41,text,true,191,9671
1370227642032,9676,/submithelpful.php,200,OK,Thread Group 1-2,text,true,191,9676
1370227642093,9797,/submithelpful.php,200,OK,Thread Group 1-39,text,true,191,9797
1370227642387,9585,/submithelpful.php,200,OK,Thread Group 1-43,text,true,191,9585
1370227642494,9830,/submithelpful.php,200,OK,Thread Group 1-44,text,true,191,9830
1370227642618,9765,/submithelpful.php,200,OK,Thread Group 1-38,text,true,191,9765
1370227642778,9759,/submithelpful.php,200,OK,Thread Group 1-42,text,true,191,9759
1370227642855,9727,/submithelpful.php,200,OK,Thread Group 1-35,text,true,191,9727
1370227643256,9428,/submithelpful.php,200,OK,Thread Group 1-46,text,true,191,9428
1370227643383,9378,/submithelpful.php,200,OK,Thread Group 1-45,text,true,191,9378
1370227643527,9275,/submithelpful.php,200,OK,Thread Group 1-48,text,true,191,9275
1370227643623,9241,/submithelpful.php,200,OK,Thread Group 1-51,text,true,191,9241
1370227643704,9226,/submithelpful.php,200,OK,Thread Group 1-50,text,true,191,9226
1370227643737,9295,/submithelpful.php,200,OK,Thread Group 1-53,text,true,191,9295
1370227643805,9280,/submithelpful.php,200,OK,Thread Group 1-47,text,true,191,9280
1370227644022,9109,/submithelpful.php,200,OK,Thread Group 1-54,text,true,191,9109
1370227644027,9153,/submithelpful.php,200,OK,Thread Group 1-6,text,true,191,9153
1370227644062,9161,/submithelpful.php,200,OK,Thread Group 1-49,text,true,191,9161
1370227644269,9080,/submithelpful.php,200,OK,Thread Group 1-52,text,true,191,9080
1370227644343,9095,/submithelpful.php,200,OK,Thread Group 1-56,text,true,191,9095
1370227644390,9100,/submithelpful.php,200,OK,Thread Group 1-57,text,true,191,9100
1370227644789,8808,/submithelpful.php,200,OK,Thread Group 1-55,text,true,191,8808
1370227644764,8885,/submithelpful.php,200,OK,Thread Group 1-61,text,true,191,8885
1370227644887,8846,/submithelpful.php,200,OK,Thread Group 1-60,text,true,191,8846
1370227644887,8912,/submithelpful.php,200,OK,Thread Group 1-58,text,true,191,8912
1370227645155,8734,/submithelpful.php,200,OK,Thread Group 1-59,text,true,191,8734
1370227645517,8487,/submithelpful.php,200,OK,Thread Group 1-62,text,true,191,8487
1370227645644,8420,/submithelpful.php,200,OK,Thread Group 1-63,text,true,191,8420
1370227645649,8444,/submithelpful.php,200,OK,Thread Group 1-66,text,true,191,8444
1370227645649,8474,/submithelpful.php,200,OK,Thread Group 1-65,text,true,191,8474
1370227645886,8275,/submithelpful.php,200,OK,Thread Group 1-64,text,true,191,8275
1370227645924,8299,/submithelpful.php,200,OK,Thread Group 1-67,text,true,191,8299
1370227645946,8304,/submithelpful.php,200,OK,Thread Group 1-69,text,true,191,8304
1370227645964,8339,/submithelpful.php,200,OK,Thread Group 1-70,text,true,191,8339
1370227646032,8297,/submithelpful.php,200,OK,Thread Group 1-71,text,true,191,8297
1370227646151,8233,/submithelpful.php,200,OK,Thread Group 1-72,text,true,191,8233
1370227646350,8166,/submithelpful.php,200,OK,Thread Group 1-73,text,true,191,8166
1370227646538,8030,/submithelpful.php,200,OK,Thread Group 1-74,text,true,191,8030
1370227646581,8008,/submithelpful.php,200,OK,Thread Group 1-76,text,true,191,8008
1370227646601,8030,/submithelpful.php,200,OK,Thread Group 1-75,text,true,191,8030
1370227646632,8088,/submithelpful.php,200,OK,Thread Group 1-5,text,true,191,8088
1370227646720,8007,/submithelpful.php,200,OK,Thread Group 1-77,text,true,191,8007
1370227646794,8000,/submithelpful.php,200,OK,Thread Group 1-68,text,true,191,8000
1370227646846,8013,/submithelpful.php,200,OK,Thread Group 1-80,text,true,191,8013
1370227646908,8069,/submithelpful.php,200,OK,Thread Group 1-79,text,true,191,8069
1370227646958,8075,/submithelpful.php,200,OK,Thread Group 1-78,text,true,191,8075
1370227646972,8267,/submithelpful.php,200,OK,Thread Group 1-82,text,true,191,8267
1370227647006,8331,/submithelpful.php,200,OK,Thread Group 1-83,text,true,191,8331
1370227647125,8355,/submithelpful.php,200,OK,Thread Group 1-84,text,true,191,8355
1370227647176,8370,/submithelpful.php,200,OK,Thread Group 1-86,text,true,191,8370
1370227647215,8496,/submithelpful.php,200,OK,Thread Group 1-87,text,true,191,8496
1370227647264,8522,/submithelpful.php,200,OK,Thread Group 1-89,text,true,191,8522
1370227647478,8417,/submithelpful.php,200,OK,Thread Group 1-88,text,true,191,8417
1370227647580,8354,/submithelpful.php,200,OK,Thread Group 1-85,text,true,191,8354
1370227647625,8340,/submithelpful.php,200,OK,Thread Group 1-4,text,true,191,8340
1370227647682,8407,/submithelpful.php,200,OK,Thread Group 1-92,text,true,191,8407
1370227647725,8427,/submithelpful.php,200,OK,Thread Group 1-94,text,true,191,8427
1370227647767,8554,/submithelpful.php,200,OK,Thread Group 1-93,text,true,191,8554
1370227647830,8693,/submithelpful.php,200,OK,Thread Group 1-97,text,true,191,8693
1370227647880,8719,/submithelpful.php,200,OK,Thread Group 1-98,text,true,191,8719
1370227648028,8702,/submithelpful.php,200,OK,Thread Group 1-95,text,true,191,8702
1370227648093,8770,/submithelpful.php,200,OK,Thread Group 1-100,text,true,191,8770
1370227648182,8705,/submithelpful.php,200,OK,Thread Group 1-81,text,true,191,8705
1370227647328,10023,/submithelpful.php,200,OK,Thread Group 1-90,text,true,191,10023
1370227648210,9141,/submithelpful.php,200,OK,Thread Group 1-96,text,true,191,9141
1370227648269,9125,/submithelpful.php,200,OK,Thread Group 1-8,text,true,191,9125
1370227647547,9953,/submithelpful.php,200,OK,Thread Group 1-91,text,true,191,9953
1370227648439,9214,/submithelpful.php,200,OK,Thread Group 1-9,text,true,191,9214
1370227648493,9417,/submithelpful.php,200,OK,Thread Group 1-1,text,true,191,9417
1370227648547,9885,/submithelpful.php,200,OK,Thread Group 1-10,text,true,191,9885
1370227648591,9979,/submithelpful.php,200,OK,Thread Group 1-7,text,true,191,9979
1370227648848,9777,/submithelpful.php,200,OK,Thread Group 1-12,text,true,191,9777
1370227648108,10518,/submithelpful.php,200,OK,Thread Group 1-99,text,true,191,10518
1370227648949,9687,/submithelpful.php,200,OK,Thread Group 1-13,text,true,191,9687
1370227649040,9633,/submithelpful.php,200,OK,Thread Group 1-15,text,true,191,9633
1370227649113,9569,/submithelpful.php,200,OK,Thread Group 1-16,text,true,191,9569
1370227649312,9372,/submithelpful.php,200,OK,Thread Group 1-11,text,true,191,9372
1370227649492,9479,/submithelpful.php,200,OK,Thread Group 1-14,text,true,191,9479
1370227649550,9428,/submithelpful.php,200,OK,Thread Group 1-17,text,true,191,9428
1370227649711,9319,/submithelpful.php,200,OK,Thread Group 1-20,text,true,191,9319
1370227649881,9222,/submithelpful.php,200,OK,Thread Group 1-18,text,true,191,9222
1370227649949,9181,/submithelpful.php,200,OK,Thread Group 1-21,text,true,191,9181
1370227650014,9136,/submithelpful.php,200,OK,Thread Group 1-22,text,true,191,9136
1370227650142,9096,/submithelpful.php,200,OK,Thread Group 1-23,text,true,191,9096
1370227650162,9085,/submithelpful.php,200,OK,Thread Group 1-26,text,true,191,9085
1370227650267,9000,/submithelpful.php,200,OK,Thread Group 1-19,text,true,191,9000
1370227650328,8991,/submithelpful.php,200,OK,Thread Group 1-28,text,true,191,8991
1370227650421,9009,/submithelpful.php,200,OK,Thread Group 1-31,text,true,191,9009
1370227650583,8904,/submithelpful.php,200,OK,Thread Group 1-25,text,true,191,8904
1370227650596,9019,/submithelpful.php,200,OK,Thread Group 1-27,text,true,191,9019
1370227650737,8937,/submithelpful.php,200,OK,Thread Group 1-30,text,true,191,8937
1370227650825,8911,/submithelpful.php,200,OK,Thread Group 1-36,text,true,191,8911
1370227650945,8834,/submithelpful.php,200,OK,Thread Group 1-32,text,true,191,8834
1370227650945,8878,/submithelpful.php,200,OK,Thread Group 1-24,text,true,191,8878
1370227651132,8851,/submithelpful.php,200,OK,Thread Group 1-33,text,true,191,8851
1370227651141,8894,/submithelpful.php,200,OK,Thread Group 1-29,text,true,191,8894
1370227651332,8757,/submithelpful.php,200,OK,Thread Group 1-34,text,true,191,8757
1370227651528,8724,/submithelpful.php,200,OK,Thread Group 1-3,text,true,191,8724
1370227651577,8795,/submithelpful.php,200,OK,Thread Group 1-40,text,true,191,8795
1370227651625,8789,/submithelpful.php,200,OK,Thread Group 1-37,text,true,191,8789
1370227651664,8802,/submithelpful.php,200,OK,Thread Group 1-41,text,true,191,8802
1370227651709,8796,/submithelpful.php,200,OK,Thread Group 1-2,text,true,191,8796
1370227651891,8653,/submithelpful.php,200,OK,Thread Group 1-39,text,true,191,8653
1370227651973,8620,/submithelpful.php,200,OK,Thread Group 1-43,text,true,191,8620
1370227652324,8319,/submithelpful.php,200,OK,Thread Group 1-44,text,true,191,8319
1370227652383,8506,/submithelpful.php,200,OK,Thread Group 1-38,text,true,191,8506
1370227652538,8448,/submithelpful.php,200,OK,Thread Group 1-42,text,true,191,8448
1370227652583,8638,/submithelpful.php,200,OK,Thread Group 1-35,text,true,191,8638
1370227652686,8540,/submithelpful.php,200,OK,Thread Group 1-46,text,true,191,8540
1370227652762,8516,/submithelpful.php,200,OK,Thread Group 1-45,text,true,191,8516
1370227652803,8572,/submithelpful.php,200,OK,Thread Group 1-48,text,true,191,8572
1370227652865,8684,/submithelpful.php,200,OK,Thread Group 1-51,text,true,191,8684
1370227652930,8772,/submithelpful.php,200,OK,Thread Group 1-50,text,true,191,8772
1370227653032,8847,/submithelpful.php,200,OK,Thread Group 1-53,text,true,191,8847
1370227653086,8864,/submithelpful.php,200,OK,Thread Group 1-47,text,true,191,8864
1370227653132,8998,/submithelpful.php,200,OK,Thread Group 1-54,text,true,191,8998
1370227653181,9035,/submithelpful.php,200,OK,Thread Group 1-6,text,true,191,9035
1370227653223,9123,/submithelpful.php,200,OK,Thread Group 1-49,text,true,191,9123
1370227653350,9190,/submithelpful.php,200,OK,Thread Group 1-52,text,true,191,9190
1370227653439,9171,/submithelpful.php,200,OK,Thread Group 1-56,text,true,191,9171
1370227653491,9279,/submithelpful.php,200,OK,Thread Group 1-57,text,true,191,9279
1370227653597,9197,/submithelpful.php,200,OK,Thread Group 1-55,text,true,191,9197
1370227653650,9316,/submithelpful.php,200,OK,Thread Group 1-61,text,true,191,9316
1370227653733,9319,/submithelpful.php,200,OK,Thread Group 1-60,text,true,191,9319
1370227653799,9375,/submithelpful.php,200,OK,Thread Group 1-58,text,true,191,9375
1370227653889,9371,/submithelpful.php,200,OK,Thread Group 1-59,text,true,191,9371
1370227654065,9333,/submithelpful.php,200,OK,Thread Group 1-63,text,true,191,9333
1370227654093,9789,/submithelpful.php,200,OK,Thread Group 1-66,text,true,191,9789
1370227654005,9998,/submithelpful.php,200,OK,Thread Group 1-62,text,true,191,9998
1370227654123,9965,/submithelpful.php,200,OK,Thread Group 1-65,text,true,191,9965
1370227654161,10050,/submithelpful.php,200,OK,Thread Group 1-64,text,true,191,10050
1370227654223,10073,/submithelpful.php,200,OK,Thread Group 1-67,text,true,191,10073
1370227654251,10195,/submithelpful.php,200,OK,Thread Group 1-69,text,true,191,10195
1370227654304,10176,/submithelpful.php,200,OK,Thread Group 1-70,text,true,191,10176
1370227654330,10322,/submithelpful.php,200,OK,Thread Group 1-71,text,true,191,10322
1370227654384,10352,/submithelpful.php,200,OK,Thread Group 1-72,text,true,191,10352
1370227654516,10453,/submithelpful.php,200,OK,Thread Group 1-73,text,true,191,10453
1370227654568,10508,/submithelpful.php,200,OK,Thread Group 1-74,text,true,191,10508
1370227654590,10537,/submithelpful.php,200,OK,Thread Group 1-76,text,true,191,10537
1370227654631,10634,/submithelpful.php,200,OK,Thread Group 1-75,text,true,191,10634
1370227654720,10592,/submithelpful.php,200,OK,Thread Group 1-5,text,true,191,10592
1370227654727,10768,/submithelpful.php,200,OK,Thread Group 1-77,text,true,191,10768
1370227654795,10807,/submithelpful.php,200,OK,Thread Group 1-68,text,true,191,10807
1370227654860,10848,/submithelpful.php,200,OK,Thread Group 1-80,text,true,191,10848
1370227655034,10742,/submithelpful.php,200,OK,Thread Group 1-78,text,true,191,10742
1370227654977,10977,/submithelpful.php,200,OK,Thread Group 1-79,text,true,191,10977
1370227655240,10870,/submithelpful.php,200,OK,Thread Group 1-82,text,true,191,10870
1370227655338,10812,/submithelpful.php,200,OK,Thread Group 1-83,text,true,191,10812
1370227655481,10845,/submithelpful.php,200,OK,Thread Group 1-84,text,true,191,10845
1370227655548,10867,/submithelpful.php,200,OK,Thread Group 1-86,text,true,191,10867
1370227655711,10742,/submithelpful.php,200,OK,Thread Group 1-87,text,true,191,10742
1370227655786,10719,/submithelpful.php,200,OK,Thread Group 1-89,text,true,191,10719
1370227655896,10664,/submithelpful.php,200,OK,Thread Group 1-88,text,true,191,10664
1370227655935,10761,/submithelpful.php,200,OK,Thread Group 1-85,text,true,191,10761
1370227655966,10812,/submithelpful.php,200,OK,Thread Group 1-4,text,true,191,10812
1370227656089,10822,/submithelpful.php,200,OK,Thread Group 1-92,text,true,191,10822
1370227656152,10940,/submithelpful.php,200,OK,Thread Group 1-94,text,true,191,10940
1370227656525,11009,/submithelpful.php,200,OK,Thread Group 1-97,text,true,191,11009
1370227656601,10933,/submithelpful.php,200,OK,Thread Group 1-98,text,true,191,10933
1370227656323,11212,/submithelpful.php,200,OK,Thread Group 1-93,text,true,191,11212
1370227656731,10820,/submithelpful.php,200,OK,Thread Group 1-95,text,true,191,10820
1370227656866,10699,/submithelpful.php,200,OK,Thread Group 1-100,text,true,191,10699
1370227656889,10732,/submithelpful.php,200,OK,Thread Group 1-81,text,true,191,10732
1370227657353,10404,/submithelpful.php,200,OK,Thread Group 1-90,text,true,191,10404
1370227657354,10468,/submithelpful.php,200,OK,Thread Group 1-96,text,true,191,10468
1370227657396,10435,/submithelpful.php,200,OK,Thread Group 1-8,text,true,191,10435
1370227657502,10336,/submithelpful.php,200,OK,Thread Group 1-91,text,true,191,10336
1370227657655,10246,/submithelpful.php,200,OK,Thread Group 1-9,text,true,191,10246
1370227657911,10012,/submithelpful.php,200,OK,Thread Group 1-1,text,true,191,10012
1370227658434,9757,/submithelpful.php,200,OK,Thread Group 1-10,text,true,191,9757
1370227658572,9660,/submithelpful.php,200,OK,Thread Group 1-7,text,true,191,9660
1370227658628,9665,/submithelpful.php,200,OK,Thread Group 1-12,text,true,191,9665
1370227658628,9770,/submithelpful.php,200,OK,Thread Group 1-99,text,true,191,9770
1370227658638,9781,/submithelpful.php,200,OK,Thread Group 1-13,text,true,191,9781
1370227658675,9839,/submithelpful.php,200,OK,Thread Group 1-15,text,true,191,9839
1370227658686,9934,/submithelpful.php,200,OK,Thread Group 1-16,text,true,191,9934
1370227658686,10073,/submithelpful.php,200,OK,Thread Group 1-11,text,true,191,10073
1370227658977,9887,/submithelpful.php,200,OK,Thread Group 1-14,text,true,191,9887
1370227658980,9994,/submithelpful.php,200,OK,Thread Group 1-17,text,true,191,9994
1370227659031,10009,/submithelpful.php,200,OK,Thread Group 1-20,text,true,191,10009
1370227659105,10053,/submithelpful.php,200,OK,Thread Group 1-18,text,true,191,10053
1370227659133,10057,/submithelpful.php,200,OK,Thread Group 1-21,text,true,191,10057
1370227659153,10090,/submithelpful.php,200,OK,Thread Group 1-22,text,true,191,10090
1370227659241,10043,/submithelpful.php,200,OK,Thread Group 1-23,text,true,191,10043
1370227659248,10079,/submithelpful.php,200,OK,Thread Group 1-26,text,true,191,10079
1370227659271,10105,/submithelpful.php,200,OK,Thread Group 1-19,text,true,191,10105
1370227659323,10105,/submithelpful.php,200,OK,Thread Group 1-28,text,true,191,10105
1370227659432,10023,/submithelpful.php,200,OK,Thread Group 1-31,text,true,191,10023
1370227659491,10020,/submithelpful.php,200,OK,Thread Group 1-25,text,true,191,10020
1370227659616,9940,/submithelpful.php,200,OK,Thread Group 1-27,text,true,191,9940
1370227659676,9935,/submithelpful.php,200,OK,Thread Group 1-30,text,true,191,9935
1370227659738,9996,/submithelpful.php,200,OK,Thread Group 1-36,text,true,191,9996
1370227659781,10091,/submithelpful.php,200,OK,Thread Group 1-32,text,true,191,10091
1370227659824,10164,/submithelpful.php,200,OK,Thread Group 1-24,text,true,191,10164
1370227659985,10059,/submithelpful.php,200,OK,Thread Group 1-33,text,true,191,10059
1370227660037,10162,/submithelpful.php,200,OK,Thread Group 1-29,text,true,191,10162
1370227660092,10233,/submithelpful.php,200,OK,Thread Group 1-34,text,true,191,10233
1370227660254,10129,/submithelpful.php,200,OK,Thread Group 1-3,text,true,191,10129
1370227660375,10077,/submithelpful.php,200,OK,Thread Group 1-40,text,true,191,10077
1370227660416,10065,/submithelpful.php,200,OK,Thread Group 1-37,text,true,191,10065
1370227660468,10064,/submithelpful.php,200,OK,Thread Group 1-41,text,true,191,10064
1370227660508,10150,/submithelpful.php,200,OK,Thread Group 1-2,text,true,191,10150
1370227660547,10160,/submithelpful.php,200,OK,Thread Group 1-39,text,true,191,10160
1370227660595,10163,/submithelpful.php,200,OK,Thread Group 1-43,text,true,191,10163
1370227660645,10232,/submithelpful.php,200,OK,Thread Group 1-44,text,true,191,10232
1370227660891,10052,/submithelpful.php,200,OK,Thread Group 1-38,text,true,191,10052
1370227660988,10021,/submithelpful.php,200,OK,Thread Group 1-42,text,true,191,10021
1370227661223,9938,/submithelpful.php,200,OK,Thread Group 1-35,text,true,191,9938
1370227661229,10010,/submithelpful.php,200,OK,Thread Group 1-46,text,true,191,10010
1370227661281,10027,/submithelpful.php,200,OK,Thread Group 1-45,text,true,191,10027
1370227661378,10128,/submithelpful.php,200,OK,Thread Group 1-48,text,true,191,10128
1370227661551,10107,/submithelpful.php,200,OK,Thread Group 1-51,text,true,191,10107
1370227661705,10019,/submithelpful.php,200,OK,Thread Group 1-50,text,true,191,10019
1370227661882,9868,/submithelpful.php,200,OK,Thread Group 1-53,text,true,191,9868
1370227661952,9934,/submithelpful.php,200,OK,Thread Group 1-47,text,true,191,9934
1370227662132,9780,/submithelpful.php,200,OK,Thread Group 1-54,text,true,191,9780
1370227662218,9709,/submithelpful.php,200,OK,Thread Group 1-6,text,true,191,9709
1370227662349,9657,/submithelpful.php,200,OK,Thread Group 1-49,text,true,191,9657
1370227662543,9562,/submithelpful.php,200,OK,Thread Group 1-52,text,true,191,9562
1370227662612,9581,/submithelpful.php,200,OK,Thread Group 1-56,text,true,191,9581
1370227662773,9471,/submithelpful.php,200,OK,Thread Group 1-57,text,true,191,9471
1370227662796,9472,/submithelpful.php,200,OK,Thread Group 1-55,text,true,191,9472
1370227662969,9372,/submithelpful.php,200,OK,Thread Group 1-61,text,true,191,9372
1370227663055,9333,/submithelpful.php,200,OK,Thread Group 1-60,text,true,191,9333
1370227663177,9354,/submithelpful.php,200,OK,Thread Group 1-58,text,true,191,9354
1370227663263,9334,/submithelpful.php,200,OK,Thread Group 1-59,text,true,191,9334
1370227663401,9247,/submithelpful.php,200,OK,Thread Group 1-63,text,true,191,9247
1370227663885,8865,/submithelpful.php,200,OK,Thread Group 1-66,text,true,191,8865
1370227664091,8871,/submithelpful.php,200,OK,Thread Group 1-65,text,true,191,8871
1370227664214,8812,/submithelpful.php,200,OK,Thread Group 1-64,text,true,191,8812
1370227664299,8860,/submithelpful.php,200,OK,Thread Group 1-67,text,true,191,8860
1370227664448,8724,/submithelpful.php,200,OK,Thread Group 1-69,text,true,191,8724
1370227664483,8781,/submithelpful.php,200,OK,Thread Group 1-70,text,true,191,8781
1370227664654,8619,/submithelpful.php,200,OK,Thread Group 1-71,text,true,191,8619
1370227664739,8542,/submithelpful.php,200,OK,Thread Group 1-72,text,true,191,8542
1370227664972,8338,/submithelpful.php,200,OK,Thread Group 1-73,text,true,191,8338
1370227665078,8249,/submithelpful.php,200,OK,Thread Group 1-74,text,true,191,8249
1370227665129,8297,/submithelpful.php,200,OK,Thread Group 1-76,text,true,191,8297
1370227665267,8225,/submithelpful.php,200,OK,Thread Group 1-75,text,true,191,8225
1370227664006,9611,/submithelpful.php,200,OK,Thread Group 1-62,text,true,191,9611
1370227665314,8314,/submithelpful.php,200,OK,Thread Group 1-5,text,true,191,8314
1370227665497,8263,/submithelpful.php,200,OK,Thread Group 1-77,text,true,191,8263
1370227665604,8179,/submithelpful.php,200,OK,Thread Group 1-68,text,true,191,8179
1370227665711,8115,/submithelpful.php,200,OK,Thread Group 1-80,text,true,191,8115
1370227665778,8341,/submithelpful.php,200,OK,Thread Group 1-78,text,true,191,8341
1370227665956,8177,/submithelpful.php,200,OK,Thread Group 1-79,text,true,191,8177
1370227666112,8022,/submithelpful.php,200,OK,Thread Group 1-82,text,true,191,8022
1370227666153,7990,/submithelpful.php,200,OK,Thread Group 1-83,text,true,191,7990
1370227666328,7921,/submithelpful.php,200,OK,Thread Group 1-84,text,true,191,7921
1370227666417,8020,/submithelpful.php,200,OK,Thread Group 1-86,text,true,191,8020
1370227666455,8046,/submithelpful.php,200,OK,Thread Group 1-87,text,true,191,8046
1370227666506,8024,/submithelpful.php,200,OK,Thread Group 1-89,text,true,191,8024
1370227666561,8030,/submithelpful.php,200,OK,Thread Group 1-88,text,true,191,8030
1370227666697,7917,/submithelpful.php,200,OK,Thread Group 1-85,text,true,191,7917
1370227666779,7985,/submithelpful.php,200,OK,Thread Group 1-4,text,true,191,7985
1370227666913,7913,/submithelpful.php,200,OK,Thread Group 1-92,text,true,191,7913
1370227667095,7772,/submithelpful.php,200,OK,Thread Group 1-94,text,true,191,7772
1370227667535,7408,/submithelpful.php,200,OK,Thread Group 1-97,text,true,191,7408
1370227667536,7592,/submithelpful.php,200,OK,Thread Group 1-93,text,true,191,7592
1370227667535,7647,/submithelpful.php,200,OK,Thread Group 1-98,text,true,191,7647
1370227667552,7767,/submithelpful.php,200,OK,Thread Group 1-95,text,true,191,7767
1370227667565,7788,/submithelpful.php,200,OK,Thread Group 1-100,text,true,191,7788
1370227667622,7782,/submithelpful.php,200,OK,Thread Group 1-81,text,true,191,7782
1370227667758,7677,/submithelpful.php,200,OK,Thread Group 1-90,text,true,191,7677
1370227667822,7645,/submithelpful.php,200,OK,Thread Group 1-96,text,true,191,7645
1370227667832,7675,/submithelpful.php,200,OK,Thread Group 1-8,text,true,191,7675
1370227667839,7796,/submithelpful.php,200,OK,Thread Group 1-91,text,true,191,7796
1370227667902,7808,/submithelpful.php,200,OK,Thread Group 1-9,text,true,191,7808
1370227667924,8060,/submithelpful.php,200,OK,Thread Group 1-1,text,true,191,8060
1370227668191,7822,/submithelpful.php,200,OK,Thread Group 1-10,text,true,191,7822
1370227668232,7796,/submithelpful.php,200,OK,Thread Group 1-7,text,true,191,7796
1370227668294,7742,/submithelpful.php,200,OK,Thread Group 1-12,text,true,191,7742
1370227668398,7638,/submithelpful.php,200,OK,Thread Group 1-99,text,true,191,7638
1370227668515,7598,/submithelpful.php,200,OK,Thread Group 1-15,text,true,191,7598
1370227668420,7784,/submithelpful.php,200,OK,Thread Group 1-13,text,true,191,7784
1370227668620,7584,/submithelpful.php,200,OK,Thread Group 1-16,text,true,191,7584
1370227668759,7477,/submithelpful.php,200,OK,Thread Group 1-11,text,true,191,7477
1370227668864,7428,/submithelpful.php,200,OK,Thread Group 1-14,text,true,191,7428
1370227668974,7424,/submithelpful.php,200,OK,Thread Group 1-17,text,true,191,7424
1370227669041,7374,/submithelpful.php,200,OK,Thread Group 1-20,text,true,191,7374
1370227669158,7383,/submithelpful.php,200,OK,Thread Group 1-18,text,true,191,7383
1370227669191,7393,/submithelpful.php,200,OK,Thread Group 1-21,text,true,191,7393
1370227669244,7400,/submithelpful.php,200,OK,Thread Group 1-22,text,true,191,7400
1370227669285,7408,/submithelpful.php,200,OK,Thread Group 1-23,text,true,191,7408
1370227669376,7352,/submithelpful.php,200,OK,Thread Group 1-19,text,true,191,7352
1370227669327,7401,/submithelpful.php,200,OK,Thread Group 1-26,text,true,191,7401
1370227669428,7357,/submithelpful.php,200,OK,Thread Group 1-28,text,true,191,7357
1370227669455,7335,/submithelpful.php,200,OK,Thread Group 1-31,text,true,191,7335
1370227669512,7371,/submithelpful.php,200,OK,Thread Group 1-25,text,true,191,7371
1370227669557,7367,/submithelpful.php,200,OK,Thread Group 1-27,text,true,191,7367
1370227669612,7347,/submithelpful.php,200,OK,Thread Group 1-30,text,true,191,7347
1370227669735,7401,/submithelpful.php,200,OK,Thread Group 1-36,text,true,191,7401
1370227669990,7237,/submithelpful.php,200,OK,Thread Group 1-24,text,true,191,7237
1370227670047,7282,/submithelpful.php,200,OK,Thread Group 1-33,text,true,191,7282
1370227669873,7498,/submithelpful.php,200,OK,Thread Group 1-32,text,true,191,7498
1370227670200,7238,/submithelpful.php,200,OK,Thread Group 1-29,text,true,191,7238
1370227670327,7220,/submithelpful.php,200,OK,Thread Group 1-34,text,true,191,7220
1370227670453,7156,/submithelpful.php,200,OK,Thread Group 1-40,text,true,191,7156
1370227670481,7203,/submithelpful.php,200,OK,Thread Group 1-37,text,true,191,7203
1370227670533,7247,/submithelpful.php,200,OK,Thread Group 1-41,text,true,191,7247
1370227670708,7144,/submithelpful.php,200,OK,Thread Group 1-39,text,true,191,7144
1370227670758,7142,/submithelpful.php,200,OK,Thread Group 1-43,text,true,191,7142
1370227670878,7084,/submithelpful.php,200,OK,Thread Group 1-44,text,true,191,7084
1370227670943,7181,/submithelpful.php,200,OK,Thread Group 1-38,text,true,191,7181
1370227671010,7119,/submithelpful.php,200,OK,Thread Group 1-42,text,true,191,7119
1370227671162,7010,/submithelpful.php,200,OK,Thread Group 1-35,text,true,191,7010
1370227671241,6963,/submithelpful.php,200,OK,Thread Group 1-46,text,true,191,6963
1370227671309,6943,/submithelpful.php,200,OK,Thread Group 1-45,text,true,191,6943
1370227671508,6781,/submithelpful.php,200,OK,Thread Group 1-48,text,true,191,6781
1370227671660,6677,/submithelpful.php,200,OK,Thread Group 1-51,text,true,191,6677
1370227671726,6740,/submithelpful.php,200,OK,Thread Group 1-50,text,true,191,6740
1370227671751,6776,/submithelpful.php,200,OK,Thread Group 1-53,text,true,191,6776
1370227671888,6692,/submithelpful.php,200,OK,Thread Group 1-47,text,true,191,6692
1370227671914,6686,/submithelpful.php,200,OK,Thread Group 1-54,text,true,191,6686
1370227672007,6641,/submithelpful.php,200,OK,Thread Group 1-49,text,true,191,6641
1370227672107,6642,/submithelpful.php,200,OK,Thread Group 1-52,text,true,191,6642
1370227672194,6604,/submithelpful.php,200,OK,Thread Group 1-56,text,true,191,6604
1370227672246,6632,/submithelpful.php,200,OK,Thread Group 1-57,text,true,191,6632
1370227672270,6729,/submithelpful.php,200,OK,Thread Group 1-55,text,true,191,6729
1370227672390,6641,/submithelpful.php,200,OK,Thread Group 1-60,text,true,191,6641
1370227672532,6551,/submithelpful.php,200,OK,Thread Group 1-58,text,true,191,6551
1370227672343,6779,/submithelpful.php,200,OK,Thread Group 1-61,text,true,191,6779
1370227672599,6550,/submithelpful.php,200,OK,Thread Group 1-59,text,true,191,6550
1370227672650,6549,/submithelpful.php,200,OK,Thread Group 1-63,text,true,191,6549
1370227672751,6499,/submithelpful.php,200,OK,Thread Group 1-66,text,true,191,6499
1370227672964,6394,/submithelpful.php,200,OK,Thread Group 1-65,text,true,191,6394
1370227673028,6379,/submithelpful.php,200,OK,Thread Group 1-64,text,true,191,6379
1370227673160,6292,/submithelpful.php,200,OK,Thread Group 1-67,text,true,191,6292
1370227673174,6320,/submithelpful.php,200,OK,Thread Group 1-69,text,true,191,6320
1370227673266,6291,/submithelpful.php,200,OK,Thread Group 1-70,text,true,191,6291
1370227673275,6446,/submithelpful.php,200,OK,Thread Group 1-71,text,true,191,6446
1370227673283,6512,/submithelpful.php,200,OK,Thread Group 1-72,text,true,191,6512
1370227673311,6510,/submithelpful.php,200,OK,Thread Group 1-73,text,true,191,6510
1370227673330,6521,/submithelpful.php,200,OK,Thread Group 1-74,text,true,191,6521
1370227673427,6479,/submithelpful.php,200,OK,Thread Group 1-76,text,true,191,6479
1370227673494,6500,/submithelpful.php,200,OK,Thread Group 1-75,text,true,191,6500
1370227673618,6492,/submithelpful.php,200,OK,Thread Group 1-62,text,true,191,6492
1370227673761,6432,/submithelpful.php,200,OK,Thread Group 1-77,text,true,191,6432
1370227673785,6510,/submithelpful.php,200,OK,Thread Group 1-68,text,true,191,6510
1370227673828,6563,/submithelpful.php,200,OK,Thread Group 1-80,text,true,191,6563
1370227674121,6270,/submithelpful.php,200,OK,Thread Group 1-78,text,true,191,6270
1370227674135,6318,/submithelpful.php,200,OK,Thread Group 1-79,text,true,191,6318
1370227674147,6429,/submithelpful.php,200,OK,Thread Group 1-83,text,true,191,6429
1370227674137,6518,/submithelpful.php,200,OK,Thread Group 1-82,text,true,191,6518
1370227674252,6447,/submithelpful.php,200,OK,Thread Group 1-84,text,true,191,6447
1370227674440,6344,/submithelpful.php,200,OK,Thread Group 1-86,text,true,191,6344
1370227674504,6324,/submithelpful.php,200,OK,Thread Group 1-87,text,true,191,6324
1370227674533,6370,/submithelpful.php,200,OK,Thread Group 1-89,text,true,191,6370
1370227674594,6403,/submithelpful.php,200,OK,Thread Group 1-88,text,true,191,6403
1370227674617,6427,/submithelpful.php,200,OK,Thread Group 1-85,text,true,191,6427
1370227674829,6283,/submithelpful.php,200,OK,Thread Group 1-92,text,true,191,6283
1370227674870,6289,/submithelpful.php,200,OK,Thread Group 1-94,text,true,191,6289
1370227674946,6285,/submithelpful.php,200,OK,Thread Group 1-97,text,true,191,6285
1370227675131,6232,/submithelpful.php,200,OK,Thread Group 1-93,text,true,191,6232
1370227675184,6194,/submithelpful.php,200,OK,Thread Group 1-98,text,true,191,6194
1370227675322,6101,/submithelpful.php,200,OK,Thread Group 1-95,text,true,191,6101
1370227675357,6098,/submithelpful.php,200,OK,Thread Group 1-100,text,true,191,6098
1370227675406,6130,/submithelpful.php,200,OK,Thread Group 1-81,text,true,191,6130
1370227675437,6153,/submithelpful.php,200,OK,Thread Group 1-90,text,true,191,6153
1370227675469,6190,/submithelpful.php,200,OK,Thread Group 1-96,text,true,191,6190
1370227675640,6074,/submithelpful.php,200,OK,Thread Group 1-91,text,true,191,6074
1370227676039,5729,/submithelpful.php,200,OK,Thread Group 1-99,text,true,191,5729
