1370225079636,260,/submitreview.php,200,OK,Thread Group 1-2,text,true,191,260
1370225079628,353,/submitreview.php,200,OK,Thread Group 1-1,text,true,191,353
1370225079666,409,/submitreview.php,200,OK,Thread Group 1-5,text,true,191,409
1370225079657,571,/submitreview.php,200,OK,Thread Group 1-4,text,true,191,571
1370225079646,666,/submitreview.php,200,OK,Thread Group 1-3,text,true,191,666
1370225079677,699,/submitreview.php,200,OK,Thread Group 1-6,text,true,191,699
1370225079687,737,/submitreview.php,200,OK,Thread Group 1-7,text,true,191,737
1370225079748,715,/submitreview.php,200,OK,Thread Group 1-13,text,true,191,715
1370225079758,745,/submitreview.php,200,OK,Thread Group 1-14,text,true,191,745
1370225079789,785,/submitreview.php,200,OK,Thread Group 1-17,text,true,191,785
1370225079727,912,/submitreview.php,200,OK,Thread Group 1-11,text,true,191,912
1370225079897,839,/submitreview.php,200,OK,Thread Group 1-2,text,true,191,839
1370225079717,1161,/submitreview.php,200,OK,Thread Group 1-10,text,true,191,1161
1370225079779,1204,/submitreview.php,200,OK,Thread Group 1-16,text,true,191,1204
1370225079768,1424,/submitreview.php,200,OK,Thread Group 1-15,text,true,191,1424
1370225079707,1672,/submitreview.php,200,OK,Thread Group 1-9,text,true,191,1672
1370225079738,1799,/submitreview.php,200,OK,Thread Group 1-12,text,true,191,1799
1370225079697,1982,/submitreview.php,200,OK,Thread Group 1-8,text,true,191,1982
1370225079840,1901,/submitreview.php,200,OK,Thread Group 1-22,text,true,191,1901
1370225079982,1851,/submitreview.php,200,OK,Thread Group 1-1,text,true,191,1851
1370225079799,2153,/submitreview.php,200,OK,Thread Group 1-18,text,true,191,2153
1370225079870,2931,/submitreview.php,200,OK,Thread Group 1-25,text,true,191,2931
1370225079819,3099,/submitreview.php,200,OK,Thread Group 1-20,text,true,191,3099
1370225079901,3198,/submitreview.php,200,OK,Thread Group 1-28,text,true,191,3198
1370225079911,3273,/submitreview.php,200,OK,Thread Group 1-29,text,true,191,3273
1370225079830,3515,/submitreview.php,200,OK,Thread Group 1-21,text,true,191,3515
1370225079883,3554,/submitreview.php,200,OK,Thread Group 1-26,text,true,191,3554
1370225079809,3758,/submitreview.php,200,OK,Thread Group 1-19,text,true,191,3758
1370225079891,3843,/submitreview.php,200,OK,Thread Group 1-27,text,true,191,3843
1370225079850,4038,/submitreview.php,200,OK,Thread Group 1-23,text,true,191,4038
1370225079932,4244,/submitreview.php,200,OK,Thread Group 1-31,text,true,191,4244
1370225079942,4448,/submitreview.php,200,OK,Thread Group 1-32,text,true,191,4448
1370225079860,4754,/submitreview.php,200,OK,Thread Group 1-24,text,true,191,4754
1370225079921,4784,/submitreview.php,200,OK,Thread Group 1-30,text,true,191,4784
1370225079952,4819,/submitreview.php,200,OK,Thread Group 1-33,text,true,191,4819
1370225079962,4963,/submitreview.php,200,OK,Thread Group 1-34,text,true,191,4963
1370225079972,5268,/submitreview.php,200,OK,Thread Group 1-35,text,true,191,5268
1370225080076,5265,/submitreview.php,200,OK,Thread Group 1-5,text,true,191,5265
1370225079983,5572,/submitreview.php,200,OK,Thread Group 1-36,text,true,191,5572
1370225080003,5663,/submitreview.php,200,OK,Thread Group 1-38,text,true,191,5663
1370225080023,5814,/submitreview.php,200,OK,Thread Group 1-40,text,true,191,5814
1370225080044,5947,/submitreview.php,200,OK,Thread Group 1-42,text,true,191,5947
1370225080018,6169,/submitreview.php,200,OK,Thread Group 1-39,text,true,191,6169
1370225080033,6285,/submitreview.php,200,OK,Thread Group 1-41,text,true,191,6285
1370225079993,6402,/submitreview.php,200,OK,Thread Group 1-37,text,true,191,6402
1370225080064,6486,/submitreview.php,200,OK,Thread Group 1-44,text,true,191,6486
1370225080054,6753,/submitreview.php,200,OK,Thread Group 1-43,text,true,191,6753
1370225080084,6887,/submitreview.php,200,OK,Thread Group 1-46,text,true,191,6887
1370225080074,6960,/submitreview.php,200,OK,Thread Group 1-45,text,true,191,6960
1370225080104,7026,/submitreview.php,200,OK,Thread Group 1-48,text,true,191,7026
1370225080115,7175,/submitreview.php,200,OK,Thread Group 1-49,text,true,191,7175
1370225080094,7256,/submitreview.php,200,OK,Thread Group 1-47,text,true,191,7256
1370225080125,7319,/submitreview.php,200,OK,Thread Group 1-50,text,true,191,7319
1370225080135,7420,/submitreview.php,200,OK,Thread Group 1-51,text,true,191,7420
1370225080229,7388,/submitreview.php,200,OK,Thread Group 1-4,text,true,191,7388
1370225080145,7529,/submitreview.php,200,OK,Thread Group 1-52,text,true,191,7529
1370225080155,7599,/submitreview.php,200,OK,Thread Group 1-53,text,true,191,7599
1370225080178,7747,/submitreview.php,200,OK,Thread Group 1-55,text,true,191,7747
1370225080185,7923,/submitreview.php,200,OK,Thread Group 1-56,text,true,191,7923
1370225080198,8101,/submitreview.php,200,OK,Thread Group 1-57,text,true,191,8101
1370225080165,8754,/submitreview.php,200,OK,Thread Group 1-54,text,true,191,8754
1370225080208,8964,/submitreview.php,200,OK,Thread Group 1-58,text,true,191,8964
1370225080216,9165,/submitreview.php,200,OK,Thread Group 1-59,text,true,191,9165
1370225080313,9144,/submitreview.php,200,OK,Thread Group 1-3,text,true,191,9144
1370225080236,9372,/submitreview.php,200,OK,Thread Group 1-61,text,true,191,9372
1370225080226,9528,/submitreview.php,200,OK,Thread Group 1-60,text,true,191,9528
1370225080247,9564,/submitreview.php,200,OK,Thread Group 1-62,text,true,191,9564
1370225080267,9629,/submitreview.php,200,OK,Thread Group 1-64,text,true,191,9629
1370225080287,9673,/submitreview.php,200,OK,Thread Group 1-66,text,true,191,9673
1370225080257,9808,/submitreview.php,200,OK,Thread Group 1-63,text,true,191,9808
1370225080297,9842,/submitreview.php,200,OK,Thread Group 1-67,text,true,191,9842
1370225080378,9817,/submitreview.php,200,OK,Thread Group 1-6,text,true,191,9817
1370225080277,10087,/submitreview.php,200,OK,Thread Group 1-65,text,true,191,10087
1370225080308,10132,/submitreview.php,200,OK,Thread Group 1-68,text,true,191,10132
1370225080318,10264,/submitreview.php,200,OK,Thread Group 1-69,text,true,191,10264
1370225080328,10323,/submitreview.php,200,OK,Thread Group 1-70,text,true,191,10323
1370225080338,10408,/submitreview.php,200,OK,Thread Group 1-71,text,true,191,10408
1370225080349,10432,/submitreview.php,200,OK,Thread Group 1-72,text,true,191,10432
1370225080358,10643,/submitreview.php,200,OK,Thread Group 1-73,text,true,191,10643
1370225080425,10674,/submitreview.php,200,OK,Thread Group 1-7,text,true,191,10674
1370225080464,10768,/submitreview.php,200,OK,Thread Group 1-13,text,true,191,10768
1370225080380,11013,/submitreview.php,200,OK,Thread Group 1-75,text,true,191,11013
1370225080389,11115,/submitreview.php,200,OK,Thread Group 1-76,text,true,191,11115
1370225080399,11254,/submitreview.php,200,OK,Thread Group 1-77,text,true,191,11254
1370225080369,11520,/submitreview.php,200,OK,Thread Group 1-74,text,true,191,11520
1370225080503,11546,/submitreview.php,200,OK,Thread Group 1-14,text,true,191,11546
1370225080430,11820,/submitreview.php,200,OK,Thread Group 1-80,text,true,191,11820
1370225080409,11919,/submitreview.php,200,OK,Thread Group 1-78,text,true,191,11919
1370225080419,11979,/submitreview.php,200,OK,Thread Group 1-79,text,true,191,11979
1370225080450,12045,/submitreview.php,200,OK,Thread Group 1-82,text,true,191,12045
1370225080440,12167,/submitreview.php,200,OK,Thread Group 1-81,text,true,191,12167
1370225080460,12298,/submitreview.php,200,OK,Thread Group 1-83,text,true,191,12298
1370225080470,12361,/submitreview.php,200,OK,Thread Group 1-84,text,true,191,12361
1370225080481,12580,/submitreview.php,200,OK,Thread Group 1-85,text,true,191,12580
1370225080496,12673,/submitreview.php,200,OK,Thread Group 1-86,text,true,191,12673
1370225080575,12806,/submitreview.php,200,OK,Thread Group 1-17,text,true,191,12806
1370225080514,12978,/submitreview.php,200,OK,Thread Group 1-87,text,true,191,12978
1370225080527,13061,/submitreview.php,200,OK,Thread Group 1-89,text,true,191,13061
1370225080517,13205,/submitreview.php,200,OK,Thread Group 1-88,text,true,191,13205
1370225080547,13234,/submitreview.php,200,OK,Thread Group 1-91,text,true,191,13234
1370225080537,13392,/submitreview.php,200,OK,Thread Group 1-90,text,true,191,13392
1370225080640,13356,/submitreview.php,200,OK,Thread Group 1-11,text,true,191,13356
1370225080557,13520,/submitreview.php,200,OK,Thread Group 1-92,text,true,191,13520
1370225080567,13622,/submitreview.php,200,OK,Thread Group 1-93,text,true,191,13622
1370225080587,13764,/submitreview.php,200,OK,Thread Group 1-95,text,true,191,13764
1370225080597,13918,/submitreview.php,200,OK,Thread Group 1-96,text,true,191,13918
1370225080578,14024,/submitreview.php,200,OK,Thread Group 1-94,text,true,191,14024
1370225080607,14087,/submitreview.php,200,OK,Thread Group 1-97,text,true,191,14087
1370225080619,14150,/submitreview.php,200,OK,Thread Group 1-98,text,true,191,14150
1370225080637,14308,/submitreview.php,200,OK,Thread Group 1-100,text,true,191,14308
1370225080627,14474,/submitreview.php,200,OK,Thread Group 1-99,text,true,191,14474
1370225080737,14431,/submitreview.php,200,OK,Thread Group 1-2,text,true,191,14431
1370225080984,14253,/submitreview.php,200,OK,Thread Group 1-16,text,true,191,14253
1370225081197,14125,/submitreview.php,200,OK,Thread Group 1-15,text,true,191,14125
1370225081383,14094,/submitreview.php,200,OK,Thread Group 1-9,text,true,191,14094
1370225080878,14759,/submitreview.php,200,OK,Thread Group 1-10,text,true,191,14759
1370225081542,14190,/submitreview.php,200,OK,Thread Group 1-12,text,true,191,14190
1370225081683,14155,/submitreview.php,200,OK,Thread Group 1-8,text,true,191,14155
1370225081746,14251,/submitreview.php,200,OK,Thread Group 1-22,text,true,191,14251
1370225081836,14281,/submitreview.php,200,OK,Thread Group 1-1,text,true,191,14281
1370225081956,14295,/submitreview.php,200,OK,Thread Group 1-18,text,true,191,14295
1370225082805,13507,/submitreview.php,200,OK,Thread Group 1-25,text,true,191,13507
1370225082921,13437,/submitreview.php,200,OK,Thread Group 1-20,text,true,191,13437
1370225083103,13311,/submitreview.php,200,OK,Thread Group 1-28,text,true,191,13311
1370225083188,13284,/submitreview.php,200,OK,Thread Group 1-29,text,true,191,13284
1370225083349,13165,/submitreview.php,200,OK,Thread Group 1-21,text,true,191,13165
1370225083440,13119,/submitreview.php,200,OK,Thread Group 1-26,text,true,191,13119
1370225083571,13035,/submitreview.php,200,OK,Thread Group 1-19,text,true,191,13035
1370225083738,12928,/submitreview.php,200,OK,Thread Group 1-27,text,true,191,12928
1370225083892,12854,/submitreview.php,200,OK,Thread Group 1-23,text,true,191,12854
1370225084180,12671,/submitreview.php,200,OK,Thread Group 1-31,text,true,191,12671
1370225084394,12621,/submitreview.php,200,OK,Thread Group 1-32,text,true,191,12621
1370225084617,12528,/submitreview.php,200,OK,Thread Group 1-24,text,true,191,12528
1370225084708,12466,/submitreview.php,200,OK,Thread Group 1-30,text,true,191,12466
1370225084775,12440,/submitreview.php,200,OK,Thread Group 1-33,text,true,191,12440
1370225084928,12379,/submitreview.php,200,OK,Thread Group 1-34,text,true,191,12379
1370225085243,12113,/submitreview.php,200,OK,Thread Group 1-35,text,true,191,12113
1370225085346,12059,/submitreview.php,200,OK,Thread Group 1-5,text,true,191,12059
1370225085559,11889,/submitreview.php,200,OK,Thread Group 1-36,text,true,191,11889
1370225085670,11845,/submitreview.php,200,OK,Thread Group 1-38,text,true,191,11845
1370225085840,11847,/submitreview.php,200,OK,Thread Group 1-40,text,true,191,11847
1370225085994,11860,/submitreview.php,200,OK,Thread Group 1-42,text,true,191,11860
1370225086192,11747,/submitreview.php,200,OK,Thread Group 1-39,text,true,191,11747
1370225086399,11767,/submitreview.php,200,OK,Thread Group 1-37,text,true,191,11767
1370225086321,12143,/submitreview.php,200,OK,Thread Group 1-41,text,true,191,12143
1370225086554,12012,/submitreview.php,200,OK,Thread Group 1-44,text,true,191,12012
1370225086810,11971,/submitreview.php,200,OK,Thread Group 1-43,text,true,191,11971
1370225086974,12078,/submitreview.php,200,OK,Thread Group 1-46,text,true,191,12078
1370225087038,12201,/submitreview.php,200,OK,Thread Group 1-45,text,true,191,12201
1370225087133,12319,/submitreview.php,200,OK,Thread Group 1-48,text,true,191,12319
1370225087294,12296,/submitreview.php,200,OK,Thread Group 1-49,text,true,191,12296
1370225087354,12441,/submitreview.php,200,OK,Thread Group 1-47,text,true,191,12441
1370225087447,12634,/submitreview.php,200,OK,Thread Group 1-50,text,true,191,12634
1370225087562,12790,/submitreview.php,200,OK,Thread Group 1-51,text,true,191,12790
1370225087625,12802,/submitreview.php,200,OK,Thread Group 1-4,text,true,191,12802
1370225087678,12828,/submitreview.php,200,OK,Thread Group 1-52,text,true,191,12828
1370225087758,12790,/submitreview.php,200,OK,Thread Group 1-53,text,true,191,12790
1370225087928,12830,/submitreview.php,200,OK,Thread Group 1-55,text,true,191,12830
1370225088111,12711,/submitreview.php,200,OK,Thread Group 1-56,text,true,191,12711
1370225088305,12563,/submitreview.php,200,OK,Thread Group 1-57,text,true,191,12563
1370225088922,12054,/submitreview.php,200,OK,Thread Group 1-54,text,true,191,12054
1370225089176,11879,/submitreview.php,200,OK,Thread Group 1-58,text,true,191,11879
1370225089385,11727,/submitreview.php,200,OK,Thread Group 1-59,text,true,191,11727
1370225089461,11708,/submitreview.php,200,OK,Thread Group 1-3,text,true,191,11708
1370225089612,11809,/submitreview.php,200,OK,Thread Group 1-61,text,true,191,11809
1370225089758,11781,/submitreview.php,200,OK,Thread Group 1-60,text,true,191,11781
1370225089813,11916,/submitreview.php,200,OK,Thread Group 1-62,text,true,191,11916
1370225089900,12032,/submitreview.php,200,OK,Thread Group 1-64,text,true,191,12032
1370225089963,12169,/submitreview.php,200,OK,Thread Group 1-66,text,true,191,12169
1370225090069,12224,/submitreview.php,200,OK,Thread Group 1-63,text,true,191,12224
1370225090142,12221,/submitreview.php,200,OK,Thread Group 1-67,text,true,191,12221
1370225090199,12227,/submitreview.php,200,OK,Thread Group 1-6,text,true,191,12227
1370225090368,12111,/submitreview.php,200,OK,Thread Group 1-65,text,true,191,12111
1370225090444,12091,/submitreview.php,200,OK,Thread Group 1-68,text,true,191,12091
1370225090586,12044,/submitreview.php,200,OK,Thread Group 1-69,text,true,191,12044
1370225090655,12037,/submitreview.php,200,OK,Thread Group 1-70,text,true,191,12037
1370225090750,12066,/submitreview.php,200,OK,Thread Group 1-71,text,true,191,12066
1370225090785,12126,/submitreview.php,200,OK,Thread Group 1-72,text,true,191,12126
1370225091004,11974,/submitreview.php,200,OK,Thread Group 1-73,text,true,191,11974
1370225091103,12033,/submitreview.php,200,OK,Thread Group 1-7,text,true,191,12033
1370225091234,11965,/submitreview.php,200,OK,Thread Group 1-13,text,true,191,11965
1370225091398,11850,/submitreview.php,200,OK,Thread Group 1-75,text,true,191,11850
1370225091508,11831,/submitreview.php,200,OK,Thread Group 1-76,text,true,191,11831
1370225091656,11793,/submitreview.php,200,OK,Thread Group 1-77,text,true,191,11793
1370225091891,11614,/submitreview.php,200,OK,Thread Group 1-74,text,true,191,11614
1370225092052,11504,/submitreview.php,200,OK,Thread Group 1-14,text,true,191,11504
1370225092252,11364,/submitreview.php,200,OK,Thread Group 1-80,text,true,191,11364
1370225092330,11373,/submitreview.php,200,OK,Thread Group 1-78,text,true,191,11373
1370225092401,11361,/submitreview.php,200,OK,Thread Group 1-79,text,true,191,11361
1370225092498,11313,/submitreview.php,200,OK,Thread Group 1-82,text,true,191,11313
1370225092609,11262,/submitreview.php,200,OK,Thread Group 1-81,text,true,191,11262
1370225092761,11177,/submitreview.php,200,OK,Thread Group 1-83,text,true,191,11177
1370225092834,11166,/submitreview.php,200,OK,Thread Group 1-84,text,true,191,11166
1370225093064,11000,/submitreview.php,200,OK,Thread Group 1-85,text,true,191,11000
1370225093171,10986,/submitreview.php,200,OK,Thread Group 1-86,text,true,191,10986
1370225093384,10890,/submitreview.php,200,OK,Thread Group 1-17,text,true,191,10890
1370225093495,10912,/submitreview.php,200,OK,Thread Group 1-87,text,true,191,10912
1370225093591,10904,/submitreview.php,200,OK,Thread Group 1-89,text,true,191,10904
1370225093725,10857,/submitreview.php,200,OK,Thread Group 1-88,text,true,191,10857
1370225093786,10871,/submitreview.php,200,OK,Thread Group 1-91,text,true,191,10871
1370225093932,10785,/submitreview.php,200,OK,Thread Group 1-90,text,true,191,10785
1370225093999,10778,/submitreview.php,200,OK,Thread Group 1-11,text,true,191,10778
1370225094080,10774,/submitreview.php,200,OK,Thread Group 1-92,text,true,191,10774
1370225094192,10726,/submitreview.php,200,OK,Thread Group 1-93,text,true,191,10726
1370225094354,10687,/submitreview.php,200,OK,Thread Group 1-95,text,true,191,10687
1370225094518,10605,/submitreview.php,200,OK,Thread Group 1-96,text,true,191,10605
1370225094605,10579,/submitreview.php,200,OK,Thread Group 1-94,text,true,191,10579
1370225094697,10584,/submitreview.php,200,OK,Thread Group 1-97,text,true,191,10584
1370225094772,10577,/submitreview.php,200,OK,Thread Group 1-98,text,true,191,10577
1370225094947,10454,/submitreview.php,200,OK,Thread Group 1-100,text,true,191,10454
1370225095104,10354,/submitreview.php,200,OK,Thread Group 1-99,text,true,191,10354
1370225095170,10361,/submitreview.php,200,OK,Thread Group 1-2,text,true,191,10361
1370225095239,10445,/submitreview.php,200,OK,Thread Group 1-16,text,true,191,10445
1370225095324,10433,/submitreview.php,200,OK,Thread Group 1-15,text,true,191,10433
1370225095479,10423,/submitreview.php,200,OK,Thread Group 1-9,text,true,191,10423
1370225095640,10340,/submitreview.php,200,OK,Thread Group 1-10,text,true,191,10340
1370225095734,10380,/submitreview.php,200,OK,Thread Group 1-12,text,true,191,10380
1370225095840,10328,/submitreview.php,200,OK,Thread Group 1-8,text,true,191,10328
1370225095999,10222,/submitreview.php,200,OK,Thread Group 1-22,text,true,191,10222
1370225096120,10203,/submitreview.php,200,OK,Thread Group 1-1,text,true,191,10203
1370225096254,10120,/submitreview.php,200,OK,Thread Group 1-18,text,true,191,10120
1370225096315,10105,/submitreview.php,200,OK,Thread Group 1-25,text,true,191,10105
1370225096361,10130,/submitreview.php,200,OK,Thread Group 1-20,text,true,191,10130
1370225096417,10216,/submitreview.php,200,OK,Thread Group 1-28,text,true,191,10216
1370225096475,10281,/submitreview.php,200,OK,Thread Group 1-29,text,true,191,10281
1370225096517,10305,/submitreview.php,200,OK,Thread Group 1-21,text,true,191,10305
1370225096562,10392,/submitreview.php,200,OK,Thread Group 1-26,text,true,191,10392
1370225096609,10426,/submitreview.php,200,OK,Thread Group 1-19,text,true,191,10426
1370225096670,10446,/submitreview.php,200,OK,Thread Group 1-27,text,true,191,10446
1370225096749,10430,/submitreview.php,200,OK,Thread Group 1-23,text,true,191,10430
1370225096854,10384,/submitreview.php,200,OK,Thread Group 1-31,text,true,191,10384
1370225097018,10286,/submitreview.php,200,OK,Thread Group 1-32,text,true,191,10286
1370225097148,10236,/submitreview.php,200,OK,Thread Group 1-24,text,true,191,10236
1370225097176,10264,/submitreview.php,200,OK,Thread Group 1-30,text,true,191,10264
1370225097218,10371,/submitreview.php,200,OK,Thread Group 1-33,text,true,191,10371
1370225097310,10718,/submitreview.php,200,OK,Thread Group 1-34,text,true,191,10718
1370225097359,10815,/submitreview.php,200,OK,Thread Group 1-35,text,true,191,10815
1370225097407,10902,/submitreview.php,200,OK,Thread Group 1-5,text,true,191,10902
1370225097451,10963,/submitreview.php,200,OK,Thread Group 1-36,text,true,191,10963
1370225097518,10974,/submitreview.php,200,OK,Thread Group 1-38,text,true,191,10974
1370225097689,10937,/submitreview.php,200,OK,Thread Group 1-40,text,true,191,10937
1370225097857,10890,/submitreview.php,200,OK,Thread Group 1-42,text,true,191,10890
1370225097941,10927,/submitreview.php,200,OK,Thread Group 1-39,text,true,191,10927
1370225098169,10909,/submitreview.php,200,OK,Thread Group 1-37,text,true,191,10909
1370225098467,10722,/submitreview.php,200,OK,Thread Group 1-41,text,true,191,10722
1370225098568,10795,/submitreview.php,200,OK,Thread Group 1-44,text,true,191,10795
1370225098783,10721,/submitreview.php,200,OK,Thread Group 1-43,text,true,191,10721
1370225099054,10617,/submitreview.php,200,OK,Thread Group 1-46,text,true,191,10617
1370225099241,10626,/submitreview.php,200,OK,Thread Group 1-45,text,true,191,10626
1370225099455,10597,/submitreview.php,200,OK,Thread Group 1-48,text,true,191,10597
1370225099593,10601,/submitreview.php,200,OK,Thread Group 1-49,text,true,191,10601
1370225099797,10527,/submitreview.php,200,OK,Thread Group 1-47,text,true,191,10527
1370225100083,10341,/submitreview.php,200,OK,Thread Group 1-50,text,true,191,10341
1370225100354,10236,/submitreview.php,200,OK,Thread Group 1-51,text,true,191,10236
1370225100430,10294,/submitreview.php,200,OK,Thread Group 1-4,text,true,191,10294
1370225100509,10289,/submitreview.php,200,OK,Thread Group 1-52,text,true,191,10289
1370225100551,10327,/submitreview.php,200,OK,Thread Group 1-53,text,true,191,10327
1370225100760,10202,/submitreview.php,200,OK,Thread Group 1-55,text,true,191,10202
1370225100825,10207,/submitreview.php,200,OK,Thread Group 1-56,text,true,191,10207
1370225100871,10265,/submitreview.php,200,OK,Thread Group 1-57,text,true,191,10265
1370225100979,10261,/submitreview.php,200,OK,Thread Group 1-54,text,true,191,10261
1370225101057,10300,/submitreview.php,200,OK,Thread Group 1-58,text,true,191,10300
1370225101115,10304,/submitreview.php,200,OK,Thread Group 1-59,text,true,191,10304
1370225101171,10366,/submitreview.php,200,OK,Thread Group 1-3,text,true,191,10366
1370225101423,10211,/submitreview.php,200,OK,Thread Group 1-61,text,true,191,10211
1370225101541,10204,/submitreview.php,200,OK,Thread Group 1-60,text,true,191,10204
1370225101732,10141,/submitreview.php,200,OK,Thread Group 1-62,text,true,191,10141
1370225101934,9994,/submitreview.php,200,OK,Thread Group 1-64,text,true,191,9994
1370225102135,9974,/submitreview.php,200,OK,Thread Group 1-66,text,true,191,9974
1370225102296,9898,/submitreview.php,200,OK,Thread Group 1-63,text,true,191,9898
1370225102366,9880,/submitreview.php,200,OK,Thread Group 1-67,text,true,191,9880
1370225102429,9896,/submitreview.php,200,OK,Thread Group 1-6,text,true,191,9896
1370225102538,9943,/submitreview.php,200,OK,Thread Group 1-68,text,true,191,9943
1370225102481,10137,/submitreview.php,200,OK,Thread Group 1-65,text,true,191,10137
1370225102633,10121,/submitreview.php,200,OK,Thread Group 1-69,text,true,191,10121
1370225102695,10182,/submitreview.php,200,OK,Thread Group 1-70,text,true,191,10182
1370225102914,10140,/submitreview.php,200,OK,Thread Group 1-72,text,true,191,10140
1370225102981,10162,/submitreview.php,200,OK,Thread Group 1-73,text,true,191,10162
1370225103140,10113,/submitreview.php,200,OK,Thread Group 1-7,text,true,191,10113
1370225103203,10299,/submitreview.php,200,OK,Thread Group 1-13,text,true,191,10299
1370225103252,10430,/submitreview.php,200,OK,Thread Group 1-75,text,true,191,10430
1370225103343,10492,/submitreview.php,200,OK,Thread Group 1-76,text,true,191,10492
1370225103452,10477,/submitreview.php,200,OK,Thread Group 1-77,text,true,191,10477
1370225103509,10470,/submitreview.php,200,OK,Thread Group 1-74,text,true,191,10470
1370225103560,10478,/submitreview.php,200,OK,Thread Group 1-14,text,true,191,10478
1370225102819,11377,/submitreview.php,200,OK,Thread Group 1-71,text,true,191,11377
1370225103620,10693,/submitreview.php,200,OK,Thread Group 1-80,text,true,191,10693
1370225103707,10699,/submitreview.php,200,OK,Thread Group 1-78,text,true,191,10699
1370225103766,10853,/submitreview.php,200,OK,Thread Group 1-79,text,true,191,10853
1370225103814,10907,/submitreview.php,200,OK,Thread Group 1-82,text,true,191,10907
1370225103874,10945,/submitreview.php,200,OK,Thread Group 1-81,text,true,191,10945
1370225103941,10962,/submitreview.php,200,OK,Thread Group 1-83,text,true,191,10962
1370225104004,11059,/submitreview.php,200,OK,Thread Group 1-84,text,true,191,11059
1370225104068,11162,/submitreview.php,200,OK,Thread Group 1-85,text,true,191,11162
1370225104160,11134,/submitreview.php,200,OK,Thread Group 1-86,text,true,191,11134
1370225104278,11063,/submitreview.php,200,OK,Thread Group 1-17,text,true,191,11063
1370225104411,10991,/submitreview.php,200,OK,Thread Group 1-87,text,true,191,10991
1370225104499,11344,/submitreview.php,200,OK,Thread Group 1-89,text,true,191,11344
1370225104585,11433,/submitreview.php,200,OK,Thread Group 1-88,text,true,191,11433
1370225104661,11540,/submitreview.php,200,OK,Thread Group 1-91,text,true,191,11540
1370225104721,11660,/submitreview.php,200,OK,Thread Group 1-90,text,true,191,11660
1370225104781,11645,/submitreview.php,200,OK,Thread Group 1-11,text,true,191,11645
1370225104858,11646,/submitreview.php,200,OK,Thread Group 1-92,text,true,191,11646
1370225104921,11659,/submitreview.php,200,OK,Thread Group 1-93,text,true,191,11659
1370225105044,11688,/submitreview.php,200,OK,Thread Group 1-95,text,true,191,11688
1370225105127,11723,/submitreview.php,200,OK,Thread Group 1-96,text,true,191,11723
1370225105195,11718,/submitreview.php,200,OK,Thread Group 1-94,text,true,191,11718
1370225105285,11776,/submitreview.php,200,OK,Thread Group 1-97,text,true,191,11776
1370225105352,11794,/submitreview.php,200,OK,Thread Group 1-98,text,true,191,11794
1370225105405,11816,/submitreview.php,200,OK,Thread Group 1-100,text,true,191,11816
1370225105462,11955,/submitreview.php,200,OK,Thread Group 1-99,text,true,191,11955
1370225105534,11940,/submitreview.php,200,OK,Thread Group 1-2,text,true,191,11940
1370225105687,11858,/submitreview.php,200,OK,Thread Group 1-16,text,true,191,11858
1370225105760,11826,/submitreview.php,200,OK,Thread Group 1-15,text,true,191,11826
1370225105906,11741,/submitreview.php,200,OK,Thread Group 1-9,text,true,191,11741
1370225105983,11830,/submitreview.php,200,OK,Thread Group 1-10,text,true,191,11830
1370225106116,11790,/submitreview.php,200,OK,Thread Group 1-12,text,true,191,11790
1370225106171,11858,/submitreview.php,200,OK,Thread Group 1-8,text,true,191,11858
1370225106224,11950,/submitreview.php,200,OK,Thread Group 1-22,text,true,191,11950
1370225106324,11987,/submitreview.php,200,OK,Thread Group 1-1,text,true,191,11987
1370225106376,12060,/submitreview.php,200,OK,Thread Group 1-18,text,true,191,12060
1370225106493,12007,/submitreview.php,200,OK,Thread Group 1-20,text,true,191,12007
1370225106422,12129,/submitreview.php,200,OK,Thread Group 1-25,text,true,191,12129
1370225106635,11998,/submitreview.php,200,OK,Thread Group 1-28,text,true,191,11998
1370225106758,11972,/submitreview.php,200,OK,Thread Group 1-29,text,true,191,11972
1370225106824,12103,/submitreview.php,200,OK,Thread Group 1-21,text,true,191,12103
1370225106956,12108,/submitreview.php,200,OK,Thread Group 1-26,text,true,191,12108
1370225107037,12094,/submitreview.php,200,OK,Thread Group 1-19,text,true,191,12094
1370225107181,12124,/submitreview.php,200,OK,Thread Group 1-23,text,true,191,12124
1370225107240,12128,/submitreview.php,200,OK,Thread Group 1-31,text,true,191,12128
1370225107306,12108,/submitreview.php,200,OK,Thread Group 1-32,text,true,191,12108
1370225107441,12035,/submitreview.php,200,OK,Thread Group 1-30,text,true,191,12035
1370225107386,12175,/submitreview.php,200,OK,Thread Group 1-24,text,true,191,12175
1370225107591,12023,/submitreview.php,200,OK,Thread Group 1-33,text,true,191,12023
1370225107118,12630,/submitreview.php,200,OK,Thread Group 1-27,text,true,191,12630
1370225108029,11822,/submitreview.php,200,OK,Thread Group 1-34,text,true,191,11822
1370225108175,11822,/submitreview.php,200,OK,Thread Group 1-35,text,true,191,11822
1370225108311,11770,/submitreview.php,200,OK,Thread Group 1-5,text,true,191,11770
1370225108416,11734,/submitreview.php,200,OK,Thread Group 1-36,text,true,191,11734
1370225108494,11724,/submitreview.php,200,OK,Thread Group 1-38,text,true,191,11724
1370225108627,11677,/submitreview.php,200,OK,Thread Group 1-40,text,true,191,11677
1370225108748,11675,/submitreview.php,200,OK,Thread Group 1-42,text,true,191,11675
1370225108870,11617,/submitreview.php,200,OK,Thread Group 1-39,text,true,191,11617
1370225109079,11477,/submitreview.php,200,OK,Thread Group 1-37,text,true,191,11477
1370225109191,11445,/submitreview.php,200,OK,Thread Group 1-41,text,true,191,11445
1370225109365,11433,/submitreview.php,200,OK,Thread Group 1-44,text,true,191,11433
1370225109505,11341,/submitreview.php,200,OK,Thread Group 1-43,text,true,191,11341
1370225109673,11240,/submitreview.php,200,OK,Thread Group 1-46,text,true,191,11240
1370225109869,11098,/submitreview.php,200,OK,Thread Group 1-45,text,true,191,11098
1370225110054,10969,/submitreview.php,200,OK,Thread Group 1-48,text,true,191,10969
1370225110196,10917,/submitreview.php,200,OK,Thread Group 1-49,text,true,191,10917
1370225110325,10839,/submitreview.php,200,OK,Thread Group 1-47,text,true,191,10839
1370225110426,10887,/submitreview.php,200,OK,Thread Group 1-50,text,true,191,10887
1370225110592,10876,/submitreview.php,200,OK,Thread Group 1-51,text,true,191,10876
1370225110726,10747,/submitreview.php,200,OK,Thread Group 1-4,text,true,191,10747
1370225110799,10736,/submitreview.php,200,OK,Thread Group 1-52,text,true,191,10736
1370225110880,10762,/submitreview.php,200,OK,Thread Group 1-53,text,true,191,10762
1370225110963,10770,/submitreview.php,200,OK,Thread Group 1-55,text,true,191,10770
1370225111035,10796,/submitreview.php,200,OK,Thread Group 1-56,text,true,191,10796
1370225111139,10843,/submitreview.php,200,OK,Thread Group 1-57,text,true,191,10843
1370225111245,10985,/submitreview.php,200,OK,Thread Group 1-54,text,true,191,10985
1370225111360,10871,/submitreview.php,200,OK,Thread Group 1-58,text,true,191,10871
1370225111422,10989,/submitreview.php,200,OK,Thread Group 1-59,text,true,191,10989
1370225111540,10950,/submitreview.php,200,OK,Thread Group 1-3,text,true,191,10950
1370225111637,10924,/submitreview.php,200,OK,Thread Group 1-61,text,true,191,10924
1370225111748,11005,/submitreview.php,200,OK,Thread Group 1-60,text,true,191,11005
1370225111875,11018,/submitreview.php,200,OK,Thread Group 1-62,text,true,191,11018
1370225111931,11041,/submitreview.php,200,OK,Thread Group 1-64,text,true,191,11041
1370225112112,11009,/submitreview.php,200,OK,Thread Group 1-66,text,true,191,11009
1370225112197,11076,/submitreview.php,200,OK,Thread Group 1-63,text,true,191,11076
1370225112249,11155,/submitreview.php,200,OK,Thread Group 1-67,text,true,191,11155
1370225112328,11226,/submitreview.php,200,OK,Thread Group 1-6,text,true,191,11226
1370225112484,11148,/submitreview.php,200,OK,Thread Group 1-68,text,true,191,11148
1370225112658,11123,/submitreview.php,200,OK,Thread Group 1-65,text,true,191,11123
1370225112879,10967,/submitreview.php,200,OK,Thread Group 1-70,text,true,191,10967
1370225113057,10850,/submitreview.php,200,OK,Thread Group 1-72,text,true,191,10850
1370225112756,11276,/submitreview.php,200,OK,Thread Group 1-69,text,true,191,11276
1370225113146,10935,/submitreview.php,200,OK,Thread Group 1-73,text,true,191,10935
1370225113255,10883,/submitreview.php,200,OK,Thread Group 1-7,text,true,191,10883
1370225113505,10687,/submitreview.php,200,OK,Thread Group 1-13,text,true,191,10687
1370225113685,10568,/submitreview.php,200,OK,Thread Group 1-75,text,true,191,10568
1370225113931,10461,/submitreview.php,200,OK,Thread Group 1-77,text,true,191,10461
1370225113837,10600,/submitreview.php,200,OK,Thread Group 1-76,text,true,191,10600
1370225113981,10501,/submitreview.php,200,OK,Thread Group 1-74,text,true,191,10501
1370225114041,10519,/submitreview.php,200,OK,Thread Group 1-14,text,true,191,10519
1370225114198,10537,/submitreview.php,200,OK,Thread Group 1-71,text,true,191,10537
1370225114316,10463,/submitreview.php,200,OK,Thread Group 1-80,text,true,191,10462
1370225114409,10412,/submitreview.php,200,OK,Thread Group 1-78,text,true,191,10412
1370225114622,10475,/submitreview.php,200,OK,Thread Group 1-79,text,true,191,10475
1370225114723,10452,/submitreview.php,200,OK,Thread Group 1-82,text,true,191,10452
1370225114822,10427,/submitreview.php,200,OK,Thread Group 1-81,text,true,191,10427
1370225114906,10495,/submitreview.php,200,OK,Thread Group 1-83,text,true,191,10495
1370225115066,10372,/submitreview.php,200,OK,Thread Group 1-84,text,true,191,10372
1370225115233,10336,/submitreview.php,200,OK,Thread Group 1-85,text,true,191,10336
1370225115297,10350,/submitreview.php,200,OK,Thread Group 1-86,text,true,191,10350
1370225115344,10470,/submitreview.php,200,OK,Thread Group 1-17,text,true,191,10470
1370225115846,10037,/submitreview.php,200,OK,Thread Group 1-89,text,true,191,10037
1370225116021,10012,/submitreview.php,200,OK,Thread Group 1-88,text,true,191,10012
1370225115405,10668,/submitreview.php,200,OK,Thread Group 1-87,text,true,191,10668
1370225116203,9959,/submitreview.php,200,OK,Thread Group 1-91,text,true,191,9959
1370225116384,9892,/submitreview.php,200,OK,Thread Group 1-90,text,true,191,9892
1370225116429,9896,/submitreview.php,200,OK,Thread Group 1-11,text,true,191,9896
1370225116506,9893,/submitreview.php,200,OK,Thread Group 1-92,text,true,191,9893
1370225116583,10009,/submitreview.php,200,OK,Thread Group 1-93,text,true,191,10009
1370225116735,9976,/submitreview.php,200,OK,Thread Group 1-95,text,true,191,9976
1370225116853,9922,/submitreview.php,200,OK,Thread Group 1-96,text,true,191,9922
1370225116915,9944,/submitreview.php,200,OK,Thread Group 1-94,text,true,191,9944
1370225117063,9952,/submitreview.php,200,OK,Thread Group 1-97,text,true,191,9952
1370225117149,10014,/submitreview.php,200,OK,Thread Group 1-98,text,true,191,10014
1370225117223,10058,/submitreview.php,200,OK,Thread Group 1-100,text,true,191,10058
1370225117420,9919,/submitreview.php,200,OK,Thread Group 1-99,text,true,191,9919
1370225117477,9943,/submitreview.php,200,OK,Thread Group 1-2,text,true,191,9943
1370225117548,10079,/submitreview.php,200,OK,Thread Group 1-16,text,true,191,10079
1370225117588,10080,/submitreview.php,200,OK,Thread Group 1-15,text,true,191,10080
1370225117650,10058,/submitreview.php,200,OK,Thread Group 1-9,text,true,191,10058
1370225117815,9949,/submitreview.php,200,OK,Thread Group 1-10,text,true,191,9949
1370225117909,9903,/submitreview.php,200,OK,Thread Group 1-12,text,true,191,9903
1370225118033,9843,/submitreview.php,200,OK,Thread Group 1-8,text,true,191,9843
1370225118178,9756,/submitreview.php,200,OK,Thread Group 1-22,text,true,191,9756
1370225118315,9684,/submitreview.php,200,OK,Thread Group 1-1,text,true,191,9684
1370225118504,9667,/submitreview.php,200,OK,Thread Group 1-20,text,true,191,9667
1370225118555,9782,/submitreview.php,200,OK,Thread Group 1-25,text,true,191,9782
1370225118637,9745,/submitreview.php,200,OK,Thread Group 1-28,text,true,191,9745
1370225118440,9980,/submitreview.php,200,OK,Thread Group 1-18,text,true,191,9980
1370225118734,9780,/submitreview.php,200,OK,Thread Group 1-29,text,true,191,9780
1370225118931,9627,/submitreview.php,200,OK,Thread Group 1-21,text,true,191,9627
1370225119067,9637,/submitreview.php,200,OK,Thread Group 1-26,text,true,191,9637
1370225119135,9675,/submitreview.php,200,OK,Thread Group 1-19,text,true,191,9675
1370225119308,9542,/submitreview.php,200,OK,Thread Group 1-23,text,true,191,9542
1370225119372,9529,/submitreview.php,200,OK,Thread Group 1-31,text,true,191,9529
1370225119418,9521,/submitreview.php,200,OK,Thread Group 1-32,text,true,191,9521
1370225119480,9495,/submitreview.php,200,OK,Thread Group 1-30,text,true,191,9495
1370225119564,9458,/submitreview.php,200,OK,Thread Group 1-24,text,true,191,9458
1370225119618,9541,/submitreview.php,200,OK,Thread Group 1-33,text,true,191,9541
1370225119752,9503,/submitreview.php,200,OK,Thread Group 1-27,text,true,191,9503
1370225119855,9521,/submitreview.php,200,OK,Thread Group 1-34,text,true,191,9521
1370225120000,9420,/submitreview.php,200,OK,Thread Group 1-35,text,true,191,9420
1370225120084,9394,/submitreview.php,200,OK,Thread Group 1-5,text,true,191,9394
1370225120154,9466,/submitreview.php,200,OK,Thread Group 1-36,text,true,191,9466
1370225120222,9472,/submitreview.php,200,OK,Thread Group 1-38,text,true,191,9472
1370225120308,9540,/submitreview.php,200,OK,Thread Group 1-40,text,true,191,9540
1370225120427,9491,/submitreview.php,200,OK,Thread Group 1-42,text,true,191,9491
1370225120492,9490,/submitreview.php,200,OK,Thread Group 1-39,text,true,191,9490
1370225120560,9480,/submitreview.php,200,OK,Thread Group 1-37,text,true,191,9480
1370225120639,9469,/submitreview.php,200,OK,Thread Group 1-41,text,true,191,9469
1370225120801,9348,/submitreview.php,200,OK,Thread Group 1-44,text,true,191,9348
1370225120849,9354,/submitreview.php,200,OK,Thread Group 1-43,text,true,191,9354
1370225120916,9353,/submitreview.php,200,OK,Thread Group 1-46,text,true,191,9353
1370225120970,9350,/submitreview.php,200,OK,Thread Group 1-45,text,true,191,9350
1370225121027,9473,/submitreview.php,200,OK,Thread Group 1-48,text,true,191,9473
1370225121116,9433,/submitreview.php,200,OK,Thread Group 1-49,text,true,191,9433
1370225121167,9424,/submitreview.php,200,OK,Thread Group 1-47,text,true,191,9424
1370225121315,9320,/submitreview.php,200,OK,Thread Group 1-50,text,true,191,9320
1370225121471,9225,/submitreview.php,200,OK,Thread Group 1-51,text,true,191,9225
1370225121537,9264,/submitreview.php,200,OK,Thread Group 1-52,text,true,191,9264
1370225121645,9208,/submitreview.php,200,OK,Thread Group 1-53,text,true,191,9208
1370225121475,9435,/submitreview.php,200,OK,Thread Group 1-4,text,true,191,9435
1370225121736,9290,/submitreview.php,200,OK,Thread Group 1-55,text,true,191,9290
1370225121832,9268,/submitreview.php,200,OK,Thread Group 1-56,text,true,191,9268
1370225121984,9162,/submitreview.php,200,OK,Thread Group 1-57,text,true,191,9162
1370225122231,8967,/submitreview.php,200,OK,Thread Group 1-54,text,true,191,8967
1370225122234,9001,/submitreview.php,200,OK,Thread Group 1-58,text,true,191,9001
1370225122412,8893,/submitreview.php,200,OK,Thread Group 1-59,text,true,191,8893
1370225122492,8974,/submitreview.php,200,OK,Thread Group 1-3,text,true,191,8974
1370225122563,8962,/submitreview.php,200,OK,Thread Group 1-61,text,true,191,8962
1370225122754,8810,/submitreview.php,200,OK,Thread Group 1-60,text,true,191,8810
1370225122894,8711,/submitreview.php,200,OK,Thread Group 1-62,text,true,191,8711
1370225122974,8715,/submitreview.php,200,OK,Thread Group 1-64,text,true,191,8715
1370225123122,8617,/submitreview.php,200,OK,Thread Group 1-66,text,true,191,8617
1370225123275,8617,/submitreview.php,200,OK,Thread Group 1-63,text,true,191,8617
1370225123406,8535,/submitreview.php,200,OK,Thread Group 1-67,text,true,191,8535
1370225123634,8417,/submitreview.php,200,OK,Thread Group 1-68,text,true,191,8417
1370225123556,8541,/submitreview.php,200,OK,Thread Group 1-6,text,true,191,8541
1370225123847,8290,/submitreview.php,200,OK,Thread Group 1-70,text,true,191,8290
1370225123909,8284,/submitreview.php,200,OK,Thread Group 1-72,text,true,191,8284
1370225123783,8471,/submitreview.php,200,OK,Thread Group 1-65,text,true,191,8471
1370225124034,8321,/submitreview.php,200,OK,Thread Group 1-69,text,true,191,8321
1370225124083,8402,/submitreview.php,200,OK,Thread Group 1-73,text,true,191,8402
1370225124140,8406,/submitreview.php,200,OK,Thread Group 1-7,text,true,191,8406
1370225124194,8390,/submitreview.php,200,OK,Thread Group 1-13,text,true,191,8390
1370225124255,8404,/submitreview.php,200,OK,Thread Group 1-75,text,true,191,8404
1370225124394,8372,/submitreview.php,200,OK,Thread Group 1-77,text,true,191,8372
1370225124439,8385,/submitreview.php,200,OK,Thread Group 1-76,text,true,191,8385
1370225124483,8423,/submitreview.php,200,OK,Thread Group 1-74,text,true,191,8423
1370225124561,8487,/submitreview.php,200,OK,Thread Group 1-14,text,true,191,8487
1370225124736,8374,/submitreview.php,200,OK,Thread Group 1-71,text,true,191,8374
1370225124781,8392,/submitreview.php,200,OK,Thread Group 1-80,text,true,191,8392
1370225124822,8408,/submitreview.php,200,OK,Thread Group 1-78,text,true,191,8408
1370225125099,8193,/submitreview.php,200,OK,Thread Group 1-79,text,true,191,8193
1370225125176,8179,/submitreview.php,200,OK,Thread Group 1-82,text,true,191,8179
1370225125250,8155,/submitreview.php,200,OK,Thread Group 1-81,text,true,191,8155
1370225125402,8047,/submitreview.php,200,OK,Thread Group 1-83,text,true,191,8047
1370225125440,8057,/submitreview.php,200,OK,Thread Group 1-84,text,true,191,8057
1370225125570,7988,/submitreview.php,200,OK,Thread Group 1-85,text,true,191,7988
1370225125649,8015,/submitreview.php,200,OK,Thread Group 1-86,text,true,191,8015
1370225125815,7954,/submitreview.php,200,OK,Thread Group 1-17,text,true,191,7954
1370225125884,7948,/submitreview.php,200,OK,Thread Group 1-89,text,true,191,7948
1370225126036,7844,/submitreview.php,200,OK,Thread Group 1-88,text,true,191,7844
1370225126075,7847,/submitreview.php,200,OK,Thread Group 1-87,text,true,191,7847
1370225126165,7799,/submitreview.php,200,OK,Thread Group 1-91,text,true,191,7799
1370225126279,7769,/submitreview.php,200,OK,Thread Group 1-90,text,true,191,7769
1370225126329,7839,/submitreview.php,200,OK,Thread Group 1-11,text,true,191,7839
1370225126401,7787,/submitreview.php,200,OK,Thread Group 1-92,text,true,191,7787
1370225126594,7667,/submitreview.php,200,OK,Thread Group 1-93,text,true,191,7667
1370225126714,7658,/submitreview.php,200,OK,Thread Group 1-95,text,true,191,7658
1370225126778,7656,/submitreview.php,200,OK,Thread Group 1-96,text,true,191,7656
1370225126861,7667,/submitreview.php,200,OK,Thread Group 1-94,text,true,191,7667
1370225127018,7614,/submitreview.php,200,OK,Thread Group 1-97,text,true,191,7614
1370225127166,7506,/submitreview.php,200,OK,Thread Group 1-98,text,true,191,7506
1370225127284,7443,/submitreview.php,200,OK,Thread Group 1-100,text,true,191,7443
1370225127342,7413,/submitreview.php,200,OK,Thread Group 1-99,text,true,191,7413
1370225127422,7405,/submitreview.php,200,OK,Thread Group 1-2,text,true,191,7405
1370225127629,7266,/submitreview.php,200,OK,Thread Group 1-16,text,true,191,7266
1370225127670,7342,/submitreview.php,200,OK,Thread Group 1-15,text,true,191,7342
1370225127710,7345,/submitreview.php,200,OK,Thread Group 1-9,text,true,191,7345
1370225127767,7335,/submitreview.php,200,OK,Thread Group 1-10,text,true,191,7335
1370225127815,7331,/submitreview.php,200,OK,Thread Group 1-12,text,true,191,7331
1370225127879,7331,/submitreview.php,200,OK,Thread Group 1-8,text,true,191,7331
1370225127937,7320,/submitreview.php,200,OK,Thread Group 1-22,text,true,191,7320
1370225128002,7290,/submitreview.php,200,OK,Thread Group 1-1,text,true,191,7290
1370225128174,7290,/submitreview.php,200,OK,Thread Group 1-20,text,true,191,7290
1370225128340,7213,/submitreview.php,200,OK,Thread Group 1-25,text,true,191,7213
1370225128385,7212,/submitreview.php,200,OK,Thread Group 1-28,text,true,191,7212
1370225128423,7217,/submitreview.php,200,OK,Thread Group 1-18,text,true,191,7217
1370225128517,7178,/submitreview.php,200,OK,Thread Group 1-29,text,true,191,7178
1370225128563,7317,/submitreview.php,200,OK,Thread Group 1-21,text,true,191,7317
1370225128706,7238,/submitreview.php,200,OK,Thread Group 1-26,text,true,191,7238
1370225128813,7342,/submitreview.php,200,OK,Thread Group 1-19,text,true,191,7342
1370225128852,7361,/submitreview.php,200,OK,Thread Group 1-23,text,true,191,7361
1370225128903,7361,/submitreview.php,200,OK,Thread Group 1-31,text,true,191,7361
1370225128941,7363,/submitreview.php,200,OK,Thread Group 1-32,text,true,191,7363
1370225128978,7370,/submitreview.php,200,OK,Thread Group 1-30,text,true,191,7370
1370225129025,7508,/submitreview.php,200,OK,Thread Group 1-24,text,true,191,7508
1370225129161,7432,/submitreview.php,200,OK,Thread Group 1-33,text,true,191,7432
1370225129258,7407,/submitreview.php,200,OK,Thread Group 1-27,text,true,191,7407
1370225129379,7413,/submitreview.php,200,OK,Thread Group 1-34,text,true,191,7413
1370225129422,7415,/submitreview.php,200,OK,Thread Group 1-35,text,true,191,7415
1370225129481,7396,/submitreview.php,200,OK,Thread Group 1-5,text,true,191,7396
1370225129623,7297,/submitreview.php,200,OK,Thread Group 1-36,text,true,191,7297
1370225129697,7266,/submitreview.php,200,OK,Thread Group 1-38,text,true,191,7266
1370225129851,7169,/submitreview.php,200,OK,Thread Group 1-40,text,true,191,7169
1370225129921,7180,/submitreview.php,200,OK,Thread Group 1-42,text,true,191,7180
1370225129985,7143,/submitreview.php,200,OK,Thread Group 1-39,text,true,191,7143
1370225130043,7124,/submitreview.php,200,OK,Thread Group 1-37,text,true,191,7124
1370225130111,7126,/submitreview.php,200,OK,Thread Group 1-41,text,true,191,7126
1370225130153,7209,/submitreview.php,200,OK,Thread Group 1-44,text,true,191,7209
1370225130206,7205,/submitreview.php,200,OK,Thread Group 1-43,text,true,191,7205
1370225130272,7173,/submitreview.php,200,OK,Thread Group 1-46,text,true,191,7173
1370225130322,7167,/submitreview.php,200,OK,Thread Group 1-45,text,true,191,7167
1370225130503,7031,/submitreview.php,200,OK,Thread Group 1-48,text,true,191,7031
1370225130553,7102,/submitreview.php,200,OK,Thread Group 1-49,text,true,191,7102
1370225130594,7224,/submitreview.php,200,OK,Thread Group 1-47,text,true,191,7224
1370225130639,7243,/submitreview.php,200,OK,Thread Group 1-50,text,true,191,7243
1370225130699,7291,/submitreview.php,200,OK,Thread Group 1-51,text,true,191,7291
1370225130856,7214,/submitreview.php,200,OK,Thread Group 1-53,text,true,191,7214
1370225130913,7247,/submitreview.php,200,OK,Thread Group 1-4,text,true,191,7247
1370225130805,7398,/submitreview.php,200,OK,Thread Group 1-52,text,true,191,7398
1370225131030,7231,/submitreview.php,200,OK,Thread Group 1-55,text,true,191,7231
1370225131149,7199,/submitreview.php,200,OK,Thread Group 1-57,text,true,191,7199
1370225131201,7292,/submitreview.php,200,OK,Thread Group 1-54,text,true,191,7292
1370225131238,7328,/submitreview.php,200,OK,Thread Group 1-58,text,true,191,7328
1370225131309,7380,/submitreview.php,200,OK,Thread Group 1-59,text,true,191,7380
1370225131103,7639,/submitreview.php,200,OK,Thread Group 1-56,text,true,191,7639
1370225131469,7326,/submitreview.php,200,OK,Thread Group 1-3,text,true,191,7326
1370225131529,7307,/submitreview.php,200,OK,Thread Group 1-61,text,true,191,7307
1370225131567,7459,/submitreview.php,200,OK,Thread Group 1-60,text,true,191,7459
1370225131609,7530,/submitreview.php,200,OK,Thread Group 1-62,text,true,191,7530
1370225131692,7498,/submitreview.php,200,OK,Thread Group 1-64,text,true,191,7498
1370225131743,7515,/submitreview.php,200,OK,Thread Group 1-66,text,true,191,7515
1370225131895,7435,/submitreview.php,200,OK,Thread Group 1-63,text,true,191,7435
1370225131944,7538,/submitreview.php,200,OK,Thread Group 1-67,text,true,191,7538
1370225132054,7494,/submitreview.php,200,OK,Thread Group 1-68,text,true,191,7494
1370225132101,7501,/submitreview.php,200,OK,Thread Group 1-6,text,true,191,7501
1370225132141,7507,/submitreview.php,200,OK,Thread Group 1-70,text,true,191,7507
1370225132196,7495,/submitreview.php,200,OK,Thread Group 1-72,text,true,191,7495
1370225132257,7492,/submitreview.php,200,OK,Thread Group 1-65,text,true,191,7492
1370225132358,7570,/submitreview.php,200,OK,Thread Group 1-69,text,true,191,7570
1370225132490,7491,/submitreview.php,200,OK,Thread Group 1-73,text,true,191,7491
1370225132550,7466,/submitreview.php,200,OK,Thread Group 1-7,text,true,191,7466
1370225132588,7489,/submitreview.php,200,OK,Thread Group 1-13,text,true,191,7489
1370225132662,7463,/submitreview.php,200,OK,Thread Group 1-75,text,true,191,7463
1370225132770,7404,/submitreview.php,200,OK,Thread Group 1-77,text,true,191,7404
1370225132827,7384,/submitreview.php,200,OK,Thread Group 1-76,text,true,191,7384
1370225132911,7363,/submitreview.php,200,OK,Thread Group 1-74,text,true,191,7363
1370225133052,7338,/submitreview.php,200,OK,Thread Group 1-14,text,true,191,7338
1370225133114,7348,/submitreview.php,200,OK,Thread Group 1-71,text,true,191,7348
1370225133176,7357,/submitreview.php,200,OK,Thread Group 1-80,text,true,191,7357
1370225133234,7399,/submitreview.php,200,OK,Thread Group 1-78,text,true,191,7399
1370225133295,7380,/submitreview.php,200,OK,Thread Group 1-79,text,true,191,7380
1370225133359,7361,/submitreview.php,200,OK,Thread Group 1-82,text,true,191,7361
1370225133408,7356,/submitreview.php,200,OK,Thread Group 1-81,text,true,191,7356
1370225133452,7347,/submitreview.php,200,OK,Thread Group 1-83,text,true,191,7347
1370225133501,7471,/submitreview.php,200,OK,Thread Group 1-84,text,true,191,7471
1370225133562,7454,/submitreview.php,200,OK,Thread Group 1-85,text,true,191,7454
1370225133667,7383,/submitreview.php,200,OK,Thread Group 1-86,text,true,191,7383
1370225133773,7325,/submitreview.php,200,OK,Thread Group 1-17,text,true,191,7325
1370225133835,7293,/submitreview.php,200,OK,Thread Group 1-89,text,true,191,7293
1370225133882,7301,/submitreview.php,200,OK,Thread Group 1-88,text,true,191,7301
1370225133924,7325,/submitreview.php,200,OK,Thread Group 1-87,text,true,191,7325
1370225133967,7334,/submitreview.php,200,OK,Thread Group 1-91,text,true,191,7334
1370225134050,7369,/submitreview.php,200,OK,Thread Group 1-90,text,true,191,7369
1370225134171,7298,/submitreview.php,200,OK,Thread Group 1-11,text,true,191,7298
1370225134190,7365,/submitreview.php,200,OK,Thread Group 1-92,text,true,191,7365
1370225134265,7339,/submitreview.php,200,OK,Thread Group 1-93,text,true,191,7339
1370225134374,7307,/submitreview.php,200,OK,Thread Group 1-95,text,true,191,7307
1370225134437,7308,/submitreview.php,200,OK,Thread Group 1-96,text,true,191,7308
1370225134530,7364,/submitreview.php,200,OK,Thread Group 1-94,text,true,191,7364
1370225134634,7320,/submitreview.php,200,OK,Thread Group 1-97,text,true,191,7320
1370225134674,7405,/submitreview.php,200,OK,Thread Group 1-98,text,true,191,7405
1370225134729,7425,/submitreview.php,200,OK,Thread Group 1-100,text,true,191,7425
1370225134759,7574,/submitreview.php,200,OK,Thread Group 1-99,text,true,191,7574
1370225134830,7553,/submitreview.php,200,OK,Thread Group 1-2,text,true,191,7553
1370225134898,7678,/submitreview.php,200,OK,Thread Group 1-16,text,true,191,7678
1370225135015,7690,/submitreview.php,200,OK,Thread Group 1-15,text,true,191,7690
1370225135058,7760,/submitreview.php,200,OK,Thread Group 1-9,text,true,191,7760
1370225135104,7774,/submitreview.php,200,OK,Thread Group 1-10,text,true,191,7774
1370225135212,7730,/submitreview.php,200,OK,Thread Group 1-8,text,true,191,7730
1370225135148,7981,/submitreview.php,200,OK,Thread Group 1-12,text,true,191,7981
1370225135259,8029,/submitreview.php,200,OK,Thread Group 1-22,text,true,191,8029
1370225135295,8064,/submitreview.php,200,OK,Thread Group 1-1,text,true,191,8064
1370225135467,7950,/submitreview.php,200,OK,Thread Group 1-20,text,true,191,7950
1370225135556,7983,/submitreview.php,200,OK,Thread Group 1-25,text,true,191,7983
1370225135600,7996,/submitreview.php,200,OK,Thread Group 1-28,text,true,191,7996
1370225135643,8090,/submitreview.php,200,OK,Thread Group 1-18,text,true,191,8090
1370225135698,8107,/submitreview.php,200,OK,Thread Group 1-29,text,true,191,8107
1370225135885,7981,/submitreview.php,200,OK,Thread Group 1-21,text,true,191,7981
1370225135949,8039,/submitreview.php,200,OK,Thread Group 1-26,text,true,191,8039
1370225136156,7895,/submitreview.php,200,OK,Thread Group 1-19,text,true,191,7895
1370225136215,7929,/submitreview.php,200,OK,Thread Group 1-23,text,true,191,7929
1370225136266,7971,/submitreview.php,200,OK,Thread Group 1-31,text,true,191,7971
1370225136306,7985,/submitreview.php,200,OK,Thread Group 1-32,text,true,191,7985
1370225136350,8076,/submitreview.php,200,OK,Thread Group 1-30,text,true,191,8076
1370225136535,7957,/submitreview.php,200,OK,Thread Group 1-24,text,true,191,7957
1370225136595,7963,/submitreview.php,200,OK,Thread Group 1-33,text,true,191,7963
1370225136669,8027,/submitreview.php,200,OK,Thread Group 1-27,text,true,191,8027
1370225136793,7987,/submitreview.php,200,OK,Thread Group 1-34,text,true,191,7987
1370225136838,8103,/submitreview.php,200,OK,Thread Group 1-35,text,true,191,8103
1370225136878,8120,/submitreview.php,200,OK,Thread Group 1-5,text,true,191,8120
1370225136921,8127,/submitreview.php,200,OK,Thread Group 1-36,text,true,191,8127
1370225136967,8202,/submitreview.php,200,OK,Thread Group 1-38,text,true,191,8202
1370225137021,8232,/submitreview.php,200,OK,Thread Group 1-40,text,true,191,8232
1370225137104,8311,/submitreview.php,200,OK,Thread Group 1-42,text,true,191,8311
1370225137132,8340,/submitreview.php,200,OK,Thread Group 1-39,text,true,191,8340
1370225137168,8353,/submitreview.php,200,OK,Thread Group 1-37,text,true,191,8353
1370225137239,8318,/submitreview.php,200,OK,Thread Group 1-41,text,true,191,8318
1370225137364,8261,/submitreview.php,200,OK,Thread Group 1-44,text,true,191,8261
1370225137413,8254,/submitreview.php,200,OK,Thread Group 1-43,text,true,191,8254
1370225137451,8443,/submitreview.php,200,OK,Thread Group 1-46,text,true,191,8443
1370225137491,8417,/submitreview.php,200,OK,Thread Group 1-45,text,true,191,8417
1370225137536,8445,/submitreview.php,200,OK,Thread Group 1-48,text,true,191,8445
1370225137657,8351,/submitreview.php,200,OK,Thread Group 1-49,text,true,191,8351
1370225137819,8225,/submitreview.php,200,OK,Thread Group 1-47,text,true,191,8225
1370225137884,8215,/submitreview.php,200,OK,Thread Group 1-50,text,true,191,8215
1370225137992,8154,/submitreview.php,200,OK,Thread Group 1-51,text,true,191,8154
1370225138072,8117,/submitreview.php,200,OK,Thread Group 1-53,text,true,191,8117
1370225138161,8081,/submitreview.php,200,OK,Thread Group 1-4,text,true,191,8081
1370225138204,8076,/submitreview.php,200,OK,Thread Group 1-52,text,true,191,8076
1370225138263,8066,/submitreview.php,200,OK,Thread Group 1-55,text,true,191,8066
1370225138349,8048,/submitreview.php,200,OK,Thread Group 1-57,text,true,191,8048
1370225138494,8004,/submitreview.php,200,OK,Thread Group 1-54,text,true,191,8004
1370225138567,7971,/submitreview.php,200,OK,Thread Group 1-58,text,true,191,7971
1370225138691,7909,/submitreview.php,200,OK,Thread Group 1-59,text,true,191,7909
1370225138743,7952,/submitreview.php,200,OK,Thread Group 1-56,text,true,191,7952
1370225138797,7963,/submitreview.php,200,OK,Thread Group 1-3,text,true,191,7963
1370225138838,8040,/submitreview.php,200,OK,Thread Group 1-61,text,true,191,8040
1370225139028,7850,/submitreview.php,200,OK,Thread Group 1-60,text,true,191,7850
1370225139141,7769,/submitreview.php,200,OK,Thread Group 1-62,text,true,191,7769
1370225139192,7758,/submitreview.php,200,OK,Thread Group 1-64,text,true,191,7758
1370225139260,7759,/submitreview.php,200,OK,Thread Group 1-66,text,true,191,7759
1370225139332,7727,/submitreview.php,200,OK,Thread Group 1-63,text,true,191,7727
1370225139484,7614,/submitreview.php,200,OK,Thread Group 1-67,text,true,191,7614
1370225139550,7601,/submitreview.php,200,OK,Thread Group 1-68,text,true,191,7601
1370225139604,7600,/submitreview.php,200,OK,Thread Group 1-6,text,true,191,7600
1370225139649,7618,/submitreview.php,200,OK,Thread Group 1-70,text,true,191,7618
1370225139693,7726,/submitreview.php,200,OK,Thread Group 1-72,text,true,191,7726
1370225139751,7741,/submitreview.php,200,OK,Thread Group 1-65,text,true,191,7741
1370225139929,7568,/submitreview.php,200,OK,Thread Group 1-69,text,true,191,7568
1370225139983,7551,/submitreview.php,200,OK,Thread Group 1-73,text,true,191,7551
1370225140018,7559,/submitreview.php,200,OK,Thread Group 1-7,text,true,191,7559
1370225140079,7534,/submitreview.php,200,OK,Thread Group 1-13,text,true,191,7534
1370225140126,7529,/submitreview.php,200,OK,Thread Group 1-75,text,true,191,7529
1370225140176,7614,/submitreview.php,200,OK,Thread Group 1-77,text,true,191,7614
1370225140212,7641,/submitreview.php,200,OK,Thread Group 1-76,text,true,191,7641
1370225140276,7616,/submitreview.php,200,OK,Thread Group 1-74,text,true,191,7616
1370225140393,7542,/submitreview.php,200,OK,Thread Group 1-14,text,true,191,7542
1370225140464,7510,/submitreview.php,200,OK,Thread Group 1-71,text,true,191,7510
1370225140535,7487,/submitreview.php,200,OK,Thread Group 1-80,text,true,191,7487
1370225140635,7425,/submitreview.php,200,OK,Thread Group 1-78,text,true,191,7425
1370225140677,7471,/submitreview.php,200,OK,Thread Group 1-79,text,true,191,7471
1370225140721,7500,/submitreview.php,200,OK,Thread Group 1-82,text,true,191,7500
1370225140766,7600,/submitreview.php,200,OK,Thread Group 1-81,text,true,191,7600
1370225140800,7620,/submitreview.php,200,OK,Thread Group 1-83,text,true,191,7620
1370225140974,7517,/submitreview.php,200,OK,Thread Group 1-84,text,true,191,7517
1370225141018,7600,/submitreview.php,200,OK,Thread Group 1-85,text,true,191,7600
1370225141052,7610,/submitreview.php,200,OK,Thread Group 1-86,text,true,191,7610
1370225141101,7652,/submitreview.php,200,OK,Thread Group 1-17,text,true,191,7652
1370225141131,7681,/submitreview.php,200,OK,Thread Group 1-89,text,true,191,7681
1370225141186,7771,/submitreview.php,200,OK,Thread Group 1-88,text,true,191,7771
1370225141252,7861,/submitreview.php,200,OK,Thread Group 1-87,text,true,191,7861
1370225141304,7868,/submitreview.php,200,OK,Thread Group 1-91,text,true,191,7868
1370225141421,7818,/submitreview.php,200,OK,Thread Group 1-90,text,true,191,7818
1370225141472,7878,/submitreview.php,200,OK,Thread Group 1-11,text,true,191,7878
1370225141558,7837,/submitreview.php,200,OK,Thread Group 1-92,text,true,191,7837
1370225141607,7838,/submitreview.php,200,OK,Thread Group 1-93,text,true,191,7838
1370225141684,7801,/submitreview.php,200,OK,Thread Group 1-95,text,true,191,7801
1370225141748,7775,/submitreview.php,200,OK,Thread Group 1-96,text,true,191,7775
1370225141897,7665,/submitreview.php,200,OK,Thread Group 1-94,text,true,191,7665
1370225141957,7654,/submitreview.php,200,OK,Thread Group 1-97,text,true,191,7654
1370225142081,7645,/submitreview.php,200,OK,Thread Group 1-98,text,true,191,7645
1370225142159,7608,/submitreview.php,200,OK,Thread Group 1-100,text,true,191,7608
1370225142335,7487,/submitreview.php,200,OK,Thread Group 1-99,text,true,191,7487
1370225142386,7498,/submitreview.php,200,OK,Thread Group 1-2,text,true,191,7498
1370225142579,7436,/submitreview.php,200,OK,Thread Group 1-16,text,true,191,7436
1370225142707,7358,/submitreview.php,200,OK,Thread Group 1-15,text,true,191,7358
1370225142881,7223,/submitreview.php,200,OK,Thread Group 1-10,text,true,191,7223
1370225142945,7204,/submitreview.php,200,OK,Thread Group 1-8,text,true,191,7204
1370225142820,7364,/submitreview.php,200,OK,Thread Group 1-9,text,true,191,7364
1370225143132,7112,/submitreview.php,200,OK,Thread Group 1-12,text,true,191,7112
1370225143291,6995,/submitreview.php,200,OK,Thread Group 1-22,text,true,191,6995
1370225143361,6976,/submitreview.php,200,OK,Thread Group 1-1,text,true,191,6976
1370225143419,6985,/submitreview.php,200,OK,Thread Group 1-20,text,true,191,6985
1370225143541,6925,/submitreview.php,200,OK,Thread Group 1-25,text,true,191,6925
1370225143598,6929,/submitreview.php,200,OK,Thread Group 1-28,text,true,191,6929
1370225143736,6830,/submitreview.php,200,OK,Thread Group 1-18,text,true,191,6830
1370225143807,6804,/submitreview.php,200,OK,Thread Group 1-29,text,true,191,6804
1370225143868,6782,/submitreview.php,200,OK,Thread Group 1-21,text,true,191,6782
1370225143991,6706,/submitreview.php,200,OK,Thread Group 1-26,text,true,191,6706
1370225144054,6692,/submitreview.php,200,OK,Thread Group 1-19,text,true,191,6692
1370225144241,6613,/submitreview.php,200,OK,Thread Group 1-31,text,true,191,6613
1370225144148,6742,/submitreview.php,200,OK,Thread Group 1-23,text,true,191,6742
1370225144294,6658,/submitreview.php,200,OK,Thread Group 1-32,text,true,191,6658
1370225144432,6576,/submitreview.php,200,OK,Thread Group 1-30,text,true,191,6576
1370225144496,6555,/submitreview.php,200,OK,Thread Group 1-24,text,true,191,6555
1370225144562,6540,/submitreview.php,200,OK,Thread Group 1-33,text,true,191,6540
1370225144700,6431,/submitreview.php,200,OK,Thread Group 1-27,text,true,191,6431
1370225144783,6389,/submitreview.php,200,OK,Thread Group 1-34,text,true,191,6389
1370225144946,6273,/submitreview.php,200,OK,Thread Group 1-35,text,true,191,6273
1370225145002,6281,/submitreview.php,200,OK,Thread Group 1-5,text,true,191,6281
1370225145052,6366,/submitreview.php,200,OK,Thread Group 1-36,text,true,191,6366
1370225145256,6229,/submitreview.php,200,OK,Thread Group 1-40,text,true,191,6229
1370225145175,6374,/submitreview.php,200,OK,Thread Group 1-38,text,true,191,6374
1370225145419,6256,/submitreview.php,200,OK,Thread Group 1-42,text,true,191,6256
1370225145476,6252,/submitreview.php,200,OK,Thread Group 1-39,text,true,191,6252
1370225145524,6250,/submitreview.php,200,OK,Thread Group 1-37,text,true,191,6250
1370225145561,6269,/submitreview.php,200,OK,Thread Group 1-41,text,true,191,6269
1370225145629,6251,/submitreview.php,200,OK,Thread Group 1-44,text,true,191,6251
1370225145670,6263,/submitreview.php,200,OK,Thread Group 1-43,text,true,191,6263
1370225145898,6082,/submitreview.php,200,OK,Thread Group 1-46,text,true,191,6082
1370225145912,6134,/submitreview.php,200,OK,Thread Group 1-45,text,true,191,6134
1370225145984,6129,/submitreview.php,200,OK,Thread Group 1-48,text,true,191,6129
1370225146012,6217,/submitreview.php,200,OK,Thread Group 1-49,text,true,191,6217
1370225146048,6237,/submitreview.php,200,OK,Thread Group 1-47,text,true,191,6237
1370225146102,6229,/submitreview.php,200,OK,Thread Group 1-50,text,true,191,6229
1370225146149,6225,/submitreview.php,200,OK,Thread Group 1-51,text,true,191,6225
1370225146193,6215,/submitreview.php,200,OK,Thread Group 1-53,text,true,191,6215
1370225146245,6209,/submitreview.php,200,OK,Thread Group 1-4,text,true,191,6209
1370225146287,6209,/submitreview.php,200,OK,Thread Group 1-52,text,true,191,6209
1370225146333,6229,/submitreview.php,200,OK,Thread Group 1-55,text,true,191,6229
1370225146400,6292,/submitreview.php,200,OK,Thread Group 1-57,text,true,191,6292
1370225146502,6245,/submitreview.php,200,OK,Thread Group 1-54,text,true,191,6245
1370225146542,6237,/submitreview.php,200,OK,Thread Group 1-58,text,true,191,6237
1370225146604,6219,/submitreview.php,200,OK,Thread Group 1-59,text,true,191,6219
1370225146699,6166,/submitreview.php,200,OK,Thread Group 1-56,text,true,191,6166
1370225146763,6148,/submitreview.php,200,OK,Thread Group 1-3,text,true,191,6148
1370225146882,6086,/submitreview.php,200,OK,Thread Group 1-61,text,true,191,6086
1370225146882,6246,/submitreview.php,200,OK,Thread Group 1-60,text,true,191,6246
1370225146914,6294,/submitreview.php,200,OK,Thread Group 1-62,text,true,191,6294
1370225147023,6310,/submitreview.php,200,OK,Thread Group 1-66,text,true,191,6310
1370225146953,6493,/submitreview.php,200,OK,Thread Group 1-64,text,true,191,6493
1370225147064,6515,/submitreview.php,200,OK,Thread Group 1-63,text,true,191,6515
1370225147102,6549,/submitreview.php,200,OK,Thread Group 1-67,text,true,191,6549
1370225147154,6613,/submitreview.php,200,OK,Thread Group 1-68,text,true,191,6613
1370225147207,6636,/submitreview.php,200,OK,Thread Group 1-6,text,true,191,6636
1370225147271,6633,/submitreview.php,200,OK,Thread Group 1-70,text,true,191,6633
1370225147423,6560,/submitreview.php,200,OK,Thread Group 1-72,text,true,191,6560
1370225147496,6663,/submitreview.php,200,OK,Thread Group 1-65,text,true,191,6663
1370225147501,6750,/submitreview.php,200,OK,Thread Group 1-69,text,true,191,6750
1370225147538,6857,/submitreview.php,200,OK,Thread Group 1-73,text,true,191,6857
1370225147580,6967,/submitreview.php,200,OK,Thread Group 1-7,text,true,191,6967
1370225147617,6989,/submitreview.php,200,OK,Thread Group 1-13,text,true,191,6989
1370225147660,7036,/submitreview.php,200,OK,Thread Group 1-75,text,true,191,7036
1370225147795,6977,/submitreview.php,200,OK,Thread Group 1-77,text,true,191,6977
1370225147857,7037,/submitreview.php,200,OK,Thread Group 1-76,text,true,191,7037
1370225147896,7089,/submitreview.php,200,OK,Thread Group 1-74,text,true,191,7089
1370225147939,7204,/submitreview.php,200,OK,Thread Group 1-14,text,true,191,7204
1370225147978,7242,/submitreview.php,200,OK,Thread Group 1-71,text,true,191,7242
1370225148025,7250,/submitreview.php,200,OK,Thread Group 1-80,text,true,191,7250
1370225148063,7356,/submitreview.php,200,OK,Thread Group 1-78,text,true,191,7356
1370225148152,7343,/submitreview.php,200,OK,Thread Group 1-79,text,true,191,7343
1370225148224,7325,/submitreview.php,200,OK,Thread Group 1-82,text,true,191,7325
1370225148370,7241,/submitreview.php,200,OK,Thread Group 1-81,text,true,191,7241
1370225148424,7229,/submitreview.php,200,OK,Thread Group 1-83,text,true,191,7229
1370225148495,7219,/submitreview.php,200,OK,Thread Group 1-84,text,true,191,7219
1370225148623,7151,/submitreview.php,200,OK,Thread Group 1-85,text,true,191,7151
1370225148665,7202,/submitreview.php,200,OK,Thread Group 1-86,text,true,191,7202
1370225148756,7201,/submitreview.php,200,OK,Thread Group 1-17,text,true,191,7201
1370225148816,7296,/submitreview.php,200,OK,Thread Group 1-89,text,true,191,7296
1370225148963,7226,/submitreview.php,200,OK,Thread Group 1-88,text,true,191,7226
1370225149117,7121,/submitreview.php,200,OK,Thread Group 1-87,text,true,191,7121
1370225149174,7126,/submitreview.php,200,OK,Thread Group 1-91,text,true,191,7126
1370225149242,7118,/submitreview.php,200,OK,Thread Group 1-90,text,true,191,7118
1370225149353,7090,/submitreview.php,200,OK,Thread Group 1-11,text,true,191,7090
1370225149397,7215,/submitreview.php,200,OK,Thread Group 1-92,text,true,191,7215
1370225149448,7242,/submitreview.php,200,OK,Thread Group 1-93,text,true,191,7242
1370225149487,7253,/submitreview.php,200,OK,Thread Group 1-95,text,true,191,7253
1370225149526,7264,/submitreview.php,200,OK,Thread Group 1-96,text,true,191,7264
1370225149564,7277,/submitreview.php,200,OK,Thread Group 1-94,text,true,191,7277
1370225149614,7296,/submitreview.php,200,OK,Thread Group 1-97,text,true,191,7296
1370225149728,7223,/submitreview.php,200,OK,Thread Group 1-98,text,true,191,7223
1370225149824,7198,/submitreview.php,200,OK,Thread Group 1-99,text,true,191,7198
1370225149886,7212,/submitreview.php,200,OK,Thread Group 1-2,text,true,191,7212
1370225149769,7464,/submitreview.php,200,OK,Thread Group 1-100,text,true,191,7464
1370225150018,7266,/submitreview.php,200,OK,Thread Group 1-16,text,true,191,7266
1370225150068,7299,/submitreview.php,200,OK,Thread Group 1-15,text,true,191,7299
1370225150107,7394,/submitreview.php,200,OK,Thread Group 1-10,text,true,191,7394
1370225150152,7498,/submitreview.php,200,OK,Thread Group 1-8,text,true,191,7498
1370225150187,7511,/submitreview.php,200,OK,Thread Group 1-9,text,true,191,7511
1370225150247,7503,/submitreview.php,200,OK,Thread Group 1-12,text,true,191,7503
1370225150290,7524,/submitreview.php,200,OK,Thread Group 1-22,text,true,191,7524
1370225150340,7557,/submitreview.php,200,OK,Thread Group 1-1,text,true,191,7557
1370225150407,7542,/submitreview.php,200,OK,Thread Group 1-20,text,true,191,7542
1370225150469,7633,/submitreview.php,200,OK,Thread Group 1-25,text,true,191,7633
1370225150530,7679,/submitreview.php,200,OK,Thread Group 1-28,text,true,191,7679
1370225150568,7735,/submitreview.php,200,OK,Thread Group 1-18,text,true,191,7735
1370225150614,7753,/submitreview.php,200,OK,Thread Group 1-29,text,true,191,7753
1370225150653,7842,/submitreview.php,200,OK,Thread Group 1-21,text,true,191,7842
1370225150699,7865,/submitreview.php,200,OK,Thread Group 1-26,text,true,191,7865
1370225150749,7929,/submitreview.php,200,OK,Thread Group 1-19,text,true,191,7929
1370225150856,7903,/submitreview.php,200,OK,Thread Group 1-31,text,true,191,7903
1370225150893,7920,/submitreview.php,200,OK,Thread Group 1-23,text,true,191,7920
1370225150954,7933,/submitreview.php,200,OK,Thread Group 1-32,text,true,191,7933
1370225151010,7958,/submitreview.php,200,OK,Thread Group 1-30,text,true,191,7958
1370225151053,8120,/submitreview.php,200,OK,Thread Group 1-24,text,true,191,8120
1370225151133,8099,/submitreview.php,200,OK,Thread Group 1-27,text,true,191,8099
1370225151174,8114,/submitreview.php,200,OK,Thread Group 1-34,text,true,191,8114
1370225151104,8240,/submitreview.php,200,OK,Thread Group 1-33,text,true,191,8240
1370225151221,8315,/submitreview.php,200,OK,Thread Group 1-35,text,true,191,8315
1370225151285,8312,/submitreview.php,200,OK,Thread Group 1-5,text,true,191,8312
1370225151419,8274,/submitreview.php,200,OK,Thread Group 1-36,text,true,191,8274
1370225151486,8266,/submitreview.php,200,OK,Thread Group 1-40,text,true,191,8266
1370225151550,8319,/submitreview.php,200,OK,Thread Group 1-38,text,true,191,8319
1370225151681,8241,/submitreview.php,200,OK,Thread Group 1-42,text,true,191,8241
1370225151730,8316,/submitreview.php,200,OK,Thread Group 1-39,text,true,191,8316
1370225151779,8346,/submitreview.php,200,OK,Thread Group 1-37,text,true,191,8346
1370225151832,8469,/submitreview.php,200,OK,Thread Group 1-41,text,true,191,8469
1370225151881,8483,/submitreview.php,200,OK,Thread Group 1-44,text,true,191,8483
1370225151934,8496,/submitreview.php,200,OK,Thread Group 1-43,text,true,191,8496
1370225151982,8512,/submitreview.php,200,OK,Thread Group 1-46,text,true,191,8512
1370225152048,8546,/submitreview.php,200,OK,Thread Group 1-45,text,true,191,8546
1370225152115,8570,/submitreview.php,200,OK,Thread Group 1-48,text,true,191,8570
1370225152231,8663,/submitreview.php,200,OK,Thread Group 1-49,text,true,191,8663
1370225152286,8679,/submitreview.php,200,OK,Thread Group 1-47,text,true,191,8679
1370225152332,8768,/submitreview.php,200,OK,Thread Group 1-50,text,true,191,8768
1370225152376,8774,/submitreview.php,200,OK,Thread Group 1-51,text,true,191,8774
1370225152412,8928,/submitreview.php,200,OK,Thread Group 1-53,text,true,191,8928
1370225152456,8990,/submitreview.php,200,OK,Thread Group 1-4,text,true,191,8990
1370225152497,9064,/submitreview.php,200,OK,Thread Group 1-52,text,true,191,9064
1370225152563,9127,/submitreview.php,200,OK,Thread Group 1-55,text,true,191,9127
1370225152694,9078,/submitreview.php,200,OK,Thread Group 1-57,text,true,191,9078
1370225152781,9043,/submitreview.php,200,OK,Thread Group 1-58,text,true,191,9043
1370225152825,9055,/submitreview.php,200,OK,Thread Group 1-59,text,true,191,9055
1370225152751,9190,/submitreview.php,200,OK,Thread Group 1-54,text,true,191,9190
1370225152866,9123,/submitreview.php,200,OK,Thread Group 1-56,text,true,191,9123
1370225152913,9141,/submitreview.php,200,OK,Thread Group 1-3,text,true,191,9141
1370225152970,9262,/submitreview.php,200,OK,Thread Group 1-61,text,true,191,9262
1370225153129,9178,/submitreview.php,200,OK,Thread Group 1-60,text,true,191,9178
1370225153209,9129,/submitreview.php,200,OK,Thread Group 1-62,text,true,191,9129
1370225153334,9046,/submitreview.php,200,OK,Thread Group 1-66,text,true,191,9046
1370225153448,8985,/submitreview.php,200,OK,Thread Group 1-64,text,true,191,8985
1370225153581,9021,/submitreview.php,200,OK,Thread Group 1-63,text,true,191,9021
1370225153653,9014,/submitreview.php,200,OK,Thread Group 1-67,text,true,191,9014
1370225153769,9024,/submitreview.php,200,OK,Thread Group 1-68,text,true,191,9024
1370225153844,9024,/submitreview.php,200,OK,Thread Group 1-6,text,true,191,9024
1370225153905,9042,/submitreview.php,200,OK,Thread Group 1-70,text,true,191,9042
1370225153985,9030,/submitreview.php,200,OK,Thread Group 1-72,text,true,191,9030
1370225154161,9006,/submitreview.php,200,OK,Thread Group 1-65,text,true,191,9006
1370225154253,9003,/submitreview.php,200,OK,Thread Group 1-69,text,true,191,9003
1370225154396,8956,/submitreview.php,200,OK,Thread Group 1-73,text,true,191,8956
1370225154549,8885,/submitreview.php,200,OK,Thread Group 1-7,text,true,191,8885
1370225154607,8934,/submitreview.php,200,OK,Thread Group 1-13,text,true,191,8934
1370225154697,8929,/submitreview.php,200,OK,Thread Group 1-75,text,true,191,8929
1370225154774,8934,/submitreview.php,200,OK,Thread Group 1-77,text,true,191,8934
1370225154895,8875,/submitreview.php,200,OK,Thread Group 1-76,text,true,191,8875
1370225154986,8846,/submitreview.php,200,OK,Thread Group 1-74,text,true,191,8846
1370225155145,8751,/submitreview.php,200,OK,Thread Group 1-14,text,true,191,8751
1370225155222,8749,/submitreview.php,200,OK,Thread Group 1-71,text,true,191,8749
1370225155277,8766,/submitreview.php,200,OK,Thread Group 1-80,text,true,191,8766
1370225155420,8702,/submitreview.php,200,OK,Thread Group 1-78,text,true,191,8702
1370225155497,8762,/submitreview.php,200,OK,Thread Group 1-79,text,true,191,8762
1370225155550,8873,/submitreview.php,200,OK,Thread Group 1-82,text,true,191,8873
1370225155612,8845,/submitreview.php,200,OK,Thread Group 1-81,text,true,191,8845
1370225155655,8868,/submitreview.php,200,OK,Thread Group 1-83,text,true,191,8868
1370225155716,8893,/submitreview.php,200,OK,Thread Group 1-84,text,true,191,8893
1370225155776,8989,/submitreview.php,200,OK,Thread Group 1-85,text,true,191,8989
1370225155868,9019,/submitreview.php,200,OK,Thread Group 1-86,text,true,191,9019
1370225155958,8949,/submitreview.php,200,OK,Thread Group 1-17,text,true,191,8949
1370225156114,8861,/submitreview.php,200,OK,Thread Group 1-89,text,true,191,8861
1370225156194,8857,/submitreview.php,200,OK,Thread Group 1-88,text,true,191,8857
1370225156243,8893,/submitreview.php,200,OK,Thread Group 1-87,text,true,191,8893
1370225156362,8841,/submitreview.php,200,OK,Thread Group 1-90,text,true,191,8841
1370225156445,8914,/submitreview.php,200,OK,Thread Group 1-11,text,true,191,8914
1370225156302,9236,/submitreview.php,200,OK,Thread Group 1-91,text,true,191,9236
1370225156615,8939,/submitreview.php,200,OK,Thread Group 1-92,text,true,191,8939
1370225156693,8930,/submitreview.php,200,OK,Thread Group 1-93,text,true,191,8930
1370225156742,8925,/submitreview.php,200,OK,Thread Group 1-95,text,true,191,8925
1370225156793,8961,/submitreview.php,200,OK,Thread Group 1-96,text,true,191,8961
1370225156954,9460,/submitreview.php,200,OK,Thread Group 1-98,text,true,191,9460
1370225156844,9570,/submitreview.php,200,OK,Thread Group 1-94,text,true,191,9570
1370225157026,9688,/submitreview.php,200,OK,Thread Group 1-99,text,true,191,9688
1370225156913,9831,/submitreview.php,200,OK,Thread Group 1-97,text,true,191,9831
1370225157287,9462,/submitreview.php,200,OK,Thread Group 1-16,text,true,191,9462
1370225157236,9517,/submitreview.php,200,OK,Thread Group 1-100,text,true,191,9517
1370225157370,9386,/submitreview.php,200,OK,Thread Group 1-15,text,true,191,9386
1370225157505,9309,/submitreview.php,200,OK,Thread Group 1-10,text,true,191,9309
1370225157655,9258,/submitreview.php,200,OK,Thread Group 1-8,text,true,191,9258
1370225157701,9372,/submitreview.php,200,OK,Thread Group 1-9,text,true,191,9372
1370225157753,9489,/submitreview.php,200,OK,Thread Group 1-12,text,true,191,9489
1370225157817,9453,/submitreview.php,200,OK,Thread Group 1-22,text,true,191,9453
1370225158104,9204,/submitreview.php,200,OK,Thread Group 1-25,text,true,191,9204
1370225157952,9356,/submitreview.php,200,OK,Thread Group 1-20,text,true,191,9356
1370225158211,9256,/submitreview.php,200,OK,Thread Group 1-28,text,true,191,9256
1370225158306,9228,/submitreview.php,200,OK,Thread Group 1-18,text,true,191,9228
1370225158369,9242,/submitreview.php,200,OK,Thread Group 1-29,text,true,191,9242
1370225158498,9202,/submitreview.php,200,OK,Thread Group 1-21,text,true,191,9202
1370225158566,9285,/submitreview.php,200,OK,Thread Group 1-26,text,true,191,9285
1370225158681,9314,/submitreview.php,200,OK,Thread Group 1-19,text,true,191,9314
1370225158762,9342,/submitreview.php,200,OK,Thread Group 1-31,text,true,191,9342
1370225158816,9424,/submitreview.php,200,OK,Thread Group 1-23,text,true,191,9424
1370225158890,9665,/submitreview.php,200,OK,Thread Group 1-32,text,true,191,9665
1370225158970,9759,/submitreview.php,200,OK,Thread Group 1-30,text,true,191,9759
1370225159177,9595,/submitreview.php,200,OK,Thread Group 1-24,text,true,191,9595
1370225159238,9584,/submitreview.php,200,OK,Thread Group 1-27,text,true,191,9584
1370225159291,9606,/submitreview.php,200,OK,Thread Group 1-34,text,true,191,9606
1370225159347,9650,/submitreview.php,200,OK,Thread Group 1-33,text,true,191,9650
1370225159540,9564,/submitreview.php,200,OK,Thread Group 1-35,text,true,191,9564
1370225159697,9481,/submitreview.php,200,OK,Thread Group 1-36,text,true,191,9481
1370225159756,9469,/submitreview.php,200,OK,Thread Group 1-40,text,true,191,9469
1370225159873,9407,/submitreview.php,200,OK,Thread Group 1-38,text,true,191,9407
1370225159925,9458,/submitreview.php,200,OK,Thread Group 1-42,text,true,191,9458
1370225160049,9398,/submitreview.php,200,OK,Thread Group 1-39,text,true,191,9398
1370225160128,9377,/submitreview.php,200,OK,Thread Group 1-37,text,true,191,9377
1370225160305,9294,/submitreview.php,200,OK,Thread Group 1-41,text,true,191,9294
1370225160368,9329,/submitreview.php,200,OK,Thread Group 1-44,text,true,191,9329
1370225160434,9316,/submitreview.php,200,OK,Thread Group 1-43,text,true,191,9316
1370225160497,9333,/submitreview.php,200,OK,Thread Group 1-46,text,true,191,9333
1370225160598,9325,/submitreview.php,200,OK,Thread Group 1-45,text,true,191,9325
1370225160688,9399,/submitreview.php,200,OK,Thread Group 1-48,text,true,191,9399
1370225160897,9268,/submitreview.php,200,OK,Thread Group 1-49,text,true,191,9268
1370225160968,9366,/submitreview.php,200,OK,Thread Group 1-47,text,true,191,9366
1370225161153,9765,/submitreview.php,200,OK,Thread Group 1-51,text,true,191,9765
1370225161104,9814,/submitreview.php,200,OK,Thread Group 1-50,text,true,191,9814
1370225161344,9615,/submitreview.php,200,OK,Thread Group 1-53,text,true,191,9615
1370225161565,9478,/submitreview.php,200,OK,Thread Group 1-52,text,true,191,9478
1370225161694,9548,/submitreview.php,200,OK,Thread Group 1-55,text,true,191,9548
1370225161775,9590,/submitreview.php,200,OK,Thread Group 1-57,text,true,191,9590
1370225161828,9630,/submitreview.php,200,OK,Thread Group 1-58,text,true,191,9630
1370225161883,9635,/submitreview.php,200,OK,Thread Group 1-59,text,true,191,9635
1370225161944,9628,/submitreview.php,200,OK,Thread Group 1-54,text,true,191,9628
1370225161993,9625,/submitreview.php,200,OK,Thread Group 1-56,text,true,191,9625
1370225162238,9600,/submitreview.php,200,OK,Thread Group 1-61,text,true,191,9600
1370225162313,9527,/submitreview.php,200,OK,Thread Group 1-60,text,true,191,9527
1370225162345,9549,/submitreview.php,200,OK,Thread Group 1-62,text,true,191,9549
1370225162383,9578,/submitreview.php,200,OK,Thread Group 1-66,text,true,191,9578
1370225162436,9609,/submitreview.php,200,OK,Thread Group 1-64,text,true,191,9609
1370225162605,9682,/submitreview.php,200,OK,Thread Group 1-63,text,true,191,9682
1370225162671,9692,/submitreview.php,200,OK,Thread Group 1-67,text,true,191,9692
1370225162796,9659,/submitreview.php,200,OK,Thread Group 1-68,text,true,191,9659
1370225162951,9567,/submitreview.php,200,OK,Thread Group 1-70,text,true,191,9567
1370225163019,9564,/submitreview.php,200,OK,Thread Group 1-72,text,true,191,9564
1370225163173,9540,/submitreview.php,200,OK,Thread Group 1-65,text,true,191,9540
1370225163260,9599,/submitreview.php,200,OK,Thread Group 1-69,text,true,191,9599
1370225163355,9558,/submitreview.php,200,OK,Thread Group 1-73,text,true,191,9558
1370225163630,9329,/submitreview.php,200,OK,Thread Group 1-75,text,true,191,9329
1370225163714,9305,/submitreview.php,200,OK,Thread Group 1-77,text,true,191,9305
1370225163773,9326,/submitreview.php,200,OK,Thread Group 1-76,text,true,191,9326
1370225163835,9315,/submitreview.php,200,OK,Thread Group 1-74,text,true,191,9315
1370225163975,9241,/submitreview.php,200,OK,Thread Group 1-71,text,true,191,9241
1370225164047,9335,/submitreview.php,200,OK,Thread Group 1-80,text,true,191,9335
1370225164127,9366,/submitreview.php,200,OK,Thread Group 1-78,text,true,191,9366
1370225164263,9465,/submitreview.php,200,OK,Thread Group 1-79,text,true,191,9465
1370225164427,9520,/submitreview.php,200,OK,Thread Group 1-82,text,true,191,9520
1370225164462,9612,/submitreview.php,200,OK,Thread Group 1-81,text,true,191,9612
1370225164527,9602,/submitreview.php,200,OK,Thread Group 1-83,text,true,191,9602
1370225164614,9705,/submitreview.php,200,OK,Thread Group 1-84,text,true,191,9705
1370225164769,9696,/submitreview.php,200,OK,Thread Group 1-85,text,true,191,9696
1370225164891,9730,/submitreview.php,200,OK,Thread Group 1-86,text,true,191,9730
1370225164978,9782,/submitreview.php,200,OK,Thread Group 1-89,text,true,191,9782
1370225165054,9904,/submitreview.php,200,OK,Thread Group 1-88,text,true,191,9904
1370225165138,9891,/submitreview.php,200,OK,Thread Group 1-87,text,true,191,9891
1370225165208,9907,/submitreview.php,200,OK,Thread Group 1-90,text,true,191,9907
1370225165541,9708,/submitreview.php,200,OK,Thread Group 1-91,text,true,191,9708
1370225165556,9827,/submitreview.php,200,OK,Thread Group 1-92,text,true,191,9827
1370225165626,9851,/submitreview.php,200,OK,Thread Group 1-93,text,true,191,9851
1370225165670,9862,/submitreview.php,200,OK,Thread Group 1-95,text,true,191,9862
1370225165758,9926,/submitreview.php,200,OK,Thread Group 1-96,text,true,191,9926
1370225166416,9332,/submitreview.php,200,OK,Thread Group 1-98,text,true,191,9332
1370225166416,9418,/submitreview.php,200,OK,Thread Group 1-94,text,true,191,9418
1370225166716,9300,/submitreview.php,200,OK,Thread Group 1-99,text,true,191,9300
1370225166746,9398,/submitreview.php,200,OK,Thread Group 1-97,text,true,191,9398
1370225166755,9467,/submitreview.php,200,OK,Thread Group 1-100,text,true,191,9467
