1370224998092,341,/submitreview.php,200,OK,Thread Group 1-2,text,true,191,341
1370224998050,423,/submitreview.php,200,OK,Thread Group 1-1,text,true,191,423
1370224998184,354,/submitreview.php,200,OK,Thread Group 1-4,text,true,191,354
1370224998137,539,/submitreview.php,200,OK,Thread Group 1-3,text,true,191,539
1370224998229,514,/submitreview.php,200,OK,Thread Group 1-5,text,true,191,514
1370224998275,604,/submitreview.php,200,OK,Thread Group 1-6,text,true,191,604
1370224998321,596,/submitreview.php,200,OK,Thread Group 1-7,text,true,191,596
1370224998434,589,/submitreview.php,200,OK,Thread Group 1-2,text,true,191,589
1370224998368,693,/submitreview.php,200,OK,Thread Group 1-8,text,true,191,693
1370224998474,645,/submitreview.php,200,OK,Thread Group 1-1,text,true,191,645
1370224998413,776,/submitreview.php,200,OK,Thread Group 1-9,text,true,191,776
1370224998539,726,/submitreview.php,200,OK,Thread Group 1-4,text,true,191,726
1370224998503,860,/submitreview.php,200,OK,Thread Group 1-11,text,true,191,860
1370224998458,954,/submitreview.php,200,OK,Thread Group 1-10,text,true,191,954
1370224998551,915,/submitreview.php,200,OK,Thread Group 1-12,text,true,191,915
1370224998594,917,/submitreview.php,200,OK,Thread Group 1-13,text,true,191,917
1370224998677,878,/submitreview.php,200,OK,Thread Group 1-3,text,true,191,878
1370224998640,985,/submitreview.php,200,OK,Thread Group 1-14,text,true,191,985
1370224998744,969,/submitreview.php,200,OK,Thread Group 1-5,text,true,191,969
1370224998687,1078,/submitreview.php,200,OK,Thread Group 1-15,text,true,191,1078
1370224998732,1156,/submitreview.php,200,OK,Thread Group 1-16,text,true,191,1156
1370224998778,1149,/submitreview.php,200,OK,Thread Group 1-17,text,true,191,1149
1370224998880,1092,/submitreview.php,200,OK,Thread Group 1-6,text,true,191,1092
1370224998918,1092,/submitreview.php,200,OK,Thread Group 1-7,text,true,191,1092
1370224998823,1229,/submitreview.php,200,OK,Thread Group 1-18,text,true,191,1229
1370224998869,1232,/submitreview.php,200,OK,Thread Group 1-19,text,true,191,1232
1370224998915,1220,/submitreview.php,200,OK,Thread Group 1-20,text,true,191,1220
1370224999023,1174,/submitreview.php,200,OK,Thread Group 1-2,text,true,191,1174
1370224998961,1351,/submitreview.php,200,OK,Thread Group 1-21,text,true,191,1351
1370224999062,1291,/submitreview.php,200,OK,Thread Group 1-8,text,true,191,1291
1370224999007,1411,/submitreview.php,200,OK,Thread Group 1-22,text,true,191,1411
1370224999119,1350,/submitreview.php,200,OK,Thread Group 1-1,text,true,191,1350
1370224999190,1335,/submitreview.php,200,OK,Thread Group 1-9,text,true,191,1335
1370224999266,1303,/submitreview.php,200,OK,Thread Group 1-4,text,true,191,1303
1370224999364,1251,/submitreview.php,200,OK,Thread Group 1-11,text,true,191,1251
1370224999412,1243,/submitreview.php,200,OK,Thread Group 1-10,text,true,191,1243
1370224999467,1228,/submitreview.php,200,OK,Thread Group 1-12,text,true,191,1228
1370224999511,1228,/submitreview.php,200,OK,Thread Group 1-13,text,true,191,1228
1370224999555,1245,/submitreview.php,200,OK,Thread Group 1-3,text,true,191,1245
1370224999626,1272,/submitreview.php,200,OK,Thread Group 1-14,text,true,191,1272
1370224999714,1241,/submitreview.php,200,OK,Thread Group 1-5,text,true,191,1241
1370224999766,1231,/submitreview.php,200,OK,Thread Group 1-15,text,true,191,1231
1370224999888,1149,/submitreview.php,200,OK,Thread Group 1-16,text,true,191,1149
1370224999928,1150,/submitreview.php,200,OK,Thread Group 1-17,text,true,191,1150
1370224999973,1153,/submitreview.php,200,OK,Thread Group 1-6,text,true,191,1153
1370225000011,1151,/submitreview.php,200,OK,Thread Group 1-7,text,true,191,1151
1370225000053,1183,/submitreview.php,200,OK,Thread Group 1-18,text,true,191,1183
1370225000102,1258,/submitreview.php,200,OK,Thread Group 1-19,text,true,191,1258
1370225000136,1293,/submitreview.php,200,OK,Thread Group 1-20,text,true,191,1293
1370225000314,1266,/submitreview.php,200,OK,Thread Group 1-21,text,true,191,1266
1370225000354,1263,/submitreview.php,200,OK,Thread Group 1-8,text,true,191,1263
1370225000198,1460,/submitreview.php,200,OK,Thread Group 1-2,text,true,191,1460
1370225000419,1287,/submitreview.php,200,OK,Thread Group 1-22,text,true,191,1287
1370225000470,1306,/submitreview.php,200,OK,Thread Group 1-1,text,true,191,1306
1370225000526,1396,/submitreview.php,200,OK,Thread Group 1-9,text,true,191,1396
1370225000570,1420,/submitreview.php,200,OK,Thread Group 1-4,text,true,191,1420
1370225000616,1512,/submitreview.php,200,OK,Thread Group 1-11,text,true,191,1512
1370225000656,1516,/submitreview.php,200,OK,Thread Group 1-10,text,true,191,1516
1370225000696,1521,/submitreview.php,200,OK,Thread Group 1-12,text,true,191,1521
1370225000740,1534,/submitreview.php,200,OK,Thread Group 1-13,text,true,191,1534
1370225000800,1559,/submitreview.php,200,OK,Thread Group 1-3,text,true,191,1559
1370225000899,1543,/submitreview.php,200,OK,Thread Group 1-14,text,true,191,1543
1370225000997,1504,/submitreview.php,200,OK,Thread Group 1-15,text,true,191,1504
1370225000956,1616,/submitreview.php,200,OK,Thread Group 1-5,text,true,191,1616
1370225001037,1652,/submitreview.php,200,OK,Thread Group 1-16,text,true,191,1652
1370225001080,1680,/submitreview.php,200,OK,Thread Group 1-17,text,true,191,1680
1370225001128,1705,/submitreview.php,200,OK,Thread Group 1-6,text,true,191,1705
1370225001163,1834,/submitreview.php,200,OK,Thread Group 1-7,text,true,191,1834
1370225001237,1924,/submitreview.php,200,OK,Thread Group 1-18,text,true,191,1924
1370225001363,1861,/submitreview.php,200,OK,Thread Group 1-19,text,true,191,1861
1370225001432,1850,/submitreview.php,200,OK,Thread Group 1-20,text,true,191,1850
1370225001581,1804,/submitreview.php,200,OK,Thread Group 1-21,text,true,191,1804
1370225001659,1777,/submitreview.php,200,OK,Thread Group 1-2,text,true,191,1777
1370225001618,1853,/submitreview.php,200,OK,Thread Group 1-8,text,true,191,1853
1370225001706,1808,/submitreview.php,200,OK,Thread Group 1-22,text,true,191,1808
1370225001779,1851,/submitreview.php,200,OK,Thread Group 1-1,text,true,191,1851
1370225001922,1794,/submitreview.php,200,OK,Thread Group 1-9,text,true,191,1794
1370225001991,1765,/submitreview.php,200,OK,Thread Group 1-4,text,true,191,1765
1370225002129,1750,/submitreview.php,200,OK,Thread Group 1-11,text,true,191,1750
1370225002172,1834,/submitreview.php,200,OK,Thread Group 1-10,text,true,191,1834
1370225002218,1845,/submitreview.php,200,OK,Thread Group 1-12,text,true,191,1845
1370225002274,1828,/submitreview.php,200,OK,Thread Group 1-13,text,true,191,1828
1370225002360,1784,/submitreview.php,200,OK,Thread Group 1-3,text,true,191,1784
1370225002443,1733,/submitreview.php,200,OK,Thread Group 1-14,text,true,191,1733
1370225002502,1714,/submitreview.php,200,OK,Thread Group 1-15,text,true,191,1714
1370225002572,1686,/submitreview.php,200,OK,Thread Group 1-5,text,true,191,1686
1370225002690,1615,/submitreview.php,200,OK,Thread Group 1-16,text,true,191,1615
1370225002761,1587,/submitreview.php,200,OK,Thread Group 1-17,text,true,191,1587
1370225002834,1551,/submitreview.php,200,OK,Thread Group 1-6,text,true,191,1551
1370225002998,1543,/submitreview.php,200,OK,Thread Group 1-7,text,true,191,1543
1370225003162,1436,/submitreview.php,200,OK,Thread Group 1-18,text,true,191,1436
1370225003225,1419,/submitreview.php,200,OK,Thread Group 1-19,text,true,191,1419
1370225003283,1415,/submitreview.php,200,OK,Thread Group 1-20,text,true,191,1415
1370225003437,1341,/submitreview.php,200,OK,Thread Group 1-2,text,true,191,1341
1370225003472,1390,/submitreview.php,200,OK,Thread Group 1-8,text,true,191,1390
1370225003514,1390,/submitreview.php,200,OK,Thread Group 1-22,text,true,191,1390
1370225003386,1569,/submitreview.php,200,OK,Thread Group 1-21,text,true,191,1569
1370225003631,1368,/submitreview.php,200,OK,Thread Group 1-1,text,true,191,1368
1370225003757,1299,/submitreview.php,200,OK,Thread Group 1-4,text,true,191,1299
1370225003717,1382,/submitreview.php,200,OK,Thread Group 1-9,text,true,191,1382
1370225003880,1275,/submitreview.php,200,OK,Thread Group 1-11,text,true,191,1275
1370225004007,1304,/submitreview.php,200,OK,Thread Group 1-10,text,true,191,1304
1370225004102,1286,/submitreview.php,200,OK,Thread Group 1-13,text,true,191,1286
1370225004064,1493,/submitreview.php,200,OK,Thread Group 1-12,text,true,191,1493
1370225004145,1460,/submitreview.php,200,OK,Thread Group 1-3,text,true,191,1460
1370225004177,1479,/submitreview.php,200,OK,Thread Group 1-14,text,true,191,1479
1370225004217,1521,/submitreview.php,200,OK,Thread Group 1-15,text,true,191,1521
1370225004259,1568,/submitreview.php,200,OK,Thread Group 1-5,text,true,191,1568
1370225004306,1594,/submitreview.php,200,OK,Thread Group 1-16,text,true,191,1594
1370225004349,1604,/submitreview.php,200,OK,Thread Group 1-17,text,true,191,1604
1370225004386,1620,/submitreview.php,200,OK,Thread Group 1-6,text,true,191,1620
1370225004542,1530,/submitreview.php,200,OK,Thread Group 1-7,text,true,191,1530
1370225004599,1612,/submitreview.php,200,OK,Thread Group 1-18,text,true,191,1612
1370225004645,1606,/submitreview.php,200,OK,Thread Group 1-19,text,true,191,1606
1370225004699,1594,/submitreview.php,200,OK,Thread Group 1-20,text,true,191,1594
1370225004778,1571,/submitreview.php,200,OK,Thread Group 1-2,text,true,191,1571
1370225004862,1536,/submitreview.php,200,OK,Thread Group 1-8,text,true,191,1536
1370225004904,1543,/submitreview.php,200,OK,Thread Group 1-22,text,true,191,1543
1370225004956,1531,/submitreview.php,200,OK,Thread Group 1-21,text,true,191,1531
1370225005000,1525,/submitreview.php,200,OK,Thread Group 1-1,text,true,191,1525
1370225005057,1536,/submitreview.php,200,OK,Thread Group 1-4,text,true,191,1536
1370225005100,1539,/submitreview.php,200,OK,Thread Group 1-9,text,true,191,1539
1370225005156,1523,/submitreview.php,200,OK,Thread Group 1-11,text,true,191,1523
1370225005312,1411,/submitreview.php,200,OK,Thread Group 1-10,text,true,191,1411
1370225005389,1372,/submitreview.php,200,OK,Thread Group 1-13,text,true,191,1372
1370225005558,1290,/submitreview.php,200,OK,Thread Group 1-12,text,true,191,1290
1370225005606,1351,/submitreview.php,200,OK,Thread Group 1-3,text,true,191,1351
1370225005656,1349,/submitreview.php,200,OK,Thread Group 1-14,text,true,191,1349
1370225005739,1322,/submitreview.php,200,OK,Thread Group 1-15,text,true,191,1322
1370225005828,1279,/submitreview.php,200,OK,Thread Group 1-5,text,true,191,1279
1370225005901,1240,/submitreview.php,200,OK,Thread Group 1-16,text,true,191,1240
1370225006007,1177,/submitreview.php,200,OK,Thread Group 1-6,text,true,191,1177
1370225006073,1165,/submitreview.php,200,OK,Thread Group 1-7,text,true,191,1165
1370225005954,1333,/submitreview.php,200,OK,Thread Group 1-17,text,true,191,1333
1370225006212,1127,/submitreview.php,200,OK,Thread Group 1-18,text,true,191,1127
1370225006252,1127,/submitreview.php,200,OK,Thread Group 1-19,text,true,191,1127
1370225006294,1132,/submitreview.php,200,OK,Thread Group 1-20,text,true,191,1132
1370225006350,1129,/submitreview.php,200,OK,Thread Group 1-2,text,true,191,1129
1370225006399,1122,/submitreview.php,200,OK,Thread Group 1-8,text,true,191,1122
1370225006447,1117,/submitreview.php,200,OK,Thread Group 1-22,text,true,191,1117
1370225006488,1126,/submitreview.php,200,OK,Thread Group 1-21,text,true,191,1126
1370225006526,1231,/submitreview.php,200,OK,Thread Group 1-1,text,true,191,1231
1370225006594,1288,/submitreview.php,200,OK,Thread Group 1-4,text,true,191,1288
1370225006640,1248,/submitreview.php,200,OK,Thread Group 1-9,text,true,191,1248
1370225006680,1360,/submitreview.php,200,OK,Thread Group 1-11,text,true,191,1360
1370225006724,1433,/submitreview.php,200,OK,Thread Group 1-10,text,true,191,1433
1370225006762,1544,/submitreview.php,200,OK,Thread Group 1-13,text,true,191,1544
1370225006848,1521,/submitreview.php,200,OK,Thread Group 1-12,text,true,191,1521
1370225006961,1465,/submitreview.php,200,OK,Thread Group 1-3,text,true,191,1465
1370225007006,1499,/submitreview.php,200,OK,Thread Group 1-14,text,true,191,1499
1370225007062,1561,/submitreview.php,200,OK,Thread Group 1-15,text,true,191,1561
1370225007142,1543,/submitreview.php,200,OK,Thread Group 1-16,text,true,191,1543
1370225007185,1543,/submitreview.php,200,OK,Thread Group 1-6,text,true,191,1543
1370225007240,1556,/submitreview.php,200,OK,Thread Group 1-7,text,true,191,1556
1370225007108,1746,/submitreview.php,200,OK,Thread Group 1-5,text,true,191,1746
1370225007289,1636,/submitreview.php,200,OK,Thread Group 1-17,text,true,191,1636
1370225007339,1632,/submitreview.php,200,OK,Thread Group 1-18,text,true,191,1632
1370225007379,1645,/submitreview.php,200,OK,Thread Group 1-19,text,true,191,1645
1370225007427,1707,/submitreview.php,200,OK,Thread Group 1-20,text,true,191,1707
1370225007479,1691,/submitreview.php,200,OK,Thread Group 1-2,text,true,191,1691
1370225007522,1704,/submitreview.php,200,OK,Thread Group 1-8,text,true,191,1704
1370225007565,1737,/submitreview.php,200,OK,Thread Group 1-22,text,true,191,1737
1370225007616,1874,/submitreview.php,200,OK,Thread Group 1-21,text,true,191,1874
1370225007758,1843,/submitreview.php,200,OK,Thread Group 1-1,text,true,191,1843
1370225007882,1764,/submitreview.php,200,OK,Thread Group 1-4,text,true,191,1764
1370225007889,1820,/submitreview.php,200,OK,Thread Group 1-9,text,true,191,1820
1370225008041,1705,/submitreview.php,200,OK,Thread Group 1-11,text,true,191,1705
1370225008158,1683,/submitreview.php,200,OK,Thread Group 1-10,text,true,191,1683
1370225008307,1610,/submitreview.php,200,OK,Thread Group 1-13,text,true,191,1610
1370225008370,1650,/submitreview.php,200,OK,Thread Group 1-12,text,true,191,1650
1370225008427,1679,/submitreview.php,200,OK,Thread Group 1-3,text,true,191,1679
1370225008506,1721,/submitreview.php,200,OK,Thread Group 1-14,text,true,191,1721
1370225008624,1642,/submitreview.php,200,OK,Thread Group 1-15,text,true,191,1642
1370225008686,1621,/submitreview.php,200,OK,Thread Group 1-16,text,true,191,1621
1370225008728,1618,/submitreview.php,200,OK,Thread Group 1-6,text,true,191,1618
1370225008796,1588,/submitreview.php,200,OK,Thread Group 1-7,text,true,191,1588
1370225008855,1570,/submitreview.php,200,OK,Thread Group 1-5,text,true,191,1570
1370225008926,1547,/submitreview.php,200,OK,Thread Group 1-17,text,true,191,1547
1370225008972,1660,/submitreview.php,200,OK,Thread Group 1-18,text,true,191,1660
1370225009025,1649,/submitreview.php,200,OK,Thread Group 1-19,text,true,191,1649
1370225009135,1586,/submitreview.php,200,OK,Thread Group 1-20,text,true,191,1586
1370225009171,1587,/submitreview.php,200,OK,Thread Group 1-2,text,true,191,1587
1370225009226,1580,/submitreview.php,200,OK,Thread Group 1-8,text,true,191,1580
1370225009303,1549,/submitreview.php,200,OK,Thread Group 1-22,text,true,191,1549
1370225009491,1397,/submitreview.php,200,OK,Thread Group 1-21,text,true,191,1397
1370225009602,1401,/submitreview.php,200,OK,Thread Group 1-1,text,true,191,1401
1370225009647,1406,/submitreview.php,200,OK,Thread Group 1-4,text,true,191,1406
1370225009710,1389,/submitreview.php,200,OK,Thread Group 1-9,text,true,191,1389
1370225009747,1393,/submitreview.php,200,OK,Thread Group 1-11,text,true,191,1393
1370225009842,1340,/submitreview.php,200,OK,Thread Group 1-10,text,true,191,1340
1370225009918,1311,/submitreview.php,200,OK,Thread Group 1-13,text,true,191,1311
1370225010020,1248,/submitreview.php,200,OK,Thread Group 1-12,text,true,191,1248
1370225010107,1213,/submitreview.php,200,OK,Thread Group 1-3,text,true,191,1213
1370225010228,1159,/submitreview.php,200,OK,Thread Group 1-14,text,true,191,1159
1370225010266,1174,/submitreview.php,200,OK,Thread Group 1-15,text,true,191,1174
1370225010308,1191,/submitreview.php,200,OK,Thread Group 1-16,text,true,191,1191
1370225010347,1211,/submitreview.php,200,OK,Thread Group 1-6,text,true,191,1211
1370225010385,1235,/submitreview.php,200,OK,Thread Group 1-7,text,true,191,1235
1370225010426,1283,/submitreview.php,200,OK,Thread Group 1-5,text,true,191,1283
1370225010474,1299,/submitreview.php,200,OK,Thread Group 1-17,text,true,191,1299
1370225010633,1339,/submitreview.php,200,OK,Thread Group 1-18,text,true,191,1339
1370225010675,1353,/submitreview.php,200,OK,Thread Group 1-19,text,true,191,1353
1370225010722,1379,/submitreview.php,200,OK,Thread Group 1-20,text,true,191,1379
1370225010807,1332,/submitreview.php,200,OK,Thread Group 1-8,text,true,191,1332
1370225010889,1316,/submitreview.php,200,OK,Thread Group 1-21,text,true,191,1316
1370225010852,1420,/submitreview.php,200,OK,Thread Group 1-22,text,true,191,1420
1370225011100,1256,/submitreview.php,200,OK,Thread Group 1-9,text,true,191,1256
1370225011141,1268,/submitreview.php,200,OK,Thread Group 1-11,text,true,191,1268
1370225011183,1364,/submitreview.php,200,OK,Thread Group 1-10,text,true,191,1364
1370225011230,1394,/submitreview.php,200,OK,Thread Group 1-13,text,true,191,1394
1370225011269,1401,/submitreview.php,200,OK,Thread Group 1-12,text,true,191,1401
1370225011388,1413,/submitreview.php,200,OK,Thread Group 1-14,text,true,191,1413
1370225011441,1407,/submitreview.php,200,OK,Thread Group 1-15,text,true,191,1407
1370225011499,1391,/submitreview.php,200,OK,Thread Group 1-16,text,true,191,1391
1370225011774,1159,/submitreview.php,200,OK,Thread Group 1-17,text,true,191,1159
1370225011973,1021,/submitreview.php,200,OK,Thread Group 1-18,text,true,191,1021
1370225012102,951,/submitreview.php,200,OK,Thread Group 1-20,text,true,191,951
1370225012028,1177,/submitreview.php,200,OK,Thread Group 1-19,text,true,191,1177
1370225012206,1071,/submitreview.php,200,OK,Thread Group 1-21,text,true,191,1071
1370225012273,1071,/submitreview.php,200,OK,Thread Group 1-22,text,true,191,1071
