1370229981919,414,/fetchreviews.php,200,OK,Thread Group 1-1,text,true,934,414
1370229981962,550,/fetchreviews.php,200,OK,Thread Group 1-2,text,true,934,550
1370229982099,455,/fetchreviews.php,200,OK,Thread Group 1-5,text,true,934,455
1370229982054,553,/fetchreviews.php,200,OK,Thread Group 1-4,text,true,934,553
1370229982009,648,/fetchreviews.php,200,OK,Thread Group 1-3,text,true,934,648
1370229982145,609,/fetchreviews.php,200,OK,Thread Group 1-6,text,true,934,609
1370229982192,700,/fetchreviews.php,200,OK,Thread Group 1-7,text,true,934,700
1370229982238,732,/fetchreviews.php,200,OK,Thread Group 1-8,text,true,934,732
1370229982334,870,/fetchreviews.php,200,OK,Thread Group 1-1,text,true,934,870
1370229982283,1241,/fetchreviews.php,200,OK,Thread Group 1-9,text,true,934,1241
1370229982329,1270,/fetchreviews.php,200,OK,Thread Group 1-10,text,true,934,1270
1370229982374,1312,/fetchreviews.php,200,OK,Thread Group 1-11,text,true,934,1312
1370229982513,1266,/fetchreviews.php,200,OK,Thread Group 1-2,text,true,934,1266
1370229982420,1431,/fetchreviews.php,200,OK,Thread Group 1-12,text,true,934,1431
1370229982465,1504,/fetchreviews.php,200,OK,Thread Group 1-13,text,true,934,1504
1370229982555,1485,/fetchreviews.php,200,OK,Thread Group 1-5,text,true,934,1485
1370229982510,1612,/fetchreviews.php,200,OK,Thread Group 1-14,text,true,934,1612
1370229982608,1540,/fetchreviews.php,200,OK,Thread Group 1-4,text,true,934,1540
1370229982557,1710,/fetchreviews.php,200,OK,Thread Group 1-15,text,true,934,1710
1370229982658,1706,/fetchreviews.php,200,OK,Thread Group 1-3,text,true,934,1706
1370229982602,1908,/fetchreviews.php,200,OK,Thread Group 1-16,text,true,934,1908
1370229982648,1990,/fetchreviews.php,200,OK,Thread Group 1-17,text,true,934,1990
1370229982755,1915,/fetchreviews.php,200,OK,Thread Group 1-6,text,true,934,1915
1370229982739,2004,/fetchreviews.php,200,OK,Thread Group 1-19,text,true,934,2004
1370229982695,2102,/fetchreviews.php,200,OK,Thread Group 1-18,text,true,934,2102
1370229982787,2073,/fetchreviews.php,200,OK,Thread Group 1-20,text,true,934,2073
1370229982893,2100,/fetchreviews.php,200,OK,Thread Group 1-7,text,true,934,2100
1370229982831,2314,/fetchreviews.php,200,OK,Thread Group 1-21,text,true,934,2314
1370229982970,2224,/fetchreviews.php,200,OK,Thread Group 1-8,text,true,934,2224
1370229982876,2367,/fetchreviews.php,200,OK,Thread Group 1-22,text,true,934,2367
1370229983205,2073,/fetchreviews.php,200,OK,Thread Group 1-1,text,true,934,2073
1370229983525,1826,/fetchreviews.php,200,OK,Thread Group 1-9,text,true,934,1826
1370229983688,1715,/fetchreviews.php,200,OK,Thread Group 1-11,text,true,934,1715
1370229983600,2019,/fetchreviews.php,200,OK,Thread Group 1-10,text,true,934,2019
1370229983780,1914,/fetchreviews.php,200,OK,Thread Group 1-2,text,true,934,1914
1370229983853,1967,/fetchreviews.php,200,OK,Thread Group 1-12,text,true,934,1967
1370229983970,1943,/fetchreviews.php,200,OK,Thread Group 1-13,text,true,934,1943
1370229984042,2094,/fetchreviews.php,200,OK,Thread Group 1-5,text,true,934,2094
1370229984123,2081,/fetchreviews.php,200,OK,Thread Group 1-14,text,true,934,2081
1370229984150,2125,/fetchreviews.php,200,OK,Thread Group 1-4,text,true,934,2125
1370229984268,2085,/fetchreviews.php,200,OK,Thread Group 1-15,text,true,934,2085
1370229984366,2073,/fetchreviews.php,200,OK,Thread Group 1-3,text,true,934,2073
1370229984512,1986,/fetchreviews.php,200,OK,Thread Group 1-16,text,true,934,1986
1370229984642,1993,/fetchreviews.php,200,OK,Thread Group 1-17,text,true,934,1993
1370229984672,2121,/fetchreviews.php,200,OK,Thread Group 1-6,text,true,934,2121
1370229984745,2207,/fetchreviews.php,200,OK,Thread Group 1-19,text,true,934,2207
1370229984798,2226,/fetchreviews.php,200,OK,Thread Group 1-18,text,true,934,2226
1370229984862,2261,/fetchreviews.php,200,OK,Thread Group 1-20,text,true,934,2261
1370229984994,2249,/fetchreviews.php,200,OK,Thread Group 1-7,text,true,934,2249
1370229985148,2226,/fetchreviews.php,200,OK,Thread Group 1-21,text,true,934,2226
1370229985196,2240,/fetchreviews.php,200,OK,Thread Group 1-8,text,true,934,2240
1370229985245,2262,/fetchreviews.php,200,OK,Thread Group 1-22,text,true,934,2262
1370229985279,2254,/fetchreviews.php,200,OK,Thread Group 1-1,text,true,934,2254
1370229985353,2271,/fetchreviews.php,200,OK,Thread Group 1-9,text,true,934,2271
1370229985405,2234,/fetchreviews.php,200,OK,Thread Group 1-11,text,true,934,2234
1370229985623,2038,/fetchreviews.php,200,OK,Thread Group 1-10,text,true,934,2038
1370229985696,2007,/fetchreviews.php,200,OK,Thread Group 1-2,text,true,934,2007
1370229985822,1922,/fetchreviews.php,200,OK,Thread Group 1-12,text,true,934,1922
1370229985915,1898,/fetchreviews.php,200,OK,Thread Group 1-13,text,true,934,1898
1370229986138,1707,/fetchreviews.php,200,OK,Thread Group 1-5,text,true,934,1707
1370229986206,1689,/fetchreviews.php,200,OK,Thread Group 1-14,text,true,934,1689
1370229986277,1722,/fetchreviews.php,200,OK,Thread Group 1-4,text,true,934,1722
1370229986356,1687,/fetchreviews.php,200,OK,Thread Group 1-15,text,true,934,1687
1370229986442,1648,/fetchreviews.php,200,OK,Thread Group 1-3,text,true,934,1648
1370229986501,1701,/fetchreviews.php,200,OK,Thread Group 1-16,text,true,934,1701
1370229986637,1706,/fetchreviews.php,200,OK,Thread Group 1-17,text,true,934,1706
1370229986795,1686,/fetchreviews.php,200,OK,Thread Group 1-6,text,true,934,1686
1370229986956,1571,/fetchreviews.php,200,OK,Thread Group 1-19,text,true,934,1571
1370229987027,1540,/fetchreviews.php,200,OK,Thread Group 1-18,text,true,934,1540
1370229987125,1507,/fetchreviews.php,200,OK,Thread Group 1-20,text,true,934,1507
1370229987245,1425,/fetchreviews.php,200,OK,Thread Group 1-7,text,true,934,1425
1370229987377,1350,/fetchreviews.php,200,OK,Thread Group 1-21,text,true,934,1350
1370229987439,1363,/fetchreviews.php,200,OK,Thread Group 1-8,text,true,934,1363
1370229987510,1506,/fetchreviews.php,200,OK,Thread Group 1-22,text,true,934,1506
1370229987537,1539,/fetchreviews.php,200,OK,Thread Group 1-1,text,true,934,1539
1370229987627,1503,/fetchreviews.php,200,OK,Thread Group 1-9,text,true,934,1503
1370229987641,1552,/fetchreviews.php,200,OK,Thread Group 1-11,text,true,934,1552
1370229987664,1565,/fetchreviews.php,200,OK,Thread Group 1-10,text,true,934,1565
1370229987706,1650,/fetchreviews.php,200,OK,Thread Group 1-2,text,true,934,1650
1370229987747,1690,/fetchreviews.php,200,OK,Thread Group 1-12,text,true,934,1690
1370229987816,1652,/fetchreviews.php,200,OK,Thread Group 1-13,text,true,934,1652
1370229987848,1684,/fetchreviews.php,200,OK,Thread Group 1-5,text,true,934,1684
1370229987898,1669,/fetchreviews.php,200,OK,Thread Group 1-14,text,true,934,1669
1370229988002,1630,/fetchreviews.php,200,OK,Thread Group 1-4,text,true,934,1630
1370229988045,1748,/fetchreviews.php,200,OK,Thread Group 1-15,text,true,934,1748
1370229988092,1765,/fetchreviews.php,200,OK,Thread Group 1-3,text,true,934,1765
1370229988204,1792,/fetchreviews.php,200,OK,Thread Group 1-16,text,true,934,1792
1370229988345,1732,/fetchreviews.php,200,OK,Thread Group 1-17,text,true,934,1732
1370229988483,1638,/fetchreviews.php,200,OK,Thread Group 1-6,text,true,934,1638
1370229988529,1729,/fetchreviews.php,200,OK,Thread Group 1-19,text,true,934,1729
1370229988569,1737,/fetchreviews.php,200,OK,Thread Group 1-18,text,true,934,1737
1370229988634,1741,/fetchreviews.php,200,OK,Thread Group 1-20,text,true,934,1741
1370229988672,1746,/fetchreviews.php,200,OK,Thread Group 1-7,text,true,934,1746
1370229988729,1748,/fetchreviews.php,200,OK,Thread Group 1-21,text,true,934,1748
1370229988803,1721,/fetchreviews.php,200,OK,Thread Group 1-8,text,true,934,1721
1370229989078,1492,/fetchreviews.php,200,OK,Thread Group 1-1,text,true,934,1492
1370229989019,1713,/fetchreviews.php,200,OK,Thread Group 1-22,text,true,934,1713
1370229989132,1677,/fetchreviews.php,200,OK,Thread Group 1-9,text,true,934,1677
1370229989194,1672,/fetchreviews.php,200,OK,Thread Group 1-11,text,true,934,1672
1370229989231,1672,/fetchreviews.php,200,OK,Thread Group 1-10,text,true,934,1672
1370229989357,1647,/fetchreviews.php,200,OK,Thread Group 1-2,text,true,934,1647
1370229989439,1605,/fetchreviews.php,200,OK,Thread Group 1-12,text,true,934,1605
1370229989470,1648,/fetchreviews.php,200,OK,Thread Group 1-13,text,true,934,1648
1370229989534,1632,/fetchreviews.php,200,OK,Thread Group 1-5,text,true,934,1632
1370229989568,1632,/fetchreviews.php,200,OK,Thread Group 1-14,text,true,934,1632
1370229989634,1697,/fetchreviews.php,200,OK,Thread Group 1-4,text,true,934,1696
1370229989797,1577,/fetchreviews.php,200,OK,Thread Group 1-15,text,true,934,1577
1370229989858,1624,/fetchreviews.php,200,OK,Thread Group 1-3,text,true,934,1624
1370229989998,1525,/fetchreviews.php,200,OK,Thread Group 1-16,text,true,934,1525
1370229990078,1485,/fetchreviews.php,200,OK,Thread Group 1-17,text,true,934,1485
1370229990122,1482,/fetchreviews.php,200,OK,Thread Group 1-6,text,true,934,1482
1370229990259,1408,/fetchreviews.php,200,OK,Thread Group 1-19,text,true,934,1408
1370229990308,1417,/fetchreviews.php,200,OK,Thread Group 1-18,text,true,934,1417
1370229990377,1413,/fetchreviews.php,200,OK,Thread Group 1-20,text,true,934,1413
1370229990420,1523,/fetchreviews.php,200,OK,Thread Group 1-7,text,true,934,1523
1370229990479,1540,/fetchreviews.php,200,OK,Thread Group 1-21,text,true,934,1540
1370229990526,1652,/fetchreviews.php,200,OK,Thread Group 1-8,text,true,934,1652
1370229990573,1655,/fetchreviews.php,200,OK,Thread Group 1-1,text,true,934,1655
1370229990734,1555,/fetchreviews.php,200,OK,Thread Group 1-22,text,true,934,1555
1370229990811,1512,/fetchreviews.php,200,OK,Thread Group 1-9,text,true,934,1512
1370229990868,1562,/fetchreviews.php,200,OK,Thread Group 1-11,text,true,934,1562
1370229990905,1539,/fetchreviews.php,200,OK,Thread Group 1-10,text,true,934,1539
1370229991006,1502,/fetchreviews.php,200,OK,Thread Group 1-2,text,true,934,1502
1370229991045,1555,/fetchreviews.php,200,OK,Thread Group 1-12,text,true,934,1555
1370229991120,1631,/fetchreviews.php,200,OK,Thread Group 1-13,text,true,934,1631
1370229991168,1622,/fetchreviews.php,200,OK,Thread Group 1-5,text,true,934,1622
1370229991203,1647,/fetchreviews.php,200,OK,Thread Group 1-14,text,true,934,1647
1370229991332,1566,/fetchreviews.php,200,OK,Thread Group 1-4,text,true,934,1566
1370229991376,1561,/fetchreviews.php,200,OK,Thread Group 1-15,text,true,934,1561
1370229991484,1591,/fetchreviews.php,200,OK,Thread Group 1-3,text,true,934,1591
1370229991525,1631,/fetchreviews.php,200,OK,Thread Group 1-16,text,true,934,1631
1370229991565,1720,/fetchreviews.php,200,OK,Thread Group 1-17,text,true,934,1720
1370229991606,1734,/fetchreviews.php,200,OK,Thread Group 1-6,text,true,934,1734
1370229991669,1706,/fetchreviews.php,200,OK,Thread Group 1-19,text,true,934,1706
1370229991726,1688,/fetchreviews.php,200,OK,Thread Group 1-18,text,true,934,1688
1370229991792,1730,/fetchreviews.php,200,OK,Thread Group 1-20,text,true,934,1730
1370229991945,1620,/fetchreviews.php,200,OK,Thread Group 1-7,text,true,934,1620
1370229992021,1616,/fetchreviews.php,200,OK,Thread Group 1-21,text,true,934,1616
1370229992179,1502,/fetchreviews.php,200,OK,Thread Group 1-8,text,true,934,1502
1370229992230,1491,/fetchreviews.php,200,OK,Thread Group 1-1,text,true,934,1491
1370229992291,1492,/fetchreviews.php,200,OK,Thread Group 1-22,text,true,934,1492
1370229992324,1524,/fetchreviews.php,200,OK,Thread Group 1-9,text,true,934,1524
1370229992432,1541,/fetchreviews.php,200,OK,Thread Group 1-11,text,true,934,1541
1370229992446,1599,/fetchreviews.php,200,OK,Thread Group 1-10,text,true,934,1599
1370229992510,1646,/fetchreviews.php,200,OK,Thread Group 1-2,text,true,934,1646
1370229992602,1627,/fetchreviews.php,200,OK,Thread Group 1-12,text,true,934,1627
1370229992753,1537,/fetchreviews.php,200,OK,Thread Group 1-13,text,true,934,1537
1370229992792,1563,/fetchreviews.php,200,OK,Thread Group 1-5,text,true,934,1563
1370229992852,1543,/fetchreviews.php,200,OK,Thread Group 1-14,text,true,934,1543
1370229992900,1559,/fetchreviews.php,200,OK,Thread Group 1-4,text,true,934,1559
1370229992939,1639,/fetchreviews.php,200,OK,Thread Group 1-15,text,true,934,1639
1370229993077,1571,/fetchreviews.php,200,OK,Thread Group 1-3,text,true,934,1571
1370229993157,1556,/fetchreviews.php,200,OK,Thread Group 1-16,text,true,934,1556
1370229993287,1448,/fetchreviews.php,200,OK,Thread Group 1-17,text,true,934,1448
1370229993342,1432,/fetchreviews.php,200,OK,Thread Group 1-6,text,true,934,1432
1370229993377,1439,/fetchreviews.php,200,OK,Thread Group 1-19,text,true,934,1439
1370229993416,1471,/fetchreviews.php,200,OK,Thread Group 1-18,text,true,934,1471
1370229993524,1514,/fetchreviews.php,200,OK,Thread Group 1-20,text,true,934,1514
1370229993568,1549,/fetchreviews.php,200,OK,Thread Group 1-7,text,true,934,1549
1370229993639,1620,/fetchreviews.php,200,OK,Thread Group 1-21,text,true,934,1620
1370229993683,1640,/fetchreviews.php,200,OK,Thread Group 1-8,text,true,934,1640
1370229993723,1673,/fetchreviews.php,200,OK,Thread Group 1-1,text,true,934,1673
1370229993784,1670,/fetchreviews.php,200,OK,Thread Group 1-22,text,true,934,1670
1370229993850,1696,/fetchreviews.php,200,OK,Thread Group 1-9,text,true,934,1696
1370229993974,1726,/fetchreviews.php,200,OK,Thread Group 1-11,text,true,934,1726
1370229994047,1835,/fetchreviews.php,200,OK,Thread Group 1-10,text,true,934,1835
1370229994158,1779,/fetchreviews.php,200,OK,Thread Group 1-2,text,true,934,1779
1370229994232,1753,/fetchreviews.php,200,OK,Thread Group 1-12,text,true,934,1753
1370229994292,1746,/fetchreviews.php,200,OK,Thread Group 1-13,text,true,934,1746
1370229994357,1738,/fetchreviews.php,200,OK,Thread Group 1-5,text,true,934,1738
1370229994397,1775,/fetchreviews.php,200,OK,Thread Group 1-14,text,true,934,1775
1370229994461,1811,/fetchreviews.php,200,OK,Thread Group 1-4,text,true,934,1811
1370229994580,1764,/fetchreviews.php,200,OK,Thread Group 1-15,text,true,934,1764
1370229994715,1680,/fetchreviews.php,200,OK,Thread Group 1-16,text,true,934,1680
1370229994737,1716,/fetchreviews.php,200,OK,Thread Group 1-17,text,true,934,1716
1370229994775,1788,/fetchreviews.php,200,OK,Thread Group 1-6,text,true,934,1788
1370229994818,1987,/fetchreviews.php,200,OK,Thread Group 1-19,text,true,934,1987
1370229994651,2210,/fetchreviews.php,200,OK,Thread Group 1-3,text,true,934,2210
1370229994889,2033,/fetchreviews.php,200,OK,Thread Group 1-18,text,true,934,2033
1370229995041,1946,/fetchreviews.php,200,OK,Thread Group 1-20,text,true,934,1946
1370229995119,1930,/fetchreviews.php,200,OK,Thread Group 1-7,text,true,934,1930
1370229995324,1798,/fetchreviews.php,200,OK,Thread Group 1-8,text,true,934,1798
1370229995261,1925,/fetchreviews.php,200,OK,Thread Group 1-21,text,true,934,1925
1370229995397,1864,/fetchreviews.php,200,OK,Thread Group 1-1,text,true,934,1864
1370229995456,1865,/fetchreviews.php,200,OK,Thread Group 1-22,text,true,934,1865
1370229995548,1901,/fetchreviews.php,200,OK,Thread Group 1-9,text,true,934,1901
1370229995701,1816,/fetchreviews.php,200,OK,Thread Group 1-11,text,true,934,1816
1370229995883,1741,/fetchreviews.php,200,OK,Thread Group 1-10,text,true,934,1741
1370229995939,1738,/fetchreviews.php,200,OK,Thread Group 1-2,text,true,934,1738
1370229995987,1763,/fetchreviews.php,200,OK,Thread Group 1-12,text,true,934,1763
1370229996040,1789,/fetchreviews.php,200,OK,Thread Group 1-13,text,true,934,1789
1370229996097,1737,/fetchreviews.php,200,OK,Thread Group 1-5,text,true,934,1737
1370229996175,1741,/fetchreviews.php,200,OK,Thread Group 1-14,text,true,934,1741
1370229996274,1732,/fetchreviews.php,200,OK,Thread Group 1-4,text,true,934,1732
1370229996345,1744,/fetchreviews.php,200,OK,Thread Group 1-15,text,true,934,1744
1370229996396,1771,/fetchreviews.php,200,OK,Thread Group 1-16,text,true,934,1771
1370229996454,1728,/fetchreviews.php,200,OK,Thread Group 1-17,text,true,934,1728
1370229996564,1678,/fetchreviews.php,200,OK,Thread Group 1-6,text,true,934,1678
1370229996805,1492,/fetchreviews.php,200,OK,Thread Group 1-19,text,true,934,1492
1370229996863,1588,/fetchreviews.php,200,OK,Thread Group 1-3,text,true,934,1588
1370229996924,1599,/fetchreviews.php,200,OK,Thread Group 1-18,text,true,934,1599
1370229996989,1644,/fetchreviews.php,200,OK,Thread Group 1-20,text,true,934,1644
1370229997124,1619,/fetchreviews.php,200,OK,Thread Group 1-8,text,true,934,1619
1370229997050,1769,/fetchreviews.php,200,OK,Thread Group 1-7,text,true,934,1769
1370229997187,1670,/fetchreviews.php,200,OK,Thread Group 1-21,text,true,934,1670
1370229997323,1566,/fetchreviews.php,200,OK,Thread Group 1-22,text,true,934,1566
1370229997451,1495,/fetchreviews.php,200,OK,Thread Group 1-9,text,true,934,1495
1370229997518,1482,/fetchreviews.php,200,OK,Thread Group 1-11,text,true,934,1482
1370229997625,1413,/fetchreviews.php,200,OK,Thread Group 1-10,text,true,934,1413
1370229997751,1350,/fetchreviews.php,200,OK,Thread Group 1-12,text,true,934,1350
1370229997829,1393,/fetchreviews.php,200,OK,Thread Group 1-13,text,true,934,1393
1370229997917,1389,/fetchreviews.php,200,OK,Thread Group 1-14,text,true,934,1389
1370229998092,1325,/fetchreviews.php,200,OK,Thread Group 1-15,text,true,934,1325
1370229998169,1344,/fetchreviews.php,200,OK,Thread Group 1-16,text,true,934,1344
1370229998184,1382,/fetchreviews.php,200,OK,Thread Group 1-17,text,true,934,1382
1370229998299,1335,/fetchreviews.php,200,OK,Thread Group 1-19,text,true,934,1335
1370229998525,1142,/fetchreviews.php,200,OK,Thread Group 1-18,text,true,934,1142
1370229998635,1096,/fetchreviews.php,200,OK,Thread Group 1-20,text,true,934,1096
1370229998859,955,/fetchreviews.php,200,OK,Thread Group 1-21,text,true,934,955
1370229998891,1040,/fetchreviews.php,200,OK,Thread Group 1-22,text,true,934,1040
