1370225624023,266,/updatelava.php,200,OK,Thread Group 1-3,text,true,191,266
1370225624033,391,/updatelava.php,200,OK,Thread Group 1-4,text,true,191,391
1370225624015,465,/updatelava.php,200,OK,Thread Group 1-2,text,true,191,465
1370225624005,615,/updatelava.php,200,OK,Thread Group 1-1,text,true,191,615
1370225624044,618,/updatelava.php,200,OK,Thread Group 1-5,text,true,191,618
1370225624053,642,/updatelava.php,200,OK,Thread Group 1-6,text,true,191,642
1370225624084,747,/updatelava.php,200,OK,Thread Group 1-9,text,true,191,747
1370225624064,830,/updatelava.php,200,OK,Thread Group 1-7,text,true,191,830
1370225624075,959,/updatelava.php,200,OK,Thread Group 1-8,text,true,191,959
1370225624096,1202,/updatelava.php,200,OK,Thread Group 1-10,text,true,191,1202
1370225624107,1282,/updatelava.php,200,OK,Thread Group 1-11,text,true,191,1282
1370225624116,1409,/updatelava.php,200,OK,Thread Group 1-12,text,true,191,1409
1370225624127,1528,/updatelava.php,200,OK,Thread Group 1-13,text,true,191,1528
1370225624136,1584,/updatelava.php,200,OK,Thread Group 1-14,text,true,191,1584
1370225624147,1602,/updatelava.php,200,OK,Thread Group 1-15,text,true,191,1602
1370225624188,1762,/updatelava.php,200,OK,Thread Group 1-19,text,true,191,1762
1370225624180,1790,/updatelava.php,200,OK,Thread Group 1-18,text,true,191,1790
1370225624157,1813,/updatelava.php,200,OK,Thread Group 1-16,text,true,191,1813
1370225624211,1859,/updatelava.php,200,OK,Thread Group 1-21,text,true,191,1859
1370225624167,1904,/updatelava.php,200,OK,Thread Group 1-17,text,true,191,1904
1370225624291,1780,/updatelava.php,200,OK,Thread Group 1-3,text,true,191,1780
1370225624198,1963,/updatelava.php,200,OK,Thread Group 1-20,text,true,191,1963
1370225624221,1982,/updatelava.php,200,OK,Thread Group 1-22,text,true,191,1982
1370225624228,2065,/updatelava.php,200,OK,Thread Group 1-23,text,true,191,2065
1370225624240,2071,/updatelava.php,200,OK,Thread Group 1-24,text,true,191,2071
1370225624250,2061,/updatelava.php,200,OK,Thread Group 1-25,text,true,191,2061
1370225624259,2063,/updatelava.php,200,OK,Thread Group 1-26,text,true,191,2063
1370225624272,2075,/updatelava.php,200,OK,Thread Group 1-27,text,true,191,2075
1370225624281,2197,/updatelava.php,200,OK,Thread Group 1-28,text,true,191,2197
1370225624291,2238,/updatelava.php,200,OK,Thread Group 1-29,text,true,191,2238
1370225624302,2243,/updatelava.php,200,OK,Thread Group 1-30,text,true,191,2243
1370225624313,2294,/updatelava.php,200,OK,Thread Group 1-31,text,true,191,2294
1370225624321,2299,/updatelava.php,200,OK,Thread Group 1-32,text,true,191,2299
1370225624426,2230,/updatelava.php,200,OK,Thread Group 1-4,text,true,191,2230
1370225624333,2446,/updatelava.php,200,OK,Thread Group 1-33,text,true,191,2446
1370225624345,2710,/updatelava.php,200,OK,Thread Group 1-34,text,true,191,2710
1370225624352,2788,/updatelava.php,200,OK,Thread Group 1-35,text,true,191,2788
1370225624363,2790,/updatelava.php,200,OK,Thread Group 1-36,text,true,191,2790
1370225624482,2672,/updatelava.php,200,OK,Thread Group 1-2,text,true,191,2672
1370225624373,2810,/updatelava.php,200,OK,Thread Group 1-37,text,true,191,2810
1370225624383,2801,/updatelava.php,200,OK,Thread Group 1-38,text,true,191,2801
1370225624394,2791,/updatelava.php,200,OK,Thread Group 1-39,text,true,191,2791
1370225624403,2811,/updatelava.php,200,OK,Thread Group 1-40,text,true,191,2811
1370225624424,2875,/updatelava.php,200,OK,Thread Group 1-42,text,true,191,2875
1370225624415,2994,/updatelava.php,200,OK,Thread Group 1-41,text,true,191,2994
1370225624434,2996,/updatelava.php,200,OK,Thread Group 1-43,text,true,191,2996
1370225624444,3110,/updatelava.php,200,OK,Thread Group 1-44,text,true,191,3110
1370225624465,3171,/updatelava.php,200,OK,Thread Group 1-46,text,true,191,3171
1370225624456,3294,/updatelava.php,200,OK,Thread Group 1-45,text,true,191,3294
1370225624476,3364,/updatelava.php,200,OK,Thread Group 1-47,text,true,191,3364
1370225624486,3354,/updatelava.php,200,OK,Thread Group 1-48,text,true,191,3354
1370225624507,3401,/updatelava.php,200,OK,Thread Group 1-50,text,true,191,3401
1370225624517,3605,/updatelava.php,200,OK,Thread Group 1-51,text,true,191,3605
1370225624496,3671,/updatelava.php,200,OK,Thread Group 1-49,text,true,191,3671
1370225624527,3775,/updatelava.php,200,OK,Thread Group 1-52,text,true,191,3775
1370225624537,3866,/updatelava.php,200,OK,Thread Group 1-53,text,true,191,3866
1370225624623,3790,/updatelava.php,200,OK,Thread Group 1-1,text,true,191,3790
1370225624558,3890,/updatelava.php,200,OK,Thread Group 1-55,text,true,191,3890
1370225624567,3888,/updatelava.php,200,OK,Thread Group 1-56,text,true,191,3888
1370225624663,3833,/updatelava.php,200,OK,Thread Group 1-5,text,true,191,3833
1370225624579,4038,/updatelava.php,200,OK,Thread Group 1-57,text,true,191,4038
1370225624598,4116,/updatelava.php,200,OK,Thread Group 1-59,text,true,191,4116
1370225624587,4131,/updatelava.php,200,OK,Thread Group 1-58,text,true,191,4131
1370225624608,4154,/updatelava.php,200,OK,Thread Group 1-60,text,true,191,4154
1370225624697,4279,/updatelava.php,200,OK,Thread Group 1-6,text,true,191,4279
1370225624640,5004,/updatelava.php,200,OK,Thread Group 1-63,text,true,191,5004
1370225624629,5015,/updatelava.php,200,OK,Thread Group 1-62,text,true,191,5015
1370225624618,5026,/updatelava.php,200,OK,Thread Group 1-61,text,true,191,5026
1370225624548,5100,/updatelava.php,200,OK,Thread Group 1-54,text,true,191,5100
1370225624659,4990,/updatelava.php,200,OK,Thread Group 1-65,text,true,191,4990
1370225624649,4999,/updatelava.php,200,OK,Thread Group 1-64,text,true,191,4999
1370225624669,5003,/updatelava.php,200,OK,Thread Group 1-66,text,true,191,5003
1370225624680,4992,/updatelava.php,200,OK,Thread Group 1-67,text,true,191,4992
1370225624689,5055,/updatelava.php,200,OK,Thread Group 1-68,text,true,191,5055
1370225624731,5013,/updatelava.php,200,OK,Thread Group 1-72,text,true,191,5013
1370225624713,5031,/updatelava.php,200,OK,Thread Group 1-70,text,true,191,5031
1370225624722,5022,/updatelava.php,200,OK,Thread Group 1-71,text,true,191,5022
1370225624702,5042,/updatelava.php,200,OK,Thread Group 1-69,text,true,191,5042
1370225624833,4918,/updatelava.php,200,OK,Thread Group 1-9,text,true,191,4918
1370225624741,5010,/updatelava.php,200,OK,Thread Group 1-73,text,true,191,5010
1370225624751,5001,/updatelava.php,200,OK,Thread Group 1-74,text,true,191,5001
1370225624774,5044,/updatelava.php,200,OK,Thread Group 1-76,text,true,191,5044
1370225624763,5055,/updatelava.php,200,OK,Thread Group 1-75,text,true,191,5055
1370225624781,5037,/updatelava.php,200,OK,Thread Group 1-77,text,true,191,5037
1370225624896,4971,/updatelava.php,200,OK,Thread Group 1-7,text,true,191,4971
1370225624791,5087,/updatelava.php,200,OK,Thread Group 1-78,text,true,191,5087
1370225624802,5089,/updatelava.php,200,OK,Thread Group 1-79,text,true,191,5089
1370225624815,5087,/updatelava.php,200,OK,Thread Group 1-80,text,true,191,5087
1370225624833,5069,/updatelava.php,200,OK,Thread Group 1-82,text,true,191,5069
1370225624822,5092,/updatelava.php,200,OK,Thread Group 1-81,text,true,191,5092
1370225624845,5117,/updatelava.php,200,OK,Thread Group 1-83,text,true,191,5117
1370225624852,5154,/updatelava.php,200,OK,Thread Group 1-84,text,true,191,5154
1370225624865,5221,/updatelava.php,200,OK,Thread Group 1-85,text,true,191,5221
1370225624883,5294,/updatelava.php,200,OK,Thread Group 1-87,text,true,191,5294
1370225624875,5337,/updatelava.php,200,OK,Thread Group 1-86,text,true,191,5337
1370225624894,5403,/updatelava.php,200,OK,Thread Group 1-88,text,true,191,5403
1370225624905,5414,/updatelava.php,200,OK,Thread Group 1-89,text,true,191,5414
1370225624916,5438,/updatelava.php,200,OK,Thread Group 1-90,text,true,191,5438
1370225624935,5467,/updatelava.php,200,OK,Thread Group 1-92,text,true,191,5467
1370225624926,5543,/updatelava.php,200,OK,Thread Group 1-91,text,true,191,5543
1370225625035,5452,/updatelava.php,200,OK,Thread Group 1-8,text,true,191,5452
1370225624946,5664,/updatelava.php,200,OK,Thread Group 1-93,text,true,191,5664
1370225624955,5698,/updatelava.php,200,OK,Thread Group 1-94,text,true,191,5698
1370225624965,5753,/updatelava.php,200,OK,Thread Group 1-95,text,true,191,5753
1370225624986,5892,/updatelava.php,200,OK,Thread Group 1-97,text,true,191,5892
1370225624975,5927,/updatelava.php,200,OK,Thread Group 1-96,text,true,191,5927
1370225624995,6014,/updatelava.php,200,OK,Thread Group 1-98,text,true,191,6014
1370225625006,6046,/updatelava.php,200,OK,Thread Group 1-99,text,true,191,6046
1370225625015,6080,/updatelava.php,200,OK,Thread Group 1-100,text,true,191,6080
1370225625300,5811,/updatelava.php,200,OK,Thread Group 1-10,text,true,191,5811
1370225625392,5749,/updatelava.php,200,OK,Thread Group 1-11,text,true,191,5749
1370225625527,5645,/updatelava.php,200,OK,Thread Group 1-12,text,true,191,5645
1370225625657,5588,/updatelava.php,200,OK,Thread Group 1-13,text,true,191,5588
1370225625722,5581,/updatelava.php,200,OK,Thread Group 1-14,text,true,191,5581
1370225625751,5582,/updatelava.php,200,OK,Thread Group 1-15,text,true,191,5582
1370225625952,5411,/updatelava.php,200,OK,Thread Group 1-19,text,true,191,5411
1370225625971,5447,/updatelava.php,200,OK,Thread Group 1-18,text,true,191,5447
1370225625971,5493,/updatelava.php,200,OK,Thread Group 1-16,text,true,191,5493
1370225626075,5492,/updatelava.php,200,OK,Thread Group 1-3,text,true,191,5492
1370225626075,5521,/updatelava.php,200,OK,Thread Group 1-17,text,true,191,5521
1370225626074,5554,/updatelava.php,200,OK,Thread Group 1-21,text,true,191,5554
1370225626162,5503,/updatelava.php,200,OK,Thread Group 1-20,text,true,191,5503
1370225626203,5497,/updatelava.php,200,OK,Thread Group 1-22,text,true,191,5497
1370225626294,5437,/updatelava.php,200,OK,Thread Group 1-23,text,true,191,5437
1370225626314,5448,/updatelava.php,200,OK,Thread Group 1-25,text,true,191,5448
1370225626322,5496,/updatelava.php,200,OK,Thread Group 1-26,text,true,191,5496
1370225626348,5577,/updatelava.php,200,OK,Thread Group 1-27,text,true,191,5577
1370225626313,5643,/updatelava.php,200,OK,Thread Group 1-24,text,true,191,5643
1370225626478,5519,/updatelava.php,200,OK,Thread Group 1-28,text,true,191,5519
1370225626530,5511,/updatelava.php,200,OK,Thread Group 1-29,text,true,191,5511
1370225626545,5549,/updatelava.php,200,OK,Thread Group 1-30,text,true,191,5549
1370225626608,5504,/updatelava.php,200,OK,Thread Group 1-31,text,true,191,5504
1370225626621,5539,/updatelava.php,200,OK,Thread Group 1-32,text,true,191,5539
1370225626658,5609,/updatelava.php,200,OK,Thread Group 1-4,text,true,191,5609
1370225626781,5535,/updatelava.php,200,OK,Thread Group 1-33,text,true,191,5535
1370225627056,5296,/updatelava.php,200,OK,Thread Group 1-34,text,true,191,5296
1370225627141,5240,/updatelava.php,200,OK,Thread Group 1-35,text,true,191,5240
1370225627155,5264,/updatelava.php,200,OK,Thread Group 1-36,text,true,191,5264
1370225627157,5296,/updatelava.php,200,OK,Thread Group 1-2,text,true,191,5296
1370225627185,5302,/updatelava.php,200,OK,Thread Group 1-38,text,true,191,5302
1370225627185,5333,/updatelava.php,200,OK,Thread Group 1-37,text,true,191,5333
1370225627187,5433,/updatelava.php,200,OK,Thread Group 1-39,text,true,191,5433
1370225627217,5452,/updatelava.php,200,OK,Thread Group 1-40,text,true,191,5452
1370225627300,5430,/updatelava.php,200,OK,Thread Group 1-42,text,true,191,5430
1370225627411,5436,/updatelava.php,200,OK,Thread Group 1-41,text,true,191,5436
1370225627431,5449,/updatelava.php,200,OK,Thread Group 1-43,text,true,191,5449
1370225627557,5353,/updatelava.php,200,OK,Thread Group 1-44,text,true,191,5353
1370225627637,5295,/updatelava.php,200,OK,Thread Group 1-46,text,true,191,5295
1370225627751,5214,/updatelava.php,200,OK,Thread Group 1-45,text,true,191,5214
1370225627845,5147,/updatelava.php,200,OK,Thread Group 1-47,text,true,191,5147
1370225627848,5185,/updatelava.php,200,OK,Thread Group 1-48,text,true,191,5185
1370225627913,5148,/updatelava.php,200,OK,Thread Group 1-50,text,true,191,5148
1370225628125,5031,/updatelava.php,200,OK,Thread Group 1-51,text,true,191,5031
1370225628170,5048,/updatelava.php,200,OK,Thread Group 1-49,text,true,191,5048
1370225628304,5023,/updatelava.php,200,OK,Thread Group 1-52,text,true,191,5023
1370225628406,4959,/updatelava.php,200,OK,Thread Group 1-53,text,true,191,4959
1370225628415,4984,/updatelava.php,200,OK,Thread Group 1-1,text,true,191,4984
1370225628460,4983,/updatelava.php,200,OK,Thread Group 1-56,text,true,191,4983
1370225628454,5030,/updatelava.php,200,OK,Thread Group 1-55,text,true,191,5030
1370225628501,5024,/updatelava.php,200,OK,Thread Group 1-5,text,true,191,5024
1370225628619,4952,/updatelava.php,200,OK,Thread Group 1-57,text,true,191,4952
1370225628718,4893,/updatelava.php,200,OK,Thread Group 1-59,text,true,191,4893
1370225628723,4993,/updatelava.php,200,OK,Thread Group 1-58,text,true,191,4993
1370225628765,5109,/updatelava.php,200,OK,Thread Group 1-60,text,true,191,5109
1370225628978,4927,/updatelava.php,200,OK,Thread Group 1-6,text,true,191,4927
1370225629646,4287,/updatelava.php,200,OK,Thread Group 1-61,text,true,191,4287
1370225629646,4332,/updatelava.php,200,OK,Thread Group 1-63,text,true,191,4332
1370225629651,4351,/updatelava.php,200,OK,Thread Group 1-54,text,true,191,4351
1370225629651,4389,/updatelava.php,200,OK,Thread Group 1-65,text,true,191,4389
1370225629646,4427,/updatelava.php,200,OK,Thread Group 1-62,text,true,191,4427
1370225629651,4444,/updatelava.php,200,OK,Thread Group 1-64,text,true,191,4444
1370225629676,4483,/updatelava.php,200,OK,Thread Group 1-66,text,true,191,4483
1370225629677,4525,/updatelava.php,200,OK,Thread Group 1-67,text,true,191,4525
1370225629748,4549,/updatelava.php,200,OK,Thread Group 1-70,text,true,191,4549
1370225629747,4589,/updatelava.php,200,OK,Thread Group 1-68,text,true,191,4589
1370225629747,4636,/updatelava.php,200,OK,Thread Group 1-72,text,true,191,4636
1370225629755,4660,/updatelava.php,200,OK,Thread Group 1-71,text,true,191,4660
1370225629755,4710,/updatelava.php,200,OK,Thread Group 1-69,text,true,191,4710
1370225629760,4745,/updatelava.php,200,OK,Thread Group 1-74,text,true,191,4745
1370225629759,4791,/updatelava.php,200,OK,Thread Group 1-73,text,true,191,4791
1370225629759,4820,/updatelava.php,200,OK,Thread Group 1-9,text,true,191,4820
1370225629821,4786,/updatelava.php,200,OK,Thread Group 1-77,text,true,191,4786
1370225629820,4828,/updatelava.php,200,OK,Thread Group 1-76,text,true,191,4828
1370225629820,4860,/updatelava.php,200,OK,Thread Group 1-75,text,true,191,4860
1370225629881,4842,/updatelava.php,200,OK,Thread Group 1-78,text,true,191,4842
1370225629869,4893,/updatelava.php,200,OK,Thread Group 1-7,text,true,191,4893
1370225629893,4898,/updatelava.php,200,OK,Thread Group 1-79,text,true,191,4898
1370225629906,4958,/updatelava.php,200,OK,Thread Group 1-82,text,true,191,4958
1370225629905,5062,/updatelava.php,200,OK,Thread Group 1-80,text,true,191,5062
1370225629917,5109,/updatelava.php,200,OK,Thread Group 1-81,text,true,191,5109
1370225629964,5104,/updatelava.php,200,OK,Thread Group 1-83,text,true,191,5104
1370225630088,5022,/updatelava.php,200,OK,Thread Group 1-85,text,true,191,5022
1370225630180,4963,/updatelava.php,200,OK,Thread Group 1-87,text,true,191,4963
1370225630214,4969,/updatelava.php,200,OK,Thread Group 1-86,text,true,191,4969
1370225630008,5205,/updatelava.php,200,OK,Thread Group 1-84,text,true,191,5205
1370225630299,4958,/updatelava.php,200,OK,Thread Group 1-88,text,true,191,4958
1370225630322,4974,/updatelava.php,200,OK,Thread Group 1-89,text,true,191,4974
1370225630355,4961,/updatelava.php,200,OK,Thread Group 1-90,text,true,191,4961
1370225630404,4948,/updatelava.php,200,OK,Thread Group 1-92,text,true,191,4948
1370225630470,4935,/updatelava.php,200,OK,Thread Group 1-91,text,true,191,4935
1370225630489,4953,/updatelava.php,200,OK,Thread Group 1-8,text,true,191,4953
1370225630613,4889,/updatelava.php,200,OK,Thread Group 1-93,text,true,191,4889
1370225630655,4897,/updatelava.php,200,OK,Thread Group 1-94,text,true,191,4897
1370225630720,4860,/updatelava.php,200,OK,Thread Group 1-95,text,true,191,4860
1370225630880,4737,/updatelava.php,200,OK,Thread Group 1-97,text,true,191,4737
1370225630904,4736,/updatelava.php,200,OK,Thread Group 1-96,text,true,191,4736
1370225631011,4657,/updatelava.php,200,OK,Thread Group 1-98,text,true,191,4657
1370225631055,4652,/updatelava.php,200,OK,Thread Group 1-99,text,true,191,4652
1370225631098,4638,/updatelava.php,200,OK,Thread Group 1-100,text,true,191,4638
1370225631113,4668,/updatelava.php,200,OK,Thread Group 1-10,text,true,191,4668
1370225631145,4669,/updatelava.php,200,OK,Thread Group 1-11,text,true,191,4669
1370225631175,4671,/updatelava.php,200,OK,Thread Group 1-12,text,true,191,4671
1370225631247,4637,/updatelava.php,200,OK,Thread Group 1-13,text,true,191,4637
1370225631306,4604,/updatelava.php,200,OK,Thread Group 1-14,text,true,191,4604
1370225631335,4627,/updatelava.php,200,OK,Thread Group 1-15,text,true,191,4627
1370225631366,4650,/updatelava.php,200,OK,Thread Group 1-19,text,true,191,4650
1370225631421,4630,/updatelava.php,200,OK,Thread Group 1-18,text,true,191,4630
1370225631467,4628,/updatelava.php,200,OK,Thread Group 1-16,text,true,191,4628
1370225631570,4554,/updatelava.php,200,OK,Thread Group 1-3,text,true,191,4554
1370225631599,4636,/updatelava.php,200,OK,Thread Group 1-17,text,true,191,4636
1370225631632,4676,/updatelava.php,200,OK,Thread Group 1-21,text,true,191,4676
1370225631670,4690,/updatelava.php,200,OK,Thread Group 1-20,text,true,191,4690
1370225631703,4710,/updatelava.php,200,OK,Thread Group 1-22,text,true,191,4710
1370225631735,4796,/updatelava.php,200,OK,Thread Group 1-23,text,true,191,4796
1370225631766,4808,/updatelava.php,200,OK,Thread Group 1-25,text,true,191,4808
1370225631822,4789,/updatelava.php,200,OK,Thread Group 1-26,text,true,191,4789
1370225631929,4788,/updatelava.php,200,OK,Thread Group 1-27,text,true,191,4788
1370225631960,4794,/updatelava.php,200,OK,Thread Group 1-24,text,true,191,4794
1370225632001,4796,/updatelava.php,200,OK,Thread Group 1-28,text,true,191,4796
1370225632098,4749,/updatelava.php,200,OK,Thread Group 1-30,text,true,191,4749
1370225632116,4766,/updatelava.php,200,OK,Thread Group 1-31,text,true,191,4766
1370225632271,4647,/updatelava.php,200,OK,Thread Group 1-4,text,true,191,4647
1370225632320,4649,/updatelava.php,200,OK,Thread Group 1-33,text,true,191,4649
1370225632356,4689,/updatelava.php,200,OK,Thread Group 1-34,text,true,191,4689
1370225632386,4713,/updatelava.php,200,OK,Thread Group 1-35,text,true,191,4713
1370225632423,4689,/updatelava.php,200,OK,Thread Group 1-36,text,true,191,4689
1370225632045,5110,/updatelava.php,200,OK,Thread Group 1-29,text,true,191,5110
1370225632457,4742,/updatelava.php,200,OK,Thread Group 1-2,text,true,191,4742
1370225632491,4818,/updatelava.php,200,OK,Thread Group 1-38,text,true,191,4818
1370225632164,5193,/updatelava.php,200,OK,Thread Group 1-32,text,true,191,5193
1370225632522,4862,/updatelava.php,200,OK,Thread Group 1-37,text,true,191,4862
1370225632623,4792,/updatelava.php,200,OK,Thread Group 1-39,text,true,191,4792
1370225632673,4775,/updatelava.php,200,OK,Thread Group 1-40,text,true,191,4775
1370225632734,4743,/updatelava.php,200,OK,Thread Group 1-42,text,true,191,4743
1370225632852,4662,/updatelava.php,200,OK,Thread Group 1-41,text,true,191,4662
1370225632884,4656,/updatelava.php,200,OK,Thread Group 1-43,text,true,191,4656
1370225632914,4662,/updatelava.php,200,OK,Thread Group 1-44,text,true,191,4662
1370225632936,4729,/updatelava.php,200,OK,Thread Group 1-46,text,true,191,4729
1370225632968,4740,/updatelava.php,200,OK,Thread Group 1-45,text,true,191,4740
1370225633037,4840,/updatelava.php,200,OK,Thread Group 1-48,text,true,191,4840
1370225632996,4881,/updatelava.php,200,OK,Thread Group 1-47,text,true,191,4881
1370225633064,4822,/updatelava.php,200,OK,Thread Group 1-50,text,true,191,4822
1370225633159,4756,/updatelava.php,200,OK,Thread Group 1-51,text,true,191,4756
1370225633222,4725,/updatelava.php,200,OK,Thread Group 1-49,text,true,191,4725
1370225633331,4650,/updatelava.php,200,OK,Thread Group 1-52,text,true,191,4650
1370225633369,4644,/updatelava.php,200,OK,Thread Group 1-53,text,true,191,4644
1370225633402,4654,/updatelava.php,200,OK,Thread Group 1-1,text,true,191,4654
1370225633447,4739,/updatelava.php,200,OK,Thread Group 1-56,text,true,191,4739
1370225633488,4736,/updatelava.php,200,OK,Thread Group 1-55,text,true,191,4736
1370225633528,4727,/updatelava.php,200,OK,Thread Group 1-5,text,true,191,4727
1370225633575,4714,/updatelava.php,200,OK,Thread Group 1-57,text,true,191,4714
1370225633616,4706,/updatelava.php,200,OK,Thread Group 1-59,text,true,191,4706
1370225633721,4626,/updatelava.php,200,OK,Thread Group 1-58,text,true,191,4626
1370225633879,4501,/updatelava.php,200,OK,Thread Group 1-60,text,true,191,4501
1370225633909,4501,/updatelava.php,200,OK,Thread Group 1-6,text,true,191,4501
1370225633937,4506,/updatelava.php,200,OK,Thread Group 1-61,text,true,191,4506
1370225634006,4464,/updatelava.php,200,OK,Thread Group 1-54,text,true,191,4464
1370225633983,4535,/updatelava.php,200,OK,Thread Group 1-63,text,true,191,4535
1370225634044,4517,/updatelava.php,200,OK,Thread Group 1-65,text,true,191,4517
1370225634100,4525,/updatelava.php,200,OK,Thread Group 1-64,text,true,191,4525
1370225634077,4701,/updatelava.php,200,OK,Thread Group 1-62,text,true,191,4701
1370225634164,4646,/updatelava.php,200,OK,Thread Group 1-66,text,true,191,4646
1370225634206,4639,/updatelava.php,200,OK,Thread Group 1-67,text,true,191,4639
1370225634300,4571,/updatelava.php,200,OK,Thread Group 1-70,text,true,191,4571
1370225634387,4526,/updatelava.php,200,OK,Thread Group 1-72,text,true,191,4526
1370225634419,4526,/updatelava.php,200,OK,Thread Group 1-71,text,true,191,4526
1370225634468,4525,/updatelava.php,200,OK,Thread Group 1-69,text,true,191,4525
1370225634340,4705,/updatelava.php,200,OK,Thread Group 1-68,text,true,191,4705
1370225634509,4586,/updatelava.php,200,OK,Thread Group 1-74,text,true,191,4586
1370225634554,4572,/updatelava.php,200,OK,Thread Group 1-73,text,true,191,4572
1370225634584,4571,/updatelava.php,200,OK,Thread Group 1-9,text,true,191,4571
1370225634611,4653,/updatelava.php,200,OK,Thread Group 1-77,text,true,191,4653
1370225634651,4665,/updatelava.php,200,OK,Thread Group 1-76,text,true,191,4665
1370225634685,4702,/updatelava.php,200,OK,Thread Group 1-75,text,true,191,4702
1370225634727,4717,/updatelava.php,200,OK,Thread Group 1-78,text,true,191,4717
1370225634766,4878,/updatelava.php,200,OK,Thread Group 1-7,text,true,191,4878
1370225634795,4979,/updatelava.php,200,OK,Thread Group 1-79,text,true,191,4979
1370225634868,4937,/updatelava.php,200,OK,Thread Group 1-82,text,true,191,4937
1370225634971,4871,/updatelava.php,200,OK,Thread Group 1-80,text,true,191,4871
1370225635030,4848,/updatelava.php,200,OK,Thread Group 1-81,text,true,191,4848
1370225635072,4855,/updatelava.php,200,OK,Thread Group 1-83,text,true,191,4855
1370225635114,4846,/updatelava.php,200,OK,Thread Group 1-85,text,true,191,4846
1370225635146,4865,/updatelava.php,200,OK,Thread Group 1-87,text,true,191,4865
1370225635187,4927,/updatelava.php,200,OK,Thread Group 1-86,text,true,191,4927
1370225635218,4951,/updatelava.php,200,OK,Thread Group 1-84,text,true,191,4951
1370225635261,4964,/updatelava.php,200,OK,Thread Group 1-88,text,true,191,4964
1370225635300,5033,/updatelava.php,200,OK,Thread Group 1-89,text,true,191,5033
1370225635321,5059,/updatelava.php,200,OK,Thread Group 1-90,text,true,191,5059
1370225635357,5069,/updatelava.php,200,OK,Thread Group 1-92,text,true,191,5069
1370225635409,5107,/updatelava.php,200,OK,Thread Group 1-91,text,true,191,5107
1370225635446,5115,/updatelava.php,200,OK,Thread Group 1-8,text,true,191,5115
1370225635506,5083,/updatelava.php,200,OK,Thread Group 1-93,text,true,191,5083
1370225635556,5064,/updatelava.php,200,OK,Thread Group 1-94,text,true,191,5064
1370225635584,5199,/updatelava.php,200,OK,Thread Group 1-95,text,true,191,5199
1370225635621,5381,/updatelava.php,200,OK,Thread Group 1-97,text,true,191,5381
1370225635645,5415,/updatelava.php,200,OK,Thread Group 1-96,text,true,191,5415
1370225635672,5577,/updatelava.php,200,OK,Thread Group 1-98,text,true,191,5577
1370225635739,5709,/updatelava.php,200,OK,Thread Group 1-100,text,true,191,5709
1370225635711,5906,/updatelava.php,200,OK,Thread Group 1-99,text,true,191,5906
1370225635784,5860,/updatelava.php,200,OK,Thread Group 1-10,text,true,191,5860
1370225635818,5853,/updatelava.php,200,OK,Thread Group 1-11,text,true,191,5853
1370225635850,5865,/updatelava.php,200,OK,Thread Group 1-12,text,true,191,5865
1370225635886,5866,/updatelava.php,200,OK,Thread Group 1-13,text,true,191,5866
1370225635915,5872,/updatelava.php,200,OK,Thread Group 1-14,text,true,191,5872
1370225635965,5857,/updatelava.php,200,OK,Thread Group 1-15,text,true,191,5857
1370225636019,5851,/updatelava.php,200,OK,Thread Group 1-19,text,true,191,5851
1370225636055,5918,/updatelava.php,200,OK,Thread Group 1-18,text,true,191,5918
1370225636098,5910,/updatelava.php,200,OK,Thread Group 1-16,text,true,191,5910
1370225636128,5921,/updatelava.php,200,OK,Thread Group 1-3,text,true,191,5921
1370225636238,5857,/updatelava.php,200,OK,Thread Group 1-17,text,true,191,5857
1370225636311,5839,/updatelava.php,200,OK,Thread Group 1-21,text,true,191,5839
1370225636363,5830,/updatelava.php,200,OK,Thread Group 1-20,text,true,191,5830
1370225636416,5887,/updatelava.php,200,OK,Thread Group 1-22,text,true,191,5887
1370225636535,5810,/updatelava.php,200,OK,Thread Group 1-23,text,true,191,5810
1370225636578,5805,/updatelava.php,200,OK,Thread Group 1-25,text,true,191,5805
1370225636614,5946,/updatelava.php,200,OK,Thread Group 1-26,text,true,191,5946
1370225636720,5882,/updatelava.php,200,OK,Thread Group 1-27,text,true,191,5882
1370225636758,5909,/updatelava.php,200,OK,Thread Group 1-24,text,true,191,5909
1370225636799,5902,/updatelava.php,200,OK,Thread Group 1-28,text,true,191,5902
1370225636851,5889,/updatelava.php,200,OK,Thread Group 1-30,text,true,191,5889
1370225636886,5898,/updatelava.php,200,OK,Thread Group 1-31,text,true,191,5898
1370225636922,5908,/updatelava.php,200,OK,Thread Group 1-4,text,true,191,5908
1370225636971,5891,/updatelava.php,200,OK,Thread Group 1-33,text,true,191,5891
1370225637049,5851,/updatelava.php,200,OK,Thread Group 1-34,text,true,191,5851
1370225637102,5837,/updatelava.php,200,OK,Thread Group 1-35,text,true,191,5837
1370225637115,5859,/updatelava.php,200,OK,Thread Group 1-36,text,true,191,5859
1370225637158,5856,/updatelava.php,200,OK,Thread Group 1-29,text,true,191,5856
1370225637202,5862,/updatelava.php,200,OK,Thread Group 1-2,text,true,191,5862
1370225637312,5803,/updatelava.php,200,OK,Thread Group 1-38,text,true,191,5803
1370225637361,5845,/updatelava.php,200,OK,Thread Group 1-32,text,true,191,5845
1370225637389,5855,/updatelava.php,200,OK,Thread Group 1-37,text,true,191,5855
1370225637419,5858,/updatelava.php,200,OK,Thread Group 1-39,text,true,191,5858
1370225637451,5859,/updatelava.php,200,OK,Thread Group 1-40,text,true,191,5859
1370225637480,5867,/updatelava.php,200,OK,Thread Group 1-42,text,true,191,5867
1370225637518,5856,/updatelava.php,200,OK,Thread Group 1-41,text,true,191,5856
1370225637544,5862,/updatelava.php,200,OK,Thread Group 1-43,text,true,191,5862
1370225637579,5857,/updatelava.php,200,OK,Thread Group 1-44,text,true,191,5857
1370225637668,5806,/updatelava.php,200,OK,Thread Group 1-46,text,true,191,5806
1370225637711,5790,/updatelava.php,200,OK,Thread Group 1-45,text,true,191,5790
1370225637880,5658,/updatelava.php,200,OK,Thread Group 1-47,text,true,191,5658
1370225637880,5687,/updatelava.php,200,OK,Thread Group 1-48,text,true,191,5687
1370225637889,5716,/updatelava.php,200,OK,Thread Group 1-50,text,true,191,5716
1370225637918,5731,/updatelava.php,200,OK,Thread Group 1-51,text,true,191,5731
1370225637950,5789,/updatelava.php,200,OK,Thread Group 1-49,text,true,191,5789
1370225637983,5785,/updatelava.php,200,OK,Thread Group 1-52,text,true,191,5785
1370225638017,5802,/updatelava.php,200,OK,Thread Group 1-53,text,true,191,5802
1370225638059,5796,/updatelava.php,200,OK,Thread Group 1-1,text,true,191,5796
1370225638189,5708,/updatelava.php,200,OK,Thread Group 1-56,text,true,191,5708
1370225638227,5705,/updatelava.php,200,OK,Thread Group 1-55,text,true,191,5705
1370225638259,5750,/updatelava.php,200,OK,Thread Group 1-5,text,true,191,5750
1370225638292,5751,/updatelava.php,200,OK,Thread Group 1-57,text,true,191,5751
1370225638327,5746,/updatelava.php,200,OK,Thread Group 1-59,text,true,191,5746
1370225638351,5754,/updatelava.php,200,OK,Thread Group 1-58,text,true,191,5754
1370225638383,5839,/updatelava.php,200,OK,Thread Group 1-60,text,true,191,5839
1370225638413,5921,/updatelava.php,200,OK,Thread Group 1-6,text,true,191,5921
1370225638446,5913,/updatelava.php,200,OK,Thread Group 1-61,text,true,191,5913
1370225638473,5913,/updatelava.php,200,OK,Thread Group 1-54,text,true,191,5913
1370225638522,5896,/updatelava.php,200,OK,Thread Group 1-63,text,true,191,5896
1370225638564,5879,/updatelava.php,200,OK,Thread Group 1-65,text,true,191,5879
1370225638629,5857,/updatelava.php,200,OK,Thread Group 1-64,text,true,191,5857
1370225638780,5732,/updatelava.php,200,OK,Thread Group 1-62,text,true,191,5732
1370225638813,5751,/updatelava.php,200,OK,Thread Group 1-66,text,true,191,5751
1370225638847,5776,/updatelava.php,200,OK,Thread Group 1-67,text,true,191,5776
1370225638874,5839,/updatelava.php,200,OK,Thread Group 1-70,text,true,191,5839
1370225638915,5832,/updatelava.php,200,OK,Thread Group 1-72,text,true,191,5832
1370225638948,5825,/updatelava.php,200,OK,Thread Group 1-71,text,true,191,5825
1370225638996,5801,/updatelava.php,200,OK,Thread Group 1-69,text,true,191,5801
1370225639047,5779,/updatelava.php,200,OK,Thread Group 1-68,text,true,191,5779
1370225639097,5763,/updatelava.php,200,OK,Thread Group 1-74,text,true,191,5763
1370225639128,5766,/updatelava.php,200,OK,Thread Group 1-73,text,true,191,5766
1370225639158,5766,/updatelava.php,200,OK,Thread Group 1-9,text,true,191,5766
1370225639267,5687,/updatelava.php,200,OK,Thread Group 1-77,text,true,191,5687
1370225639319,5734,/updatelava.php,200,OK,Thread Group 1-76,text,true,191,5734
1370225639391,5718,/updatelava.php,200,OK,Thread Group 1-75,text,true,191,5718
1370225639446,5742,/updatelava.php,200,OK,Thread Group 1-78,text,true,191,5742
1370225639647,5637,/updatelava.php,200,OK,Thread Group 1-7,text,true,191,5637
1370225639776,5542,/updatelava.php,200,OK,Thread Group 1-79,text,true,191,5542
1370225639808,5572,/updatelava.php,200,OK,Thread Group 1-82,text,true,191,5572
1370225639845,5587,/updatelava.php,200,OK,Thread Group 1-80,text,true,191,5587
1370225639880,5600,/updatelava.php,200,OK,Thread Group 1-81,text,true,191,5600
1370225639929,5578,/updatelava.php,200,OK,Thread Group 1-83,text,true,191,5578
1370225639962,5586,/updatelava.php,200,OK,Thread Group 1-85,text,true,191,5586
1370225640014,5648,/updatelava.php,200,OK,Thread Group 1-87,text,true,191,5648
1370225640117,5577,/updatelava.php,200,OK,Thread Group 1-86,text,true,191,5577
1370225640172,5571,/updatelava.php,200,OK,Thread Group 1-84,text,true,191,5571
1370225640228,5552,/updatelava.php,200,OK,Thread Group 1-88,text,true,191,5552
1370225640336,5492,/updatelava.php,200,OK,Thread Group 1-89,text,true,191,5492
1370225640428,5517,/updatelava.php,200,OK,Thread Group 1-92,text,true,191,5517
1370225640382,5600,/updatelava.php,200,OK,Thread Group 1-90,text,true,191,5600
1370225640518,5499,/updatelava.php,200,OK,Thread Group 1-91,text,true,191,5499
1370225640563,5480,/updatelava.php,200,OK,Thread Group 1-8,text,true,191,5480
1370225640592,5483,/updatelava.php,200,OK,Thread Group 1-93,text,true,191,5483
1370225640623,5481,/updatelava.php,200,OK,Thread Group 1-94,text,true,191,5481
1370225640785,5361,/updatelava.php,200,OK,Thread Group 1-95,text,true,191,5361
1370225641005,5185,/updatelava.php,200,OK,Thread Group 1-97,text,true,191,5185
1370225641061,5171,/updatelava.php,200,OK,Thread Group 1-96,text,true,191,5171
1370225641250,5031,/updatelava.php,200,OK,Thread Group 1-98,text,true,191,5031
1370225641450,4868,/updatelava.php,200,OK,Thread Group 1-100,text,true,191,4868
1370225641645,4708,/updatelava.php,200,OK,Thread Group 1-10,text,true,191,4708
1370225641672,4796,/updatelava.php,200,OK,Thread Group 1-11,text,true,191,4796
1370225641717,4785,/updatelava.php,200,OK,Thread Group 1-12,text,true,191,4785
1370225641618,4916,/updatelava.php,200,OK,Thread Group 1-99,text,true,191,4916
1370225641754,4813,/updatelava.php,200,OK,Thread Group 1-13,text,true,191,4813
1370225641824,4770,/updatelava.php,200,OK,Thread Group 1-15,text,true,191,4770
1370225641871,4750,/updatelava.php,200,OK,Thread Group 1-19,text,true,191,4750
1370225641789,4863,/updatelava.php,200,OK,Thread Group 1-14,text,true,191,4863
1370225641975,4707,/updatelava.php,200,OK,Thread Group 1-18,text,true,191,4707
1370225642010,4704,/updatelava.php,200,OK,Thread Group 1-16,text,true,191,4704
1370225642051,4696,/updatelava.php,200,OK,Thread Group 1-3,text,true,191,4696
1370225642097,4680,/updatelava.php,200,OK,Thread Group 1-17,text,true,191,4680
1370225642152,4667,/updatelava.php,200,OK,Thread Group 1-21,text,true,191,4667
1370225642194,4755,/updatelava.php,200,OK,Thread Group 1-20,text,true,191,4755
1370225642304,4680,/updatelava.php,200,OK,Thread Group 1-22,text,true,191,4680
1370225642347,4685,/updatelava.php,200,OK,Thread Group 1-23,text,true,191,4685
1370225642385,4750,/updatelava.php,200,OK,Thread Group 1-25,text,true,191,4750
1370225642561,4637,/updatelava.php,200,OK,Thread Group 1-26,text,true,191,4637
1370225642604,4645,/updatelava.php,200,OK,Thread Group 1-27,text,true,191,4645
1370225642669,4611,/updatelava.php,200,OK,Thread Group 1-24,text,true,191,4611
1370225642703,4619,/updatelava.php,200,OK,Thread Group 1-28,text,true,191,4619
1370225642742,4614,/updatelava.php,200,OK,Thread Group 1-30,text,true,191,4614
1370225642785,4609,/updatelava.php,200,OK,Thread Group 1-31,text,true,191,4609
1370225642831,4613,/updatelava.php,200,OK,Thread Group 1-4,text,true,191,4613
1370225642864,4629,/updatelava.php,200,OK,Thread Group 1-33,text,true,191,4629
1370225642902,4687,/updatelava.php,200,OK,Thread Group 1-34,text,true,191,4687
1370225642940,4807,/updatelava.php,200,OK,Thread Group 1-35,text,true,191,4807
1370225642975,4859,/updatelava.php,200,OK,Thread Group 1-36,text,true,191,4859
1370225643015,4870,/updatelava.php,200,OK,Thread Group 1-29,text,true,191,4870
1370225643065,4913,/updatelava.php,200,OK,Thread Group 1-2,text,true,191,4913
1370225643117,4895,/updatelava.php,200,OK,Thread Group 1-38,text,true,191,4895
1370225643208,4979,/updatelava.php,200,OK,Thread Group 1-32,text,true,191,4979
1370225643246,4998,/updatelava.php,200,OK,Thread Group 1-37,text,true,191,4998
1370225643279,5037,/updatelava.php,200,OK,Thread Group 1-39,text,true,191,5037
1370225643312,5058,/updatelava.php,200,OK,Thread Group 1-40,text,true,191,5058
1370225643349,5062,/updatelava.php,200,OK,Thread Group 1-42,text,true,191,5062
1370225643375,5077,/updatelava.php,200,OK,Thread Group 1-41,text,true,191,5077
1370225643437,5061,/updatelava.php,200,OK,Thread Group 1-44,text,true,191,5061
1370225643407,5136,/updatelava.php,200,OK,Thread Group 1-43,text,true,191,5136
1370225643475,5113,/updatelava.php,200,OK,Thread Group 1-46,text,true,191,5113
1370225643502,5130,/updatelava.php,200,OK,Thread Group 1-45,text,true,191,5130
1370225643539,5197,/updatelava.php,200,OK,Thread Group 1-47,text,true,191,5197
1370225643569,5207,/updatelava.php,200,OK,Thread Group 1-48,text,true,191,5207
1370225643606,5210,/updatelava.php,200,OK,Thread Group 1-50,text,true,191,5210
1370225643650,5211,/updatelava.php,200,OK,Thread Group 1-51,text,true,191,5211
1370225643740,5179,/updatelava.php,200,OK,Thread Group 1-49,text,true,191,5179
1370225643770,5253,/updatelava.php,200,OK,Thread Group 1-52,text,true,191,5253
1370225643820,5234,/updatelava.php,200,OK,Thread Group 1-53,text,true,191,5234
1370225643856,5239,/updatelava.php,200,OK,Thread Group 1-1,text,true,191,5239
1370225643898,5217,/updatelava.php,200,OK,Thread Group 1-56,text,true,191,5217
1370225643934,5209,/updatelava.php,200,OK,Thread Group 1-55,text,true,191,5209
1370225644010,5168,/updatelava.php,200,OK,Thread Group 1-5,text,true,191,5168
1370225644045,5173,/updatelava.php,200,OK,Thread Group 1-57,text,true,191,5173
1370225644074,5203,/updatelava.php,200,OK,Thread Group 1-59,text,true,191,5203
1370225644107,5213,/updatelava.php,200,OK,Thread Group 1-58,text,true,191,5213
1370225644223,5129,/updatelava.php,200,OK,Thread Group 1-60,text,true,191,5129
1370225644335,5051,/updatelava.php,200,OK,Thread Group 1-6,text,true,191,5051
1370225644360,5146,/updatelava.php,200,OK,Thread Group 1-61,text,true,191,5146
1370225644388,5156,/updatelava.php,200,OK,Thread Group 1-54,text,true,191,5156
1370225644419,5173,/updatelava.php,200,OK,Thread Group 1-63,text,true,191,5173
1370225644444,5207,/updatelava.php,200,OK,Thread Group 1-65,text,true,191,5207
1370225644487,5201,/updatelava.php,200,OK,Thread Group 1-64,text,true,191,5201
1370225644514,5215,/updatelava.php,200,OK,Thread Group 1-62,text,true,191,5215
1370225644566,5187,/updatelava.php,200,OK,Thread Group 1-66,text,true,191,5187
1370225644624,5182,/updatelava.php,200,OK,Thread Group 1-67,text,true,191,5182
1370225644715,5118,/updatelava.php,200,OK,Thread Group 1-70,text,true,191,5118
1370225644748,5123,/updatelava.php,200,OK,Thread Group 1-72,text,true,191,5123
1370225644775,5118,/updatelava.php,200,OK,Thread Group 1-71,text,true,191,5118
1370225644798,5123,/updatelava.php,200,OK,Thread Group 1-69,text,true,191,5123
1370225644828,5137,/updatelava.php,200,OK,Thread Group 1-68,text,true,191,5137
1370225644862,5126,/updatelava.php,200,OK,Thread Group 1-74,text,true,191,5126
1370225644896,5125,/updatelava.php,200,OK,Thread Group 1-73,text,true,191,5125
1370225644925,5144,/updatelava.php,200,OK,Thread Group 1-9,text,true,191,5144
1370225644955,5158,/updatelava.php,200,OK,Thread Group 1-77,text,true,191,5158
1370225645055,5089,/updatelava.php,200,OK,Thread Group 1-76,text,true,191,5089
1370225645110,5074,/updatelava.php,200,OK,Thread Group 1-75,text,true,191,5074
1370225645190,5098,/updatelava.php,200,OK,Thread Group 1-78,text,true,191,5098
1370225645286,5037,/updatelava.php,200,OK,Thread Group 1-7,text,true,191,5037
1370225645320,5055,/updatelava.php,200,OK,Thread Group 1-79,text,true,191,5055
1370225645381,5022,/updatelava.php,200,OK,Thread Group 1-82,text,true,191,5022
1370225645433,4997,/updatelava.php,200,OK,Thread Group 1-80,text,true,191,4997
1370225645482,4979,/updatelava.php,200,OK,Thread Group 1-81,text,true,191,4979
1370225645509,4987,/updatelava.php,200,OK,Thread Group 1-83,text,true,191,4987
1370225645550,4975,/updatelava.php,200,OK,Thread Group 1-85,text,true,191,4975
1370225645665,4888,/updatelava.php,200,OK,Thread Group 1-87,text,true,191,4888
1370225645696,4905,/updatelava.php,200,OK,Thread Group 1-86,text,true,191,4905
1370225645744,5020,/updatelava.php,200,OK,Thread Group 1-84,text,true,191,5020
1370225645782,5025,/updatelava.php,200,OK,Thread Group 1-88,text,true,191,5025
1370225645830,5039,/updatelava.php,200,OK,Thread Group 1-89,text,true,191,5039
1370225645947,4950,/updatelava.php,200,OK,Thread Group 1-92,text,true,191,4950
1370225645983,4923,/updatelava.php,200,OK,Thread Group 1-90,text,true,191,4923
1370225646018,4908,/updatelava.php,200,OK,Thread Group 1-91,text,true,191,4908
1370225646044,4946,/updatelava.php,200,OK,Thread Group 1-8,text,true,191,4946
1370225646077,4990,/updatelava.php,200,OK,Thread Group 1-93,text,true,191,4990
1370225646107,4967,/updatelava.php,200,OK,Thread Group 1-94,text,true,191,4967
1370225646148,4962,/updatelava.php,200,OK,Thread Group 1-95,text,true,191,4962
1370225646193,4920,/updatelava.php,200,OK,Thread Group 1-97,text,true,191,4920
1370225646236,4955,/updatelava.php,200,OK,Thread Group 1-96,text,true,191,4955
1370225646284,4987,/updatelava.php,200,OK,Thread Group 1-98,text,true,191,4987
1370225646322,4982,/updatelava.php,200,OK,Thread Group 1-100,text,true,191,4982
1370225646356,5032,/updatelava.php,200,OK,Thread Group 1-10,text,true,191,5032
1370225646471,4931,/updatelava.php,200,OK,Thread Group 1-11,text,true,191,4931
1370225646506,5067,/updatelava.php,200,OK,Thread Group 1-12,text,true,191,5067
1370225646538,5068,/updatelava.php,200,OK,Thread Group 1-99,text,true,191,5068
1370225646570,5085,/updatelava.php,200,OK,Thread Group 1-13,text,true,191,5085
1370225646598,5088,/updatelava.php,200,OK,Thread Group 1-15,text,true,191,5088
1370225646625,5150,/updatelava.php,200,OK,Thread Group 1-19,text,true,191,5150
1370225646655,5171,/updatelava.php,200,OK,Thread Group 1-14,text,true,191,5171
1370225646685,5212,/updatelava.php,200,OK,Thread Group 1-18,text,true,191,5212
1370225646717,5232,/updatelava.php,200,OK,Thread Group 1-16,text,true,191,5232
1370225646750,5263,/updatelava.php,200,OK,Thread Group 1-3,text,true,191,5263
1370225646781,5254,/updatelava.php,200,OK,Thread Group 1-17,text,true,191,5254
1370225646823,5280,/updatelava.php,200,OK,Thread Group 1-21,text,true,191,5280
1370225646952,5204,/updatelava.php,200,OK,Thread Group 1-20,text,true,191,5204
1370225646988,5168,/updatelava.php,200,OK,Thread Group 1-22,text,true,191,5168
1370225647035,5149,/updatelava.php,200,OK,Thread Group 1-23,text,true,191,5149
1370225647139,5090,/updatelava.php,200,OK,Thread Group 1-25,text,true,191,5090
1370225647253,5049,/updatelava.php,200,OK,Thread Group 1-27,text,true,191,5049
1370225647202,5101,/updatelava.php,200,OK,Thread Group 1-26,text,true,191,5101
1370225647283,5043,/updatelava.php,200,OK,Thread Group 1-24,text,true,191,5043
1370225647325,5045,/updatelava.php,200,OK,Thread Group 1-28,text,true,191,5045
1370225647360,5093,/updatelava.php,200,OK,Thread Group 1-30,text,true,191,5093
1370225647398,5165,/updatelava.php,200,OK,Thread Group 1-31,text,true,191,5165
1370225647447,5136,/updatelava.php,200,OK,Thread Group 1-4,text,true,191,5136
1370225647592,5079,/updatelava.php,200,OK,Thread Group 1-34,text,true,191,5079
1370225647497,5174,/updatelava.php,200,OK,Thread Group 1-33,text,true,191,5174
1370225647751,5032,/updatelava.php,200,OK,Thread Group 1-35,text,true,191,5032
1370225647837,4962,/updatelava.php,200,OK,Thread Group 1-36,text,true,191,4962
1370225647888,5098,/updatelava.php,200,OK,Thread Group 1-29,text,true,191,5098
1370225647981,5323,/updatelava.php,200,OK,Thread Group 1-2,text,true,191,5323
1370225648015,5318,/updatelava.php,200,OK,Thread Group 1-38,text,true,191,5318
1370225648191,5413,/updatelava.php,200,OK,Thread Group 1-32,text,true,191,5413
1370225648319,5289,/updatelava.php,200,OK,Thread Group 1-39,text,true,191,5289
1370225648247,5361,/updatelava.php,200,OK,Thread Group 1-37,text,true,191,5361
1370225648374,5348,/updatelava.php,200,OK,Thread Group 1-40,text,true,191,5348
1370225648415,5307,/updatelava.php,200,OK,Thread Group 1-42,text,true,191,5307
1370225648455,5323,/updatelava.php,200,OK,Thread Group 1-41,text,true,191,5323
1370225648501,5277,/updatelava.php,200,OK,Thread Group 1-44,text,true,191,5277
1370225648546,5322,/updatelava.php,200,OK,Thread Group 1-43,text,true,191,5322
1370225648592,5324,/updatelava.php,200,OK,Thread Group 1-46,text,true,191,5324
1370225648635,5322,/updatelava.php,200,OK,Thread Group 1-45,text,true,191,5322
1370225648779,5178,/updatelava.php,200,OK,Thread Group 1-48,text,true,191,5178
1370225648740,5217,/updatelava.php,200,OK,Thread Group 1-47,text,true,191,5217
1370225648820,5162,/updatelava.php,200,OK,Thread Group 1-50,text,true,191,5162
1370225648866,5118,/updatelava.php,200,OK,Thread Group 1-51,text,true,191,5118
1370225648922,5150,/updatelava.php,200,OK,Thread Group 1-49,text,true,191,5150
1370225649026,5160,/updatelava.php,200,OK,Thread Group 1-52,text,true,191,5160
1370225649057,5144,/updatelava.php,200,OK,Thread Group 1-53,text,true,191,5144
1370225649100,5104,/updatelava.php,200,OK,Thread Group 1-1,text,true,191,5104
1370225649119,5109,/updatelava.php,200,OK,Thread Group 1-56,text,true,191,5109
1370225649146,5103,/updatelava.php,200,OK,Thread Group 1-55,text,true,191,5103
1370225649181,5074,/updatelava.php,200,OK,Thread Group 1-5,text,true,191,5074
1370225649221,5047,/updatelava.php,200,OK,Thread Group 1-57,text,true,191,5047
1370225649280,5012,/updatelava.php,200,OK,Thread Group 1-59,text,true,191,5012
1370225649323,5015,/updatelava.php,200,OK,Thread Group 1-58,text,true,191,5015
1370225649356,5069,/updatelava.php,200,OK,Thread Group 1-60,text,true,191,5069
1370225649390,5132,/updatelava.php,200,OK,Thread Group 1-6,text,true,191,5132
1370225649510,5082,/updatelava.php,200,OK,Thread Group 1-61,text,true,191,5082
1370225649547,5131,/updatelava.php,200,OK,Thread Group 1-54,text,true,191,5131
1370225649596,5170,/updatelava.php,200,OK,Thread Group 1-63,text,true,191,5170
1370225649654,5155,/updatelava.php,200,OK,Thread Group 1-65,text,true,191,5155
1370225649692,5225,/updatelava.php,200,OK,Thread Group 1-64,text,true,191,5225
1370225649733,5235,/updatelava.php,200,OK,Thread Group 1-62,text,true,191,5235
1370225649756,5248,/updatelava.php,200,OK,Thread Group 1-66,text,true,191,5248
1370225649810,5237,/updatelava.php,200,OK,Thread Group 1-67,text,true,191,5237
1370225649837,5235,/updatelava.php,200,OK,Thread Group 1-70,text,true,191,5235
1370225649875,5299,/updatelava.php,200,OK,Thread Group 1-72,text,true,191,5299
1370225649896,5328,/updatelava.php,200,OK,Thread Group 1-71,text,true,191,5328
1370225649925,5327,/updatelava.php,200,OK,Thread Group 1-69,text,true,191,5327
1370225649969,5300,/updatelava.php,200,OK,Thread Group 1-68,text,true,191,5300
1370225649993,5305,/updatelava.php,200,OK,Thread Group 1-74,text,true,191,5305
1370225650025,5306,/updatelava.php,200,OK,Thread Group 1-73,text,true,191,5306
1370225650073,5298,/updatelava.php,200,OK,Thread Group 1-9,text,true,191,5298
1370225650116,5288,/updatelava.php,200,OK,Thread Group 1-77,text,true,191,5288
1370225650148,5285,/updatelava.php,200,OK,Thread Group 1-76,text,true,191,5285
1370225650187,5281,/updatelava.php,200,OK,Thread Group 1-75,text,true,191,5281
1370225650293,5210,/updatelava.php,200,OK,Thread Group 1-78,text,true,191,5210
1370225650327,5239,/updatelava.php,200,OK,Thread Group 1-7,text,true,191,5239
1370225650379,5212,/updatelava.php,200,OK,Thread Group 1-79,text,true,191,5212
1370225650408,5287,/updatelava.php,200,OK,Thread Group 1-82,text,true,191,5287
1370225650433,5307,/updatelava.php,200,OK,Thread Group 1-80,text,true,191,5307
1370225650465,5312,/updatelava.php,200,OK,Thread Group 1-81,text,true,191,5312
1370225650500,5384,/updatelava.php,200,OK,Thread Group 1-83,text,true,191,5384
1370225650528,5406,/updatelava.php,200,OK,Thread Group 1-85,text,true,191,5406
1370225650557,5417,/updatelava.php,200,OK,Thread Group 1-87,text,true,191,5417
1370225650605,5401,/updatelava.php,200,OK,Thread Group 1-86,text,true,191,5401
1370225650767,5274,/updatelava.php,200,OK,Thread Group 1-84,text,true,191,5274
1370225650811,5259,/updatelava.php,200,OK,Thread Group 1-88,text,true,191,5259
1370225650874,5230,/updatelava.php,200,OK,Thread Group 1-89,text,true,191,5230
1370225650901,5237,/updatelava.php,200,OK,Thread Group 1-92,text,true,191,5237
1370225650911,5270,/updatelava.php,200,OK,Thread Group 1-90,text,true,191,5270
1370225650930,5307,/updatelava.php,200,OK,Thread Group 1-91,text,true,191,5307
1370225650994,5388,/updatelava.php,200,OK,Thread Group 1-8,text,true,191,5388
1370225651070,5343,/updatelava.php,200,OK,Thread Group 1-93,text,true,191,5343
1370225651077,5362,/updatelava.php,200,OK,Thread Group 1-94,text,true,191,5362
1370225651113,5356,/updatelava.php,200,OK,Thread Group 1-95,text,true,191,5356
1370225651116,5380,/updatelava.php,200,OK,Thread Group 1-97,text,true,191,5380
1370225651194,5330,/updatelava.php,200,OK,Thread Group 1-96,text,true,191,5330
1370225651275,5281,/updatelava.php,200,OK,Thread Group 1-98,text,true,191,5281
1370225651308,5279,/updatelava.php,200,OK,Thread Group 1-100,text,true,191,5279
1370225651392,5302,/updatelava.php,200,OK,Thread Group 1-10,text,true,191,5302
1370225651404,5339,/updatelava.php,200,OK,Thread Group 1-11,text,true,191,5339
1370225651576,5203,/updatelava.php,200,OK,Thread Group 1-12,text,true,191,5203
1370225651609,5227,/updatelava.php,200,OK,Thread Group 1-99,text,true,191,5227
1370225651658,5208,/updatelava.php,200,OK,Thread Group 1-13,text,true,191,5208
1370225651690,5206,/updatelava.php,200,OK,Thread Group 1-15,text,true,191,5206
1370225651778,5151,/updatelava.php,200,OK,Thread Group 1-19,text,true,191,5151
1370225651829,5135,/updatelava.php,200,OK,Thread Group 1-14,text,true,191,5135
1370225651899,5090,/updatelava.php,200,OK,Thread Group 1-18,text,true,191,5090
1370225651952,5075,/updatelava.php,200,OK,Thread Group 1-16,text,true,191,5075
1370225652016,5106,/updatelava.php,200,OK,Thread Group 1-3,text,true,191,5106
1370225652039,5128,/updatelava.php,200,OK,Thread Group 1-17,text,true,191,5128
1370225652107,5106,/updatelava.php,200,OK,Thread Group 1-21,text,true,191,5106
1370225652159,5080,/updatelava.php,200,OK,Thread Group 1-22,text,true,191,5080
1370225652159,5134,/updatelava.php,200,OK,Thread Group 1-20,text,true,191,5134
1370225652186,5212,/updatelava.php,200,OK,Thread Group 1-23,text,true,191,5212
1370225652232,5247,/updatelava.php,200,OK,Thread Group 1-25,text,true,191,5247
1370225652306,5209,/updatelava.php,200,OK,Thread Group 1-27,text,true,191,5209
1370225652306,5243,/updatelava.php,200,OK,Thread Group 1-26,text,true,191,5243
1370225652328,5252,/updatelava.php,200,OK,Thread Group 1-24,text,true,191,5252
1370225652373,5235,/updatelava.php,200,OK,Thread Group 1-28,text,true,191,5235
1370225652456,5184,/updatelava.php,200,OK,Thread Group 1-30,text,true,191,5184
1370225652566,5118,/updatelava.php,200,OK,Thread Group 1-31,text,true,191,5118
1370225652586,5126,/updatelava.php,200,OK,Thread Group 1-4,text,true,191,5126
1370225652674,5082,/updatelava.php,200,OK,Thread Group 1-34,text,true,191,5082
1370225652676,5205,/updatelava.php,200,OK,Thread Group 1-33,text,true,191,5205
1370225652785,5133,/updatelava.php,200,OK,Thread Group 1-35,text,true,191,5133
1370225652803,5152,/updatelava.php,200,OK,Thread Group 1-36,text,true,191,5152
1370225652989,5110,/updatelava.php,200,OK,Thread Group 1-29,text,true,191,5110
1370225653306,4835,/updatelava.php,200,OK,Thread Group 1-2,text,true,191,4835
1370225653335,4855,/updatelava.php,200,OK,Thread Group 1-38,text,true,191,4855
1370225653607,4740,/updatelava.php,200,OK,Thread Group 1-32,text,true,191,4740
1370225653611,4767,/updatelava.php,200,OK,Thread Group 1-37,text,true,191,4767
1370225653611,4807,/updatelava.php,200,OK,Thread Group 1-39,text,true,191,4807
1370225653725,4736,/updatelava.php,200,OK,Thread Group 1-42,text,true,191,4736
1370225653725,4761,/updatelava.php,200,OK,Thread Group 1-40,text,true,191,4761
1370225653781,4750,/updatelava.php,200,OK,Thread Group 1-41,text,true,191,4750
1370225653781,4786,/updatelava.php,200,OK,Thread Group 1-44,text,true,191,4786
1370225653871,4730,/updatelava.php,200,OK,Thread Group 1-43,text,true,191,4730
1370225653919,4722,/updatelava.php,200,OK,Thread Group 1-46,text,true,191,4722
1370225653961,4848,/updatelava.php,200,OK,Thread Group 1-47,text,true,191,4848
1370225653960,4898,/updatelava.php,200,OK,Thread Group 1-48,text,true,191,4898
1370225653960,4932,/updatelava.php,200,OK,Thread Group 1-45,text,true,191,4932
1370225653988,4940,/updatelava.php,200,OK,Thread Group 1-51,text,true,191,4940
1370225654074,4896,/updatelava.php,200,OK,Thread Group 1-49,text,true,191,4896
1370225654188,4813,/updatelava.php,200,OK,Thread Group 1-52,text,true,191,4813
1370225654204,4846,/updatelava.php,200,OK,Thread Group 1-53,text,true,191,4846
1370225654207,4862,/updatelava.php,200,OK,Thread Group 1-1,text,true,191,4862
1370225654231,4872,/updatelava.php,200,OK,Thread Group 1-56,text,true,191,4872
1370225653985,5247,/updatelava.php,200,OK,Thread Group 1-50,text,true,191,5247
1370225654252,5017,/updatelava.php,200,OK,Thread Group 1-55,text,true,191,5017
1370225654257,5048,/updatelava.php,200,OK,Thread Group 1-5,text,true,191,5048
1370225654273,5089,/updatelava.php,200,OK,Thread Group 1-57,text,true,191,5089
1370225654341,5083,/updatelava.php,200,OK,Thread Group 1-58,text,true,191,5083
1370225654428,5033,/updatelava.php,200,OK,Thread Group 1-60,text,true,191,5033
1370225654295,5206,/updatelava.php,200,OK,Thread Group 1-59,text,true,191,5206
1370225654525,5020,/updatelava.php,200,OK,Thread Group 1-6,text,true,191,5020
1370225654595,4994,/updatelava.php,200,OK,Thread Group 1-61,text,true,191,4994
1370225654681,4946,/updatelava.php,200,OK,Thread Group 1-54,text,true,191,4946
1370225654770,4918,/updatelava.php,200,OK,Thread Group 1-63,text,true,191,4918
1370225654812,4919,/updatelava.php,200,OK,Thread Group 1-65,text,true,191,4919
1370225654920,4930,/updatelava.php,200,OK,Thread Group 1-64,text,true,191,4930
1370225654972,4939,/updatelava.php,200,OK,Thread Group 1-62,text,true,191,4939
1370225655006,5067,/updatelava.php,200,OK,Thread Group 1-66,text,true,191,5067
1370225655051,5060,/updatelava.php,200,OK,Thread Group 1-67,text,true,191,5060
1370225655076,5085,/updatelava.php,200,OK,Thread Group 1-70,text,true,191,5085
1370225655177,5039,/updatelava.php,200,OK,Thread Group 1-72,text,true,191,5039
1370225655227,5052,/updatelava.php,200,OK,Thread Group 1-71,text,true,191,5052
1370225655254,5139,/updatelava.php,200,OK,Thread Group 1-69,text,true,191,5139
1370225655271,5173,/updatelava.php,200,OK,Thread Group 1-68,text,true,191,5173
1370225655301,5200,/updatelava.php,200,OK,Thread Group 1-74,text,true,191,5200
1370225655335,5264,/updatelava.php,200,OK,Thread Group 1-73,text,true,191,5264
1370225655374,5260,/updatelava.php,200,OK,Thread Group 1-9,text,true,191,5260
1370225655407,5248,/updatelava.php,200,OK,Thread Group 1-77,text,true,191,5248
1370225655436,5245,/updatelava.php,200,OK,Thread Group 1-76,text,true,191,5245
1370225655471,5239,/updatelava.php,200,OK,Thread Group 1-75,text,true,191,5239
1370225655505,5241,/updatelava.php,200,OK,Thread Group 1-78,text,true,191,5241
1370225655569,5204,/updatelava.php,200,OK,Thread Group 1-7,text,true,191,5204
1370225655593,5210,/updatelava.php,200,OK,Thread Group 1-79,text,true,191,5210
1370225655697,5226,/updatelava.php,200,OK,Thread Group 1-82,text,true,191,5226
1370225655742,5224,/updatelava.php,200,OK,Thread Group 1-80,text,true,191,5224
1370225655779,5276,/updatelava.php,200,OK,Thread Group 1-81,text,true,191,5276
1370225655886,5218,/updatelava.php,200,OK,Thread Group 1-83,text,true,191,5218
1370225655937,5201,/updatelava.php,200,OK,Thread Group 1-85,text,true,191,5201
1370225655978,5211,/updatelava.php,200,OK,Thread Group 1-87,text,true,191,5211
1370225656008,5222,/updatelava.php,200,OK,Thread Group 1-86,text,true,191,5222
1370225656044,5221,/updatelava.php,200,OK,Thread Group 1-84,text,true,191,5221
1370225656071,5256,/updatelava.php,200,OK,Thread Group 1-88,text,true,191,5256
1370225656105,5292,/updatelava.php,200,OK,Thread Group 1-89,text,true,191,5292
1370225656140,5347,/updatelava.php,200,OK,Thread Group 1-92,text,true,191,5347
1370225656183,5337,/updatelava.php,200,OK,Thread Group 1-90,text,true,191,5337
1370225656239,5365,/updatelava.php,200,OK,Thread Group 1-91,text,true,191,5365
1370225656383,5284,/updatelava.php,200,OK,Thread Group 1-8,text,true,191,5284
1370225656415,5288,/updatelava.php,200,OK,Thread Group 1-93,text,true,191,5288
1370225656470,5266,/updatelava.php,200,OK,Thread Group 1-95,text,true,191,5266
1370225656525,5245,/updatelava.php,200,OK,Thread Group 1-96,text,true,191,5245
1370225656498,5319,/updatelava.php,200,OK,Thread Group 1-97,text,true,191,5319
1370225656441,5402,/updatelava.php,200,OK,Thread Group 1-94,text,true,191,5402
1370225656557,5326,/updatelava.php,200,OK,Thread Group 1-98,text,true,191,5326
1370225656589,5338,/updatelava.php,200,OK,Thread Group 1-100,text,true,191,5338
1370225656696,5269,/updatelava.php,200,OK,Thread Group 1-10,text,true,191,5269
1370225656744,5269,/updatelava.php,200,OK,Thread Group 1-11,text,true,191,5269
1370225656780,5271,/updatelava.php,200,OK,Thread Group 1-12,text,true,191,5271
1370225656839,5270,/updatelava.php,200,OK,Thread Group 1-99,text,true,191,5270
1370225656867,5280,/updatelava.php,200,OK,Thread Group 1-13,text,true,191,5280
1370225656898,5343,/updatelava.php,200,OK,Thread Group 1-15,text,true,191,5343
1370225656991,5296,/updatelava.php,200,OK,Thread Group 1-18,text,true,191,5296
1370225657028,5311,/updatelava.php,200,OK,Thread Group 1-16,text,true,191,5311
1370225657123,5254,/updatelava.php,200,OK,Thread Group 1-3,text,true,191,5254
1370225657169,5245,/updatelava.php,200,OK,Thread Group 1-17,text,true,191,5245
1370225657215,5241,/updatelava.php,200,OK,Thread Group 1-21,text,true,191,5241
1370225656966,5527,/updatelava.php,200,OK,Thread Group 1-14,text,true,191,5527
1370225657242,5287,/updatelava.php,200,OK,Thread Group 1-22,text,true,191,5287
1370225657295,5278,/updatelava.php,200,OK,Thread Group 1-20,text,true,191,5278
1370225656930,5750,/updatelava.php,200,OK,Thread Group 1-19,text,true,191,5750
1370225657399,5402,/updatelava.php,200,OK,Thread Group 1-23,text,true,191,5402
1370225657481,5399,/updatelava.php,200,OK,Thread Group 1-25,text,true,191,5399
1370225657517,5401,/updatelava.php,200,OK,Thread Group 1-27,text,true,191,5401
1370225657550,5424,/updatelava.php,200,OK,Thread Group 1-26,text,true,191,5424
1370225657581,5523,/updatelava.php,200,OK,Thread Group 1-24,text,true,191,5523
1370225657609,5546,/updatelava.php,200,OK,Thread Group 1-28,text,true,191,5546
1370225657642,5568,/updatelava.php,200,OK,Thread Group 1-30,text,true,191,5568
1370225657686,5569,/updatelava.php,200,OK,Thread Group 1-31,text,true,191,5569
1370225657714,5601,/updatelava.php,200,OK,Thread Group 1-4,text,true,191,5601
1370225657758,5654,/updatelava.php,200,OK,Thread Group 1-34,text,true,191,5654
1370225657882,5666,/updatelava.php,200,OK,Thread Group 1-33,text,true,191,5666
1370225658101,5503,/updatelava.php,200,OK,Thread Group 1-29,text,true,191,5503
1370225657920,5722,/updatelava.php,200,OK,Thread Group 1-35,text,true,191,5722
1370225658143,5559,/updatelava.php,200,OK,Thread Group 1-2,text,true,191,5559
1370225657956,5778,/updatelava.php,200,OK,Thread Group 1-36,text,true,191,5778
1370225658191,5582,/updatelava.php,200,OK,Thread Group 1-38,text,true,191,5582
1370225658348,5485,/updatelava.php,200,OK,Thread Group 1-32,text,true,191,5485
1370225658379,5502,/updatelava.php,200,OK,Thread Group 1-37,text,true,191,5502
1370225658419,5511,/updatelava.php,200,OK,Thread Group 1-39,text,true,191,5511
1370225658462,5633,/updatelava.php,200,OK,Thread Group 1-42,text,true,191,5633
1370225658533,5586,/updatelava.php,200,OK,Thread Group 1-41,text,true,191,5586
1370225658569,5596,/updatelava.php,200,OK,Thread Group 1-44,text,true,191,5596
1370225658603,5596,/updatelava.php,200,OK,Thread Group 1-43,text,true,191,5596
1370225658488,5767,/updatelava.php,200,OK,Thread Group 1-40,text,true,191,5767
1370225658643,5661,/updatelava.php,200,OK,Thread Group 1-46,text,true,191,5661
1370225658811,5534,/updatelava.php,200,OK,Thread Group 1-47,text,true,191,5534
1370225658860,5523,/updatelava.php,200,OK,Thread Group 1-48,text,true,191,5523
1370225658894,5635,/updatelava.php,200,OK,Thread Group 1-45,text,true,191,5635
1370225658930,5635,/updatelava.php,200,OK,Thread Group 1-51,text,true,191,5635
1370225658972,5668,/updatelava.php,200,OK,Thread Group 1-49,text,true,191,5668
1370225659002,5843,/updatelava.php,200,OK,Thread Group 1-52,text,true,191,5843
1370225659051,5848,/updatelava.php,200,OK,Thread Group 1-53,text,true,191,5848
1370225659071,5854,/updatelava.php,200,OK,Thread Group 1-1,text,true,191,5854
1370225659104,5854,/updatelava.php,200,OK,Thread Group 1-56,text,true,191,5854
1370225659270,5718,/updatelava.php,200,OK,Thread Group 1-55,text,true,191,5718
1370225659307,5714,/updatelava.php,200,OK,Thread Group 1-5,text,true,191,5714
1370225659364,5708,/updatelava.php,200,OK,Thread Group 1-57,text,true,191,5708
1370225659426,5693,/updatelava.php,200,OK,Thread Group 1-58,text,true,191,5693
1370225659233,5996,/updatelava.php,200,OK,Thread Group 1-50,text,true,191,5996
1370225659463,5805,/updatelava.php,200,OK,Thread Group 1-60,text,true,191,5805
1370225659503,5813,/updatelava.php,200,OK,Thread Group 1-59,text,true,191,5813
1370225659547,5795,/updatelava.php,200,OK,Thread Group 1-6,text,true,191,5795
1370225659590,5781,/updatelava.php,200,OK,Thread Group 1-61,text,true,191,5781
1370225659628,5777,/updatelava.php,200,OK,Thread Group 1-54,text,true,191,5777
1370225659690,5759,/updatelava.php,200,OK,Thread Group 1-63,text,true,191,5759
1370225659732,5764,/updatelava.php,200,OK,Thread Group 1-65,text,true,191,5764
1370225659852,5680,/updatelava.php,200,OK,Thread Group 1-64,text,true,191,5680
1370225659912,5742,/updatelava.php,200,OK,Thread Group 1-62,text,true,191,5742
1370225660076,5630,/updatelava.php,200,OK,Thread Group 1-66,text,true,191,5630
1370225660112,5681,/updatelava.php,200,OK,Thread Group 1-67,text,true,191,5681
1370225660163,5671,/updatelava.php,200,OK,Thread Group 1-70,text,true,191,5671
1370225660218,5720,/updatelava.php,200,OK,Thread Group 1-72,text,true,191,5720
1370225660280,5690,/updatelava.php,200,OK,Thread Group 1-71,text,true,191,5690
1370225660395,5606,/updatelava.php,200,OK,Thread Group 1-69,text,true,191,5606
1370225660445,5585,/updatelava.php,200,OK,Thread Group 1-68,text,true,191,5585
1370225660502,5569,/updatelava.php,200,OK,Thread Group 1-74,text,true,191,5569
1370225660601,5501,/updatelava.php,200,OK,Thread Group 1-73,text,true,191,5501
1370225660636,5501,/updatelava.php,200,OK,Thread Group 1-9,text,true,191,5501
1370225660656,5512,/updatelava.php,200,OK,Thread Group 1-77,text,true,191,5512
1370225660712,5491,/updatelava.php,200,OK,Thread Group 1-75,text,true,191,5491
1370225660749,5500,/updatelava.php,200,OK,Thread Group 1-78,text,true,191,5500
1370225660776,5506,/updatelava.php,200,OK,Thread Group 1-7,text,true,191,5506
1370225660682,5646,/updatelava.php,200,OK,Thread Group 1-76,text,true,191,5646
1370225660805,5574,/updatelava.php,200,OK,Thread Group 1-79,text,true,191,5574
1370225660925,5498,/updatelava.php,200,OK,Thread Group 1-82,text,true,191,5498
1370225660968,5500,/updatelava.php,200,OK,Thread Group 1-80,text,true,191,5500
1370225661056,5441,/updatelava.php,200,OK,Thread Group 1-81,text,true,191,5441
1370225661107,5422,/updatelava.php,200,OK,Thread Group 1-83,text,true,191,5422
1370225661140,5422,/updatelava.php,200,OK,Thread Group 1-85,text,true,191,5422
1370225661192,5397,/updatelava.php,200,OK,Thread Group 1-87,text,true,191,5397
1370225661233,5387,/updatelava.php,200,OK,Thread Group 1-86,text,true,191,5387
1370225661267,5402,/updatelava.php,200,OK,Thread Group 1-84,text,true,191,5402
1370225661330,5371,/updatelava.php,200,OK,Thread Group 1-88,text,true,191,5371
1370225661400,5335,/updatelava.php,200,OK,Thread Group 1-89,text,true,191,5335
1370225661490,5276,/updatelava.php,200,OK,Thread Group 1-92,text,true,191,5276
1370225661523,5276,/updatelava.php,200,OK,Thread Group 1-90,text,true,191,5276
1370225661609,5228,/updatelava.php,200,OK,Thread Group 1-91,text,true,191,5228
1370225661671,5194,/updatelava.php,200,OK,Thread Group 1-8,text,true,191,5194
1370225661708,5193,/updatelava.php,200,OK,Thread Group 1-93,text,true,191,5193
1370225661741,5210,/updatelava.php,200,OK,Thread Group 1-95,text,true,191,5210
1370225661775,5272,/updatelava.php,200,OK,Thread Group 1-96,text,true,191,5272
1370225661821,5338,/updatelava.php,200,OK,Thread Group 1-97,text,true,191,5338
1370225661848,5413,/updatelava.php,200,OK,Thread Group 1-94,text,true,191,5413
1370225661887,5407,/updatelava.php,200,OK,Thread Group 1-98,text,true,191,5407
1370225661931,5398,/updatelava.php,200,OK,Thread Group 1-100,text,true,191,5398
1370225661969,5393,/updatelava.php,200,OK,Thread Group 1-10,text,true,191,5393
1370225662017,5378,/updatelava.php,200,OK,Thread Group 1-11,text,true,191,5378
1370225662056,5367,/updatelava.php,200,OK,Thread Group 1-12,text,true,191,5367
1370225662112,5371,/updatelava.php,200,OK,Thread Group 1-99,text,true,191,5371
1370225662151,5377,/updatelava.php,200,OK,Thread Group 1-13,text,true,191,5377
1370225662245,5317,/updatelava.php,200,OK,Thread Group 1-15,text,true,191,5317
1370225662291,5379,/updatelava.php,200,OK,Thread Group 1-18,text,true,191,5379
1370225662343,5372,/updatelava.php,200,OK,Thread Group 1-16,text,true,191,5372
1370225662381,5412,/updatelava.php,200,OK,Thread Group 1-3,text,true,191,5412
1370225662418,5506,/updatelava.php,200,OK,Thread Group 1-17,text,true,191,5506
1370225662459,5526,/updatelava.php,200,OK,Thread Group 1-21,text,true,191,5526
1370225662498,5539,/updatelava.php,200,OK,Thread Group 1-14,text,true,191,5539
1370225662532,5569,/updatelava.php,200,OK,Thread Group 1-22,text,true,191,5569
1370225662578,5551,/updatelava.php,200,OK,Thread Group 1-20,text,true,191,5551
1370225662684,5496,/updatelava.php,200,OK,Thread Group 1-19,text,true,191,5496
1370225662805,5439,/updatelava.php,200,OK,Thread Group 1-23,text,true,191,5439
1370225662884,5416,/updatelava.php,200,OK,Thread Group 1-25,text,true,191,5416
1370225662923,5421,/updatelava.php,200,OK,Thread Group 1-27,text,true,191,5421
1370225662980,5401,/updatelava.php,200,OK,Thread Group 1-26,text,true,191,5401
1370225663108,5370,/updatelava.php,200,OK,Thread Group 1-24,text,true,191,5370
1370225663159,5358,/updatelava.php,200,OK,Thread Group 1-28,text,true,191,5358
1370225663214,5366,/updatelava.php,200,OK,Thread Group 1-30,text,true,191,5366
1370225663259,5349,/updatelava.php,200,OK,Thread Group 1-31,text,true,191,5349
1370225663319,5318,/updatelava.php,200,OK,Thread Group 1-4,text,true,191,5318
1370225663416,5252,/updatelava.php,200,OK,Thread Group 1-34,text,true,191,5252
1370225663552,5147,/updatelava.php,200,OK,Thread Group 1-33,text,true,191,5147
1370225663607,5121,/updatelava.php,200,OK,Thread Group 1-29,text,true,191,5121
1370225663647,5109,/updatelava.php,200,OK,Thread Group 1-35,text,true,191,5109
1370225663706,5081,/updatelava.php,200,OK,Thread Group 1-2,text,true,191,5081
1370225663738,5083,/updatelava.php,200,OK,Thread Group 1-36,text,true,191,5083
1370225663777,5140,/updatelava.php,200,OK,Thread Group 1-38,text,true,191,5140
1370225663837,5129,/updatelava.php,200,OK,Thread Group 1-32,text,true,191,5129
1370225663885,5114,/updatelava.php,200,OK,Thread Group 1-37,text,true,191,5114
1370225663934,5102,/updatelava.php,200,OK,Thread Group 1-39,text,true,191,5102
1370225664098,4970,/updatelava.php,200,OK,Thread Group 1-42,text,true,191,4970
1370225664124,4982,/updatelava.php,200,OK,Thread Group 1-41,text,true,191,4982
1370225664169,4965,/updatelava.php,200,OK,Thread Group 1-44,text,true,191,4965
1370225664203,4962,/updatelava.php,200,OK,Thread Group 1-43,text,true,191,4962
1370225664259,4935,/updatelava.php,200,OK,Thread Group 1-40,text,true,191,4935
1370225664309,4923,/updatelava.php,200,OK,Thread Group 1-46,text,true,191,4923
1370225664349,4977,/updatelava.php,200,OK,Thread Group 1-47,text,true,191,4977
1370225664387,4969,/updatelava.php,200,OK,Thread Group 1-48,text,true,191,4969
1370225664533,4859,/updatelava.php,200,OK,Thread Group 1-45,text,true,191,4859
1370225664570,4853,/updatelava.php,200,OK,Thread Group 1-51,text,true,191,4853
1370225664645,4811,/updatelava.php,200,OK,Thread Group 1-49,text,true,191,4811
1370225664849,4645,/updatelava.php,200,OK,Thread Group 1-52,text,true,191,4645
1370225664903,4739,/updatelava.php,200,OK,Thread Group 1-53,text,true,191,4739
1370225664929,4773,/updatelava.php,200,OK,Thread Group 1-1,text,true,191,4773
1370225664962,4796,/updatelava.php,200,OK,Thread Group 1-56,text,true,191,4796
1370225664992,4873,/updatelava.php,200,OK,Thread Group 1-55,text,true,191,4873
1370225665025,4885,/updatelava.php,200,OK,Thread Group 1-5,text,true,191,4885
1370225665076,4959,/updatelava.php,200,OK,Thread Group 1-57,text,true,191,4959
1370225665123,4973,/updatelava.php,200,OK,Thread Group 1-58,text,true,191,4973
1370225665233,4956,/updatelava.php,200,OK,Thread Group 1-50,text,true,191,4956
1370225665272,5048,/updatelava.php,200,OK,Thread Group 1-60,text,true,191,5048
1370225665320,5116,/updatelava.php,200,OK,Thread Group 1-59,text,true,191,5116
1370225665347,5274,/updatelava.php,200,OK,Thread Group 1-6,text,true,191,5274
1370225665375,5315,/updatelava.php,200,OK,Thread Group 1-61,text,true,191,5315
1370225665409,5378,/updatelava.php,200,OK,Thread Group 1-54,text,true,191,5378
1370225665457,5372,/updatelava.php,200,OK,Thread Group 1-63,text,true,191,5372
1370225665500,5362,/updatelava.php,200,OK,Thread Group 1-65,text,true,191,5362
1370225665536,5366,/updatelava.php,200,OK,Thread Group 1-64,text,true,191,5366
1370225665658,5289,/updatelava.php,200,OK,Thread Group 1-62,text,true,191,5289
1370225665753,5342,/updatelava.php,200,OK,Thread Group 1-66,text,true,191,5342
1370225665797,5334,/updatelava.php,200,OK,Thread Group 1-67,text,true,191,5334
1370225665838,5408,/updatelava.php,200,OK,Thread Group 1-70,text,true,191,5408
1370225665942,5382,/updatelava.php,200,OK,Thread Group 1-72,text,true,191,5382
1370225665974,5388,/updatelava.php,200,OK,Thread Group 1-71,text,true,191,5388
1370225666005,5392,/updatelava.php,200,OK,Thread Group 1-69,text,true,191,5392
1370225666034,5497,/updatelava.php,200,OK,Thread Group 1-68,text,true,191,5497
1370225666075,5490,/updatelava.php,200,OK,Thread Group 1-74,text,true,191,5490
1370225666106,5506,/updatelava.php,200,OK,Thread Group 1-73,text,true,191,5506
1370225666140,5606,/updatelava.php,200,OK,Thread Group 1-9,text,true,191,5606
1370225666172,5631,/updatelava.php,200,OK,Thread Group 1-77,text,true,191,5631
1370225666207,5780,/updatelava.php,200,OK,Thread Group 1-75,text,true,191,5780
1370225666253,5780,/updatelava.php,200,OK,Thread Group 1-78,text,true,191,5780
1370225666288,5885,/updatelava.php,200,OK,Thread Group 1-7,text,true,191,5885
1370225666332,5907,/updatelava.php,200,OK,Thread Group 1-76,text,true,191,5907
1370225666385,6002,/updatelava.php,200,OK,Thread Group 1-79,text,true,191,6002
1370225666427,6020,/updatelava.php,200,OK,Thread Group 1-82,text,true,191,6020
1370225666472,6167,/updatelava.php,200,OK,Thread Group 1-80,text,true,191,6167
1370225666501,6164,/updatelava.php,200,OK,Thread Group 1-81,text,true,191,6164
1370225666532,6176,/updatelava.php,200,OK,Thread Group 1-83,text,true,191,6176
1370225666565,6269,/updatelava.php,200,OK,Thread Group 1-85,text,true,191,6269
1370225666592,6271,/updatelava.php,200,OK,Thread Group 1-87,text,true,191,6271
1370225666623,6282,/updatelava.php,200,OK,Thread Group 1-86,text,true,191,6282
1370225666671,6283,/updatelava.php,200,OK,Thread Group 1-84,text,true,191,6283
1370225666705,6452,/updatelava.php,200,OK,Thread Group 1-88,text,true,191,6452
1370225666739,6649,/updatelava.php,200,OK,Thread Group 1-89,text,true,191,6649
1370225666770,6662,/updatelava.php,200,OK,Thread Group 1-92,text,true,191,6662
1370225666802,6754,/updatelava.php,200,OK,Thread Group 1-90,text,true,191,6754
1370225666868,6766,/updatelava.php,200,OK,Thread Group 1-8,text,true,191,6766
1370225666840,6794,/updatelava.php,200,OK,Thread Group 1-91,text,true,191,6794
1370225666904,6747,/updatelava.php,200,OK,Thread Group 1-93,text,true,191,6747
1370225666955,6761,/updatelava.php,200,OK,Thread Group 1-95,text,true,191,6761
1370225667051,6780,/updatelava.php,200,OK,Thread Group 1-96,text,true,191,6780
1370225667161,6724,/updatelava.php,200,OK,Thread Group 1-97,text,true,191,6724
1370225667264,6658,/updatelava.php,200,OK,Thread Group 1-94,text,true,191,6658
1370225667297,6683,/updatelava.php,200,OK,Thread Group 1-98,text,true,191,6683
1370225667332,6685,/updatelava.php,200,OK,Thread Group 1-100,text,true,191,6685
1370225667366,6701,/updatelava.php,200,OK,Thread Group 1-10,text,true,191,6701
1370225667399,6767,/updatelava.php,200,OK,Thread Group 1-11,text,true,191,6767
1370225667426,6776,/updatelava.php,200,OK,Thread Group 1-12,text,true,191,6776
1370225667487,6754,/updatelava.php,200,OK,Thread Group 1-99,text,true,191,6754
1370225667531,6775,/updatelava.php,200,OK,Thread Group 1-13,text,true,191,6775
1370225667565,6792,/updatelava.php,200,OK,Thread Group 1-15,text,true,191,6792
1370225667673,6785,/updatelava.php,200,OK,Thread Group 1-18,text,true,191,6785
1370225667719,6815,/updatelava.php,200,OK,Thread Group 1-16,text,true,191,6815
1370225667927,6646,/updatelava.php,200,OK,Thread Group 1-17,text,true,191,6646
1370225667988,6625,/updatelava.php,200,OK,Thread Group 1-21,text,true,191,6625
1370225668040,6728,/updatelava.php,200,OK,Thread Group 1-14,text,true,191,6728
1370225668104,6709,/updatelava.php,200,OK,Thread Group 1-22,text,true,191,6709
1370225668133,6736,/updatelava.php,200,OK,Thread Group 1-20,text,true,191,6736
1370225668183,6707,/updatelava.php,200,OK,Thread Group 1-19,text,true,191,6707
1370225668248,6696,/updatelava.php,200,OK,Thread Group 1-23,text,true,191,6696
1370225668303,6708,/updatelava.php,200,OK,Thread Group 1-25,text,true,191,6708
1370225668347,6786,/updatelava.php,200,OK,Thread Group 1-27,text,true,191,6786
1370225668385,6792,/updatelava.php,200,OK,Thread Group 1-26,text,true,191,6792
1370225668483,6785,/updatelava.php,200,OK,Thread Group 1-24,text,true,191,6785
1370225668521,6839,/updatelava.php,200,OK,Thread Group 1-28,text,true,191,6839
1370225668584,6776,/updatelava.php,200,OK,Thread Group 1-30,text,true,191,6776
1370225668611,6787,/updatelava.php,200,OK,Thread Group 1-31,text,true,191,6787
1370225668671,6747,/updatelava.php,200,OK,Thread Group 1-34,text,true,191,6747
1370225668702,6766,/updatelava.php,200,OK,Thread Group 1-33,text,true,191,6766
1370225668732,6777,/updatelava.php,200,OK,Thread Group 1-29,text,true,191,6777
1370225668759,6800,/updatelava.php,200,OK,Thread Group 1-35,text,true,191,6800
1370225668824,6786,/updatelava.php,200,OK,Thread Group 1-36,text,true,191,6786
1370225668921,6857,/updatelava.php,200,OK,Thread Group 1-38,text,true,191,6857
1370225668969,6872,/updatelava.php,200,OK,Thread Group 1-32,text,true,191,6872
1370225669002,6879,/updatelava.php,200,OK,Thread Group 1-37,text,true,191,6879
1370225669039,6901,/updatelava.php,200,OK,Thread Group 1-39,text,true,191,6901
1370225669072,6926,/updatelava.php,200,OK,Thread Group 1-42,text,true,191,6926
1370225669109,6926,/updatelava.php,200,OK,Thread Group 1-41,text,true,191,6926
1370225669137,6935,/updatelava.php,200,OK,Thread Group 1-44,text,true,191,6935
1370225669168,6941,/updatelava.php,200,OK,Thread Group 1-43,text,true,191,6941
1370225669199,6959,/updatelava.php,200,OK,Thread Group 1-40,text,true,191,6959
1370225669237,7021,/updatelava.php,200,OK,Thread Group 1-46,text,true,191,7021
1370225669329,6973,/updatelava.php,200,OK,Thread Group 1-47,text,true,191,6973
1370225669359,6993,/updatelava.php,200,OK,Thread Group 1-48,text,true,191,6993
1370225669395,7018,/updatelava.php,200,OK,Thread Group 1-45,text,true,191,7018
1370225669426,7055,/updatelava.php,200,OK,Thread Group 1-51,text,true,191,7055
1370225669459,7074,/updatelava.php,200,OK,Thread Group 1-49,text,true,191,7074
1370225669498,7115,/updatelava.php,200,OK,Thread Group 1-52,text,true,191,7115
1370225669646,7021,/updatelava.php,200,OK,Thread Group 1-53,text,true,191,7021
1370225669761,6972,/updatelava.php,200,OK,Thread Group 1-56,text,true,191,6972
1370225669867,6914,/updatelava.php,200,OK,Thread Group 1-55,text,true,191,6914
1370225670038,6800,/updatelava.php,200,OK,Thread Group 1-57,text,true,191,6800
1370225670099,6803,/updatelava.php,200,OK,Thread Group 1-58,text,true,191,6803
1370225670192,6817,/updatelava.php,200,OK,Thread Group 1-50,text,true,191,6817
1370225670323,6741,/updatelava.php,200,OK,Thread Group 1-60,text,true,191,6741
1370225670438,6665,/updatelava.php,200,OK,Thread Group 1-59,text,true,191,6665
1370225670692,6464,/updatelava.php,200,OK,Thread Group 1-61,text,true,191,6464
1370225670832,6375,/updatelava.php,200,OK,Thread Group 1-63,text,true,191,6375
1370225670791,6493,/updatelava.php,200,OK,Thread Group 1-54,text,true,191,6493
1370225670865,6486,/updatelava.php,200,OK,Thread Group 1-65,text,true,191,6486
1370225670905,6541,/updatelava.php,200,OK,Thread Group 1-64,text,true,191,6541
1370225670950,6599,/updatelava.php,200,OK,Thread Group 1-62,text,true,191,6599
1370225671097,6564,/updatelava.php,200,OK,Thread Group 1-66,text,true,191,6564
1370225671134,6591,/updatelava.php,200,OK,Thread Group 1-67,text,true,191,6591
1370225671249,6505,/updatelava.php,200,OK,Thread Group 1-70,text,true,191,6505
1370225671327,6495,/updatelava.php,200,OK,Thread Group 1-72,text,true,191,6495
1370225671365,6507,/updatelava.php,200,OK,Thread Group 1-71,text,true,191,6507
1370225671400,6518,/updatelava.php,200,OK,Thread Group 1-69,text,true,191,6518
1370225671534,6421,/updatelava.php,200,OK,Thread Group 1-68,text,true,191,6421
1370225671568,6448,/updatelava.php,200,OK,Thread Group 1-74,text,true,191,6448
1370225671615,6551,/updatelava.php,200,OK,Thread Group 1-73,text,true,191,6551
1370225671805,6446,/updatelava.php,200,OK,Thread Group 1-77,text,true,191,6446
1370225671991,6426,/updatelava.php,200,OK,Thread Group 1-75,text,true,191,6426
1370225672036,6432,/updatelava.php,200,OK,Thread Group 1-78,text,true,191,6432
1370225672242,6272,/updatelava.php,200,OK,Thread Group 1-76,text,true,191,6272
1370225672390,6235,/updatelava.php,200,OK,Thread Group 1-79,text,true,191,6235
1370225672450,6274,/updatelava.php,200,OK,Thread Group 1-82,text,true,191,6274
1370225672642,6111,/updatelava.php,200,OK,Thread Group 1-80,text,true,191,6111
1370225672668,6132,/updatelava.php,200,OK,Thread Group 1-81,text,true,191,6132
1370225672710,6154,/updatelava.php,200,OK,Thread Group 1-83,text,true,191,6154
1370225672837,6065,/updatelava.php,200,OK,Thread Group 1-85,text,true,191,6065
1370225672866,6075,/updatelava.php,200,OK,Thread Group 1-87,text,true,191,6075
1370225672908,6087,/updatelava.php,200,OK,Thread Group 1-86,text,true,191,6087
1370225672958,6153,/updatelava.php,200,OK,Thread Group 1-84,text,true,191,6153
1370225673160,6001,/updatelava.php,200,OK,Thread Group 1-88,text,true,191,6001
1370225673392,5829,/updatelava.php,200,OK,Thread Group 1-89,text,true,191,5829
1370225673435,5830,/updatelava.php,200,OK,Thread Group 1-92,text,true,191,5830
1370225673560,5872,/updatelava.php,200,OK,Thread Group 1-90,text,true,191,5872
1370225673638,5878,/updatelava.php,200,OK,Thread Group 1-91,text,true,191,5878
1370225673654,5898,/updatelava.php,200,OK,Thread Group 1-93,text,true,191,5898
1370225673719,5903,/updatelava.php,200,OK,Thread Group 1-95,text,true,191,5903
1370225673834,5926,/updatelava.php,200,OK,Thread Group 1-96,text,true,191,5926
1370225673890,5919,/updatelava.php,200,OK,Thread Group 1-97,text,true,191,5919
1370225673925,5981,/updatelava.php,200,OK,Thread Group 1-94,text,true,191,5981
1370225673983,5972,/updatelava.php,200,OK,Thread Group 1-98,text,true,191,5972
1370225674020,5973,/updatelava.php,200,OK,Thread Group 1-100,text,true,191,5973
1370225674244,5767,/updatelava.php,200,OK,Thread Group 1-99,text,true,191,5767
