1370228367914,1486,/lavasearch.php,200,OK,Thread Group 1-3,text,true,2808,1486
1370228367906,1553,/lavasearch.php,200,OK,Thread Group 1-2,text,true,2808,1553
1370228367895,1701,/lavasearch.php,200,OK,Thread Group 1-1,text,true,2808,1701
1370228367925,1704,/lavasearch.php,200,OK,Thread Group 1-4,text,true,2808,1704
1370228367943,1708,/lavasearch.php,200,OK,Thread Group 1-6,text,true,2808,1708
1370228367933,1763,/lavasearch.php,200,OK,Thread Group 1-5,text,true,2808,1763
1370228367953,1799,/lavasearch.php,200,OK,Thread Group 1-7,text,true,2808,1799
1370228367967,1881,/lavasearch.php,200,OK,Thread Group 1-8,text,true,2808,1881
1370228367976,2205,/lavasearch.php,200,OK,Thread Group 1-9,text,true,2808,2205
1370228367985,2223,/lavasearch.php,200,OK,Thread Group 1-10,text,true,2808,2223
1370228367994,2260,/lavasearch.php,200,OK,Thread Group 1-11,text,true,2808,2260
1370228368007,2262,/lavasearch.php,200,OK,Thread Group 1-12,text,true,2808,2262
1370228368015,2292,/lavasearch.php,200,OK,Thread Group 1-13,text,true,2808,2292
1370228368024,2521,/lavasearch.php,200,OK,Thread Group 1-14,text,true,2808,2521
1370228368035,2534,/lavasearch.php,200,OK,Thread Group 1-15,text,true,2808,2534
1370228368046,2672,/lavasearch.php,200,OK,Thread Group 1-16,text,true,2808,2672
1370228368055,2928,/lavasearch.php,200,OK,Thread Group 1-17,text,true,2808,2928
1370228368075,2926,/lavasearch.php,200,OK,Thread Group 1-19,text,true,2808,2926
1370228368065,3035,/lavasearch.php,200,OK,Thread Group 1-18,text,true,2808,3035
1370228368107,3050,/lavasearch.php,200,OK,Thread Group 1-22,text,true,2808,3050
1370228368086,3211,/lavasearch.php,200,OK,Thread Group 1-20,text,true,2808,3211
1370228368097,3382,/lavasearch.php,200,OK,Thread Group 1-21,text,true,2808,3382
1370228368117,3396,/lavasearch.php,200,OK,Thread Group 1-23,text,true,2808,3396
1370228368147,3392,/lavasearch.php,200,OK,Thread Group 1-26,text,true,2808,3392
1370228368127,3480,/lavasearch.php,200,OK,Thread Group 1-24,text,true,2808,3480
1370228368137,3486,/lavasearch.php,200,OK,Thread Group 1-25,text,true,2808,3486
1370228368177,3484,/lavasearch.php,200,OK,Thread Group 1-29,text,true,2808,3484
1370228368157,3523,/lavasearch.php,200,OK,Thread Group 1-27,text,true,2808,3523
1370228368167,3522,/lavasearch.php,200,OK,Thread Group 1-28,text,true,2808,3522
1370228368188,3516,/lavasearch.php,200,OK,Thread Group 1-30,text,true,2808,3516
1370228368198,3510,/lavasearch.php,200,OK,Thread Group 1-31,text,true,2808,3510
1370228368209,3624,/lavasearch.php,200,OK,Thread Group 1-32,text,true,2808,3624
1370228368241,3694,/lavasearch.php,200,OK,Thread Group 1-35,text,true,2808,3694
1370228368230,3723,/lavasearch.php,200,OK,Thread Group 1-34,text,true,2808,3723
1370228368219,3774,/lavasearch.php,200,OK,Thread Group 1-33,text,true,2808,3774
1370228368250,3783,/lavasearch.php,200,OK,Thread Group 1-36,text,true,2808,3783
1370228368260,3888,/lavasearch.php,200,OK,Thread Group 1-37,text,true,2808,3888
1370228368271,3892,/lavasearch.php,200,OK,Thread Group 1-38,text,true,2808,3892
1370228368292,3906,/lavasearch.php,200,OK,Thread Group 1-40,text,true,2808,3906
1370228368301,3911,/lavasearch.php,200,OK,Thread Group 1-41,text,true,2808,3911
1370228368280,3952,/lavasearch.php,200,OK,Thread Group 1-39,text,true,2808,3952
1370228368310,4210,/lavasearch.php,200,OK,Thread Group 1-42,text,true,2808,4210
1370228368320,4214,/lavasearch.php,200,OK,Thread Group 1-43,text,true,2808,4214
1370228368331,4285,/lavasearch.php,200,OK,Thread Group 1-44,text,true,2808,4285
1370228368341,4290,/lavasearch.php,200,OK,Thread Group 1-45,text,true,2808,4290
1370228368351,4289,/lavasearch.php,200,OK,Thread Group 1-46,text,true,2808,4289
1370228368373,4276,/lavasearch.php,200,OK,Thread Group 1-48,text,true,2808,4276
1370228368362,4295,/lavasearch.php,200,OK,Thread Group 1-47,text,true,2808,4295
1370228368383,4279,/lavasearch.php,200,OK,Thread Group 1-49,text,true,2808,4279
1370228368394,4271,/lavasearch.php,200,OK,Thread Group 1-50,text,true,2808,4271
1370228368403,4268,/lavasearch.php,200,OK,Thread Group 1-51,text,true,2808,4268
1370228368423,4565,/lavasearch.php,200,OK,Thread Group 1-53,text,true,2808,4565
1370228368413,4608,/lavasearch.php,200,OK,Thread Group 1-52,text,true,2808,4608
1370228369404,3620,/lavasearch.php,200,OK,Thread Group 1-3,text,true,2808,3620
1370228368443,4704,/lavasearch.php,200,OK,Thread Group 1-55,text,true,2808,4704
1370228368433,4755,/lavasearch.php,200,OK,Thread Group 1-54,text,true,2808,4755
1370228368454,4735,/lavasearch.php,200,OK,Thread Group 1-56,text,true,2808,4735
1370228368478,4717,/lavasearch.php,200,OK,Thread Group 1-58,text,true,2808,4717
1370228368463,4751,/lavasearch.php,200,OK,Thread Group 1-57,text,true,2808,4751
1370228368488,4726,/lavasearch.php,200,OK,Thread Group 1-59,text,true,2808,4726
1370228368497,4770,/lavasearch.php,200,OK,Thread Group 1-60,text,true,2808,4770
1370228369471,3809,/lavasearch.php,200,OK,Thread Group 1-2,text,true,2808,3809
1370228368510,4875,/lavasearch.php,200,OK,Thread Group 1-61,text,true,2808,4875
1370228368526,4864,/lavasearch.php,200,OK,Thread Group 1-63,text,true,2808,4864
1370228368517,4914,/lavasearch.php,200,OK,Thread Group 1-62,text,true,2808,4914
1370228369598,3869,/lavasearch.php,200,OK,Thread Group 1-1,text,true,2808,3869
1370228368537,4965,/lavasearch.php,200,OK,Thread Group 1-64,text,true,2808,4965
1370228368549,4961,/lavasearch.php,200,OK,Thread Group 1-65,text,true,2808,4961
1370228368557,4960,/lavasearch.php,200,OK,Thread Group 1-66,text,true,2808,4960
1370228368568,4971,/lavasearch.php,200,OK,Thread Group 1-67,text,true,2808,4971
1370228368577,4983,/lavasearch.php,200,OK,Thread Group 1-68,text,true,2808,4983
1370228368588,4997,/lavasearch.php,200,OK,Thread Group 1-69,text,true,2808,4997
1370228369632,3958,/lavasearch.php,200,OK,Thread Group 1-4,text,true,2808,3958
1370228368598,4998,/lavasearch.php,200,OK,Thread Group 1-70,text,true,2808,4998
1370228368608,5011,/lavasearch.php,200,OK,Thread Group 1-71,text,true,2808,5011
1370228368618,5014,/lavasearch.php,200,OK,Thread Group 1-72,text,true,2808,5014
1370228368628,5024,/lavasearch.php,200,OK,Thread Group 1-73,text,true,2808,5024
1370228369652,4020,/lavasearch.php,200,OK,Thread Group 1-6,text,true,2808,4020
1370228368650,5035,/lavasearch.php,200,OK,Thread Group 1-75,text,true,2808,5035
1370228368641,5057,/lavasearch.php,200,OK,Thread Group 1-74,text,true,2808,5057
1370228368691,5867,/lavasearch.php,200,OK,Thread Group 1-79,text,true,2808,5867
1370228368670,5897,/lavasearch.php,200,OK,Thread Group 1-77,text,true,2808,5897
1370228368658,5917,/lavasearch.php,200,OK,Thread Group 1-76,text,true,2808,5917
1370228368680,5944,/lavasearch.php,200,OK,Thread Group 1-78,text,true,2808,5944
1370228369698,4954,/lavasearch.php,200,OK,Thread Group 1-5,text,true,2808,4954
1370228368700,6020,/lavasearch.php,200,OK,Thread Group 1-80,text,true,2808,6020
1370228368711,6020,/lavasearch.php,200,OK,Thread Group 1-81,text,true,2808,6020
1370228368751,5997,/lavasearch.php,200,OK,Thread Group 1-85,text,true,2808,5997
1370228368720,6083,/lavasearch.php,200,OK,Thread Group 1-82,text,true,2808,6083
1370228368760,6054,/lavasearch.php,200,OK,Thread Group 1-86,text,true,2808,6054
1370228368742,6090,/lavasearch.php,200,OK,Thread Group 1-84,text,true,2808,6090
1370228369754,5117,/lavasearch.php,200,OK,Thread Group 1-7,text,true,2808,5117
1370228368731,6157,/lavasearch.php,200,OK,Thread Group 1-83,text,true,2808,6157
1370228368771,6138,/lavasearch.php,200,OK,Thread Group 1-87,text,true,2808,6138
1370228368791,6137,/lavasearch.php,200,OK,Thread Group 1-89,text,true,2808,6137
1370228368782,6195,/lavasearch.php,200,OK,Thread Group 1-88,text,true,2808,6195
1370228368801,6230,/lavasearch.php,200,OK,Thread Group 1-90,text,true,2808,6230
1370228368812,6367,/lavasearch.php,200,OK,Thread Group 1-91,text,true,2808,6367
1370228368822,6364,/lavasearch.php,200,OK,Thread Group 1-92,text,true,2808,6364
1370228368842,6361,/lavasearch.php,200,OK,Thread Group 1-94,text,true,2808,6361
1370228369850,5374,/lavasearch.php,200,OK,Thread Group 1-8,text,true,2808,5374
1370228368863,6474,/lavasearch.php,200,OK,Thread Group 1-96,text,true,2808,6473
1370228368875,6476,/lavasearch.php,200,OK,Thread Group 1-97,text,true,2808,6476
1370228368854,6672,/lavasearch.php,200,OK,Thread Group 1-95,text,true,2808,6672
1370228368884,6709,/lavasearch.php,200,OK,Thread Group 1-98,text,true,2808,6709
1370228368832,6894,/lavasearch.php,200,OK,Thread Group 1-93,text,true,2808,6894
1370228368895,6870,/lavasearch.php,200,OK,Thread Group 1-99,text,true,2808,6870
1370228370182,5793,/lavasearch.php,200,OK,Thread Group 1-9,text,true,2808,5793
1370228368903,7101,/lavasearch.php,200,OK,Thread Group 1-100,text,true,2808,7101
1370228370210,5847,/lavasearch.php,200,OK,Thread Group 1-10,text,true,2808,5847
1370228370256,5881,/lavasearch.php,200,OK,Thread Group 1-11,text,true,2808,5881
1370228370270,6198,/lavasearch.php,200,OK,Thread Group 1-12,text,true,2808,6198
1370228370309,6675,/lavasearch.php,200,OK,Thread Group 1-13,text,true,2808,6675
1370228370547,6469,/lavasearch.php,200,OK,Thread Group 1-14,text,true,2808,6469
1370228370570,6511,/lavasearch.php,200,OK,Thread Group 1-15,text,true,2808,6511
1370228370720,6414,/lavasearch.php,200,OK,Thread Group 1-16,text,true,2808,6414
1370228370984,6199,/lavasearch.php,200,OK,Thread Group 1-17,text,true,2808,6199
1370228371002,6234,/lavasearch.php,200,OK,Thread Group 1-19,text,true,2808,6234
1370228371101,6179,/lavasearch.php,200,OK,Thread Group 1-18,text,true,2808,6179
1370228371158,6128,/lavasearch.php,200,OK,Thread Group 1-22,text,true,2808,6128
1370228371299,6039,/lavasearch.php,200,OK,Thread Group 1-20,text,true,2808,6039
1370228371481,5893,/lavasearch.php,200,OK,Thread Group 1-21,text,true,2808,5893
1370228371515,5869,/lavasearch.php,200,OK,Thread Group 1-23,text,true,2808,5869
1370228371541,5877,/lavasearch.php,200,OK,Thread Group 1-26,text,true,2808,5877
1370228371609,5815,/lavasearch.php,200,OK,Thread Group 1-24,text,true,2808,5815
1370228371663,5855,/lavasearch.php,200,OK,Thread Group 1-29,text,true,2808,5855
1370228371624,5920,/lavasearch.php,200,OK,Thread Group 1-25,text,true,2808,5920
1370228371691,5868,/lavasearch.php,200,OK,Thread Group 1-28,text,true,2808,5868
1370228371681,5910,/lavasearch.php,200,OK,Thread Group 1-27,text,true,2808,5910
1370228371707,5919,/lavasearch.php,200,OK,Thread Group 1-30,text,true,2808,5919
1370228371710,5945,/lavasearch.php,200,OK,Thread Group 1-31,text,true,2808,5945
1370228371835,5825,/lavasearch.php,200,OK,Thread Group 1-32,text,true,2808,5825
1370228371937,5737,/lavasearch.php,200,OK,Thread Group 1-35,text,true,2808,5737
1370228371954,5737,/lavasearch.php,200,OK,Thread Group 1-34,text,true,2808,5737
1370228371995,5710,/lavasearch.php,200,OK,Thread Group 1-33,text,true,2808,5710
1370228372035,5705,/lavasearch.php,200,OK,Thread Group 1-36,text,true,2808,5705
1370228372149,5637,/lavasearch.php,200,OK,Thread Group 1-37,text,true,2808,5637
1370228372164,5675,/lavasearch.php,200,OK,Thread Group 1-38,text,true,2808,5675
1370228372200,5783,/lavasearch.php,200,OK,Thread Group 1-40,text,true,2808,5783
1370228372213,5873,/lavasearch.php,200,OK,Thread Group 1-41,text,true,2808,5873
1370228372233,5956,/lavasearch.php,200,OK,Thread Group 1-39,text,true,2808,5956
1370228372522,5729,/lavasearch.php,200,OK,Thread Group 1-42,text,true,2808,5729
1370228372536,5773,/lavasearch.php,200,OK,Thread Group 1-43,text,true,2808,5773
1370228372617,5839,/lavasearch.php,200,OK,Thread Group 1-44,text,true,2808,5839
1370228372633,5905,/lavasearch.php,200,OK,Thread Group 1-45,text,true,2808,5905
1370228372642,5923,/lavasearch.php,200,OK,Thread Group 1-46,text,true,2808,5923
1370228372650,5970,/lavasearch.php,200,OK,Thread Group 1-48,text,true,2808,5970
1370228372660,5993,/lavasearch.php,200,OK,Thread Group 1-47,text,true,2808,5993
1370228372673,6023,/lavasearch.php,200,OK,Thread Group 1-51,text,true,2808,6023
1370228372667,6100,/lavasearch.php,200,OK,Thread Group 1-50,text,true,2808,6100
1370228372663,6133,/lavasearch.php,200,OK,Thread Group 1-49,text,true,2808,6133
1370228372990,5826,/lavasearch.php,200,OK,Thread Group 1-53,text,true,2808,5826
1370228373023,5794,/lavasearch.php,200,OK,Thread Group 1-52,text,true,2808,5794
1370228373026,5800,/lavasearch.php,200,OK,Thread Group 1-3,text,true,2808,5800
1370228373148,5742,/lavasearch.php,200,OK,Thread Group 1-55,text,true,2808,5742
1370228373190,5748,/lavasearch.php,200,OK,Thread Group 1-54,text,true,2808,5748
1370228373191,5792,/lavasearch.php,200,OK,Thread Group 1-56,text,true,2808,5792
1370228373197,5911,/lavasearch.php,200,OK,Thread Group 1-58,text,true,2808,5911
1370228373216,5956,/lavasearch.php,200,OK,Thread Group 1-57,text,true,2808,5956
1370228373216,6066,/lavasearch.php,200,OK,Thread Group 1-59,text,true,2808,6066
1370228373269,6608,/lavasearch.php,200,OK,Thread Group 1-60,text,true,2808,6608
1370228373282,6604,/lavasearch.php,200,OK,Thread Group 1-2,text,true,2808,6604
1370228373394,6517,/lavasearch.php,200,OK,Thread Group 1-63,text,true,2808,6517
1370228373387,6550,/lavasearch.php,200,OK,Thread Group 1-61,text,true,2808,6550
1370228373433,6611,/lavasearch.php,200,OK,Thread Group 1-62,text,true,2808,6611
1370228373469,6673,/lavasearch.php,200,OK,Thread Group 1-1,text,true,2808,6673
1370228373512,6659,/lavasearch.php,200,OK,Thread Group 1-65,text,true,2808,6659
1370228373519,6672,/lavasearch.php,200,OK,Thread Group 1-66,text,true,2808,6672
1370228373541,6733,/lavasearch.php,200,OK,Thread Group 1-67,text,true,2808,6733
1370228373561,6749,/lavasearch.php,200,OK,Thread Group 1-68,text,true,2808,6749
1370228373587,6798,/lavasearch.php,200,OK,Thread Group 1-69,text,true,2808,6798
1370228373593,6804,/lavasearch.php,200,OK,Thread Group 1-4,text,true,2808,6804
1370228373598,6862,/lavasearch.php,200,OK,Thread Group 1-70,text,true,2808,6862
1370228373621,6903,/lavasearch.php,200,OK,Thread Group 1-71,text,true,2808,6903
1370228373634,6902,/lavasearch.php,200,OK,Thread Group 1-72,text,true,2808,6902
1370228373687,6938,/lavasearch.php,200,OK,Thread Group 1-75,text,true,2808,6938
1370228373674,6963,/lavasearch.php,200,OK,Thread Group 1-6,text,true,2808,6963
1370228373700,6939,/lavasearch.php,200,OK,Thread Group 1-74,text,true,2808,6939
1370228373504,7232,/lavasearch.php,200,OK,Thread Group 1-64,text,true,2808,7232
1370228373654,7107,/lavasearch.php,200,OK,Thread Group 1-73,text,true,2808,7107
1370228374559,6209,/lavasearch.php,200,OK,Thread Group 1-79,text,true,2808,6209
1370228374568,6236,/lavasearch.php,200,OK,Thread Group 1-77,text,true,2808,6236
1370228374578,6235,/lavasearch.php,200,OK,Thread Group 1-76,text,true,2808,6235
1370228374626,6222,/lavasearch.php,200,OK,Thread Group 1-78,text,true,2808,6222
1370228374654,6209,/lavasearch.php,200,OK,Thread Group 1-5,text,true,2808,6209
1370228374723,6167,/lavasearch.php,200,OK,Thread Group 1-80,text,true,2808,6167
1370228374733,6166,/lavasearch.php,200,OK,Thread Group 1-81,text,true,2808,6166
1370228374749,6219,/lavasearch.php,200,OK,Thread Group 1-85,text,true,2808,6219
1370228374805,6175,/lavasearch.php,200,OK,Thread Group 1-82,text,true,2808,6175
1370228374816,6229,/lavasearch.php,200,OK,Thread Group 1-86,text,true,2808,6229
1370228374833,6275,/lavasearch.php,200,OK,Thread Group 1-84,text,true,2808,6275
1370228374873,6243,/lavasearch.php,200,OK,Thread Group 1-7,text,true,2808,6243
1370228374889,6254,/lavasearch.php,200,OK,Thread Group 1-83,text,true,2808,6254
1370228374930,6215,/lavasearch.php,200,OK,Thread Group 1-89,text,true,2808,6215
1370228374911,6241,/lavasearch.php,200,OK,Thread Group 1-87,text,true,2808,6241
1370228374980,6175,/lavasearch.php,200,OK,Thread Group 1-88,text,true,2808,6175
1370228375033,6141,/lavasearch.php,200,OK,Thread Group 1-90,text,true,2808,6141
1370228375181,6000,/lavasearch.php,200,OK,Thread Group 1-91,text,true,2808,6000
1370228375188,5996,/lavasearch.php,200,OK,Thread Group 1-92,text,true,2808,5996
1370228375206,6002,/lavasearch.php,200,OK,Thread Group 1-94,text,true,2808,6002
1370228375226,5993,/lavasearch.php,200,OK,Thread Group 1-8,text,true,2808,5993
1370228375338,5922,/lavasearch.php,200,OK,Thread Group 1-96,text,true,2808,5922
1370228375352,5957,/lavasearch.php,200,OK,Thread Group 1-97,text,true,2808,5957
1370228375527,5796,/lavasearch.php,200,OK,Thread Group 1-95,text,true,2808,5796
1370228375595,5803,/lavasearch.php,200,OK,Thread Group 1-98,text,true,2808,5803
1370228375728,5723,/lavasearch.php,200,OK,Thread Group 1-93,text,true,2808,5723
1370228375768,5704,/lavasearch.php,200,OK,Thread Group 1-99,text,true,2808,5704
1370228375976,5566,/lavasearch.php,200,OK,Thread Group 1-9,text,true,2808,5566
1370228376005,5543,/lavasearch.php,200,OK,Thread Group 1-100,text,true,2808,5543
1370228376059,5495,/lavasearch.php,200,OK,Thread Group 1-10,text,true,2808,5495
1370228376139,5431,/lavasearch.php,200,OK,Thread Group 1-11,text,true,2808,5431
1370228376469,5112,/lavasearch.php,200,OK,Thread Group 1-12,text,true,2808,5112
1370228376985,4608,/lavasearch.php,200,OK,Thread Group 1-13,text,true,2808,4608
1370228377019,4672,/lavasearch.php,200,OK,Thread Group 1-14,text,true,2808,4672
1370228377083,4762,/lavasearch.php,200,OK,Thread Group 1-15,text,true,2808,4762
1370228377135,4734,/lavasearch.php,200,OK,Thread Group 1-16,text,true,2808,4734
1370228377184,4710,/lavasearch.php,200,OK,Thread Group 1-17,text,true,2808,4710
1370228377238,4673,/lavasearch.php,200,OK,Thread Group 1-19,text,true,2808,4673
1370228377282,4655,/lavasearch.php,200,OK,Thread Group 1-18,text,true,2808,4655
1370228377287,4658,/lavasearch.php,200,OK,Thread Group 1-22,text,true,2808,4658
1370228377339,4755,/lavasearch.php,200,OK,Thread Group 1-20,text,true,2808,4755
1370228377376,4831,/lavasearch.php,200,OK,Thread Group 1-21,text,true,2808,4831
1370228377389,4879,/lavasearch.php,200,OK,Thread Group 1-23,text,true,2808,4879
1370228377426,4883,/lavasearch.php,200,OK,Thread Group 1-24,text,true,2808,4883
1370228377421,5004,/lavasearch.php,200,OK,Thread Group 1-26,text,true,2808,5004
1370228377520,4997,/lavasearch.php,200,OK,Thread Group 1-29,text,true,2808,4997
1370228377547,5064,/lavasearch.php,200,OK,Thread Group 1-25,text,true,2808,5064
1370228377562,5212,/lavasearch.php,200,OK,Thread Group 1-28,text,true,2808,5212
1370228377593,5420,/lavasearch.php,200,OK,Thread Group 1-27,text,true,2808,5420
1370228377628,5729,/lavasearch.php,200,OK,Thread Group 1-30,text,true,2808,5729
1370228377657,5743,/lavasearch.php,200,OK,Thread Group 1-31,text,true,2808,5743
1370228377662,5755,/lavasearch.php,200,OK,Thread Group 1-32,text,true,2808,5755
1370228377676,5880,/lavasearch.php,200,OK,Thread Group 1-35,text,true,2808,5880
1370228377707,5916,/lavasearch.php,200,OK,Thread Group 1-33,text,true,2808,5916
1370228377692,5996,/lavasearch.php,200,OK,Thread Group 1-34,text,true,2808,5996
1370228377742,5981,/lavasearch.php,200,OK,Thread Group 1-36,text,true,2808,5981
1370228377789,5951,/lavasearch.php,200,OK,Thread Group 1-37,text,true,2808,5951
1370228377841,5932,/lavasearch.php,200,OK,Thread Group 1-38,text,true,2808,5932
1370228377984,6255,/lavasearch.php,200,OK,Thread Group 1-40,text,true,2808,6255
1370228378087,6503,/lavasearch.php,200,OK,Thread Group 1-41,text,true,2808,6503
1370228378191,6591,/lavasearch.php,200,OK,Thread Group 1-39,text,true,2808,6591
1370228378254,6599,/lavasearch.php,200,OK,Thread Group 1-42,text,true,2808,6599
1370228378312,6631,/lavasearch.php,200,OK,Thread Group 1-43,text,true,2808,6631
1370228378458,6537,/lavasearch.php,200,OK,Thread Group 1-44,text,true,2808,6537
1370228378540,6532,/lavasearch.php,200,OK,Thread Group 1-45,text,true,2808,6532
1370228378567,6603,/lavasearch.php,200,OK,Thread Group 1-46,text,true,2808,6603
1370228378622,6575,/lavasearch.php,200,OK,Thread Group 1-48,text,true,2808,6575
1370228378654,6547,/lavasearch.php,200,OK,Thread Group 1-47,text,true,2808,6547
1370228378698,6546,/lavasearch.php,200,OK,Thread Group 1-51,text,true,2808,6546
1370228378769,6595,/lavasearch.php,200,OK,Thread Group 1-50,text,true,2808,6594
1370228378798,6584,/lavasearch.php,200,OK,Thread Group 1-49,text,true,2808,6584
1370228378819,6632,/lavasearch.php,200,OK,Thread Group 1-53,text,true,2808,6632
1370228378819,6799,/lavasearch.php,200,OK,Thread Group 1-52,text,true,2808,6799
1370228378828,6915,/lavasearch.php,200,OK,Thread Group 1-3,text,true,2808,6915
1370228378939,6922,/lavasearch.php,200,OK,Thread Group 1-54,text,true,2808,6922
1370228378891,7178,/lavasearch.php,200,OK,Thread Group 1-55,text,true,2808,7178
1370228378984,7096,/lavasearch.php,200,OK,Thread Group 1-56,text,true,2808,7096
1370228379110,7089,/lavasearch.php,200,OK,Thread Group 1-58,text,true,2808,7089
1370228379174,7073,/lavasearch.php,200,OK,Thread Group 1-57,text,true,2808,7073
1370228379284,7011,/lavasearch.php,200,OK,Thread Group 1-59,text,true,2808,7011
1370228379878,6442,/lavasearch.php,200,OK,Thread Group 1-60,text,true,2808,6442
1370228379887,6588,/lavasearch.php,200,OK,Thread Group 1-2,text,true,2808,6588
1370228379912,6612,/lavasearch.php,200,OK,Thread Group 1-63,text,true,2808,6612
1370228379939,6588,/lavasearch.php,200,OK,Thread Group 1-61,text,true,2808,6588
1370228380047,6515,/lavasearch.php,200,OK,Thread Group 1-62,text,true,2808,6515
1370228380143,6448,/lavasearch.php,200,OK,Thread Group 1-1,text,true,2808,6448
1370228380173,6463,/lavasearch.php,200,OK,Thread Group 1-65,text,true,2808,6463
1370228380192,6603,/lavasearch.php,200,OK,Thread Group 1-66,text,true,2808,6603
1370228380276,6629,/lavasearch.php,200,OK,Thread Group 1-67,text,true,2808,6629
1370228380312,6635,/lavasearch.php,200,OK,Thread Group 1-68,text,true,2808,6635
1370228380386,6602,/lavasearch.php,200,OK,Thread Group 1-69,text,true,2808,6602
1370228380398,6626,/lavasearch.php,200,OK,Thread Group 1-4,text,true,2808,6626
1370228380461,6574,/lavasearch.php,200,OK,Thread Group 1-70,text,true,2808,6574
1370228380538,6604,/lavasearch.php,200,OK,Thread Group 1-72,text,true,2808,6604
1370228380627,6565,/lavasearch.php,200,OK,Thread Group 1-75,text,true,2808,6565
1370228380640,6675,/lavasearch.php,200,OK,Thread Group 1-74,text,true,2808,6675
1370228380526,6790,/lavasearch.php,200,OK,Thread Group 1-71,text,true,2808,6790
1370228380639,6820,/lavasearch.php,200,OK,Thread Group 1-6,text,true,2808,6820
1370228380738,6759,/lavasearch.php,200,OK,Thread Group 1-64,text,true,2808,6759
1370228380770,7655,/lavasearch.php,200,OK,Thread Group 1-79,text,true,2808,7655
1370228380806,7666,/lavasearch.php,200,OK,Thread Group 1-77,text,true,2808,7666
1370228380815,7727,/lavasearch.php,200,OK,Thread Group 1-76,text,true,2808,7727
1370228380850,7826,/lavasearch.php,200,OK,Thread Group 1-78,text,true,2808,7826
1370228381047,7848,/lavasearch.php,200,OK,Thread Group 1-86,text,true,2808,7848
1370228381110,7842,/lavasearch.php,200,OK,Thread Group 1-84,text,true,2808,7842
1370228381118,7843,/lavasearch.php,200,OK,Thread Group 1-7,text,true,2808,7843
1370228381145,7853,/lavasearch.php,200,OK,Thread Group 1-83,text,true,2808,7853
1370228380763,8382,/lavasearch.php,200,OK,Thread Group 1-73,text,true,2808,8382
1370228381154,8017,/lavasearch.php,200,OK,Thread Group 1-87,text,true,2808,8017
1370228381157,8058,/lavasearch.php,200,OK,Thread Group 1-88,text,true,2808,8058
1370228381175,8112,/lavasearch.php,200,OK,Thread Group 1-90,text,true,2808,8112
1370228381183,8254,/lavasearch.php,200,OK,Thread Group 1-91,text,true,2808,8254
1370228381186,8270,/lavasearch.php,200,OK,Thread Group 1-92,text,true,2808,8270
1370228381147,8409,/lavasearch.php,200,OK,Thread Group 1-89,text,true,2808,8409
1370228381210,9068,/lavasearch.php,200,OK,Thread Group 1-94,text,true,2808,9068
1370228381221,9122,/lavasearch.php,200,OK,Thread Group 1-8,text,true,2808,9122
1370228381262,9096,/lavasearch.php,200,OK,Thread Group 1-96,text,true,2808,9096
1370228381311,9214,/lavasearch.php,200,OK,Thread Group 1-97,text,true,2808,9214
1370228381326,9338,/lavasearch.php,200,OK,Thread Group 1-95,text,true,2808,9338
1370228381402,9349,/lavasearch.php,200,OK,Thread Group 1-98,text,true,2808,9349
1370228381453,9364,/lavasearch.php,200,OK,Thread Group 1-93,text,true,2808,9364
1370228381474,9725,/lavasearch.php,200,OK,Thread Group 1-99,text,true,2808,9725
1370228381550,9667,/lavasearch.php,200,OK,Thread Group 1-100,text,true,2808,9667
1370228381847,9482,/lavasearch.php,200,OK,Thread Group 1-15,text,true,2808,9482
1370228381870,9665,/lavasearch.php,200,OK,Thread Group 1-16,text,true,2808,9665
1370228381895,9779,/lavasearch.php,200,OK,Thread Group 1-17,text,true,2808,9779
1370228381912,9911,/lavasearch.php,200,OK,Thread Group 1-19,text,true,2808,9911
1370228381939,10436,/lavasearch.php,200,OK,Thread Group 1-18,text,true,2808,10436
1370228381946,10564,/lavasearch.php,200,OK,Thread Group 1-22,text,true,2808,10564
1370228382096,10424,/lavasearch.php,200,OK,Thread Group 1-20,text,true,2808,10424
1370228382209,10332,/lavasearch.php,200,OK,Thread Group 1-21,text,true,2808,10332
1370228382270,10372,/lavasearch.php,200,OK,Thread Group 1-23,text,true,2808,10372
1370228382311,10464,/lavasearch.php,200,OK,Thread Group 1-24,text,true,2808,10464
1370228382427,10471,/lavasearch.php,200,OK,Thread Group 1-26,text,true,2808,10471
1370228382518,10419,/lavasearch.php,200,OK,Thread Group 1-29,text,true,2808,10419
1370228382776,10363,/lavasearch.php,200,OK,Thread Group 1-28,text,true,2808,10363
1370228383014,10139,/lavasearch.php,200,OK,Thread Group 1-27,text,true,2808,10139
1370228383358,9870,/lavasearch.php,200,OK,Thread Group 1-30,text,true,2808,9870
1370228383401,9831,/lavasearch.php,200,OK,Thread Group 1-31,text,true,2808,9831
1370228383419,9834,/lavasearch.php,200,OK,Thread Group 1-32,text,true,2808,9834
1370228383558,9707,/lavasearch.php,200,OK,Thread Group 1-35,text,true,2808,9707
1370228383625,9655,/lavasearch.php,200,OK,Thread Group 1-33,text,true,2808,9655
1370228383690,9671,/lavasearch.php,200,OK,Thread Group 1-34,text,true,2808,9671
1370228383725,9676,/lavasearch.php,200,OK,Thread Group 1-36,text,true,2808,9676
1370228383742,9683,/lavasearch.php,200,OK,Thread Group 1-37,text,true,2808,9683
1370228380901,12550,/lavasearch.php,200,OK,Thread Group 1-81,text,true,2808,12523
1370228383774,9690,/lavasearch.php,200,OK,Thread Group 1-38,text,true,2808,9690
1370228380969,12528,/lavasearch.php,200,OK,Thread Group 1-85,text,true,2808,12528
1370228384240,9334,/lavasearch.php,200,OK,Thread Group 1-40,text,true,2808,9334
1370228380982,12618,/lavasearch.php,200,OK,Thread Group 1-82,text,true,2808,12618
1370228380892,12745,/lavasearch.php,200,OK,Thread Group 1-80,text,true,2808,12737
1370228384591,9097,/lavasearch.php,200,OK,Thread Group 1-41,text,true,2808,9097
1370228384785,8921,/lavasearch.php,200,OK,Thread Group 1-39,text,true,2808,8921
1370228384854,8858,/lavasearch.php,200,OK,Thread Group 1-42,text,true,2808,8858
1370228380865,12874,/lavasearch.php,200,OK,Thread Group 1-5,text,true,2808,12871
1370228384945,8823,/lavasearch.php,200,OK,Thread Group 1-43,text,true,2808,8823
1370228385073,8705,/lavasearch.php,200,OK,Thread Group 1-45,text,true,2808,8705
1370228385172,8777,/lavasearch.php,200,OK,Thread Group 1-46,text,true,2808,8777
1370228385203,8750,/lavasearch.php,200,OK,Thread Group 1-47,text,true,2808,8750
1370228385200,8762,/lavasearch.php,200,OK,Thread Group 1-48,text,true,2808,8762
1370228385247,8725,/lavasearch.php,200,OK,Thread Group 1-51,text,true,2808,8725
1370228381556,12445,/lavasearch.php,200,OK,Thread Group 1-10,text,true,2808,12439
1370228381571,12442,/lavasearch.php,200,OK,Thread Group 1-11,text,true,2808,12442
1370228381544,12469,/lavasearch.php,200,OK,Thread Group 1-9,text,true,2808,12467
1370228381582,12466,/lavasearch.php,200,OK,Thread Group 1-12,text,true,2808,12464
1370228385367,8719,/lavasearch.php,200,OK,Thread Group 1-50,text,true,2808,8719
1370228382613,11570,/lavasearch.php,200,OK,Thread Group 1-25,text,true,2808,11570
1370228381595,12608,/lavasearch.php,200,OK,Thread Group 1-13,text,true,2808,12608
1370228381693,12577,/lavasearch.php,200,OK,Thread Group 1-14,text,true,2808,12574
1370228385384,8917,/lavasearch.php,200,OK,Thread Group 1-49,text,true,2808,8917
1370228385453,8889,/lavasearch.php,200,OK,Thread Group 1-53,text,true,2808,8889
1370228385620,8947,/lavasearch.php,200,OK,Thread Group 1-52,text,true,2808,8947
1370228385745,9332,/lavasearch.php,200,OK,Thread Group 1-3,text,true,2808,9332
1370228385862,9290,/lavasearch.php,200,OK,Thread Group 1-54,text,true,2808,9290
1370228386071,9423,/lavasearch.php,200,OK,Thread Group 1-55,text,true,2808,9423
1370228386200,9330,/lavasearch.php,200,OK,Thread Group 1-58,text,true,2808,9330
1370228386249,9348,/lavasearch.php,200,OK,Thread Group 1-57,text,true,2808,9348
1370228386082,9531,/lavasearch.php,200,OK,Thread Group 1-56,text,true,2808,9531
1370228386296,9345,/lavasearch.php,200,OK,Thread Group 1-59,text,true,2808,9345
1370228386322,9340,/lavasearch.php,200,OK,Thread Group 1-60,text,true,2808,9340
1370228386477,9193,/lavasearch.php,200,OK,Thread Group 1-2,text,true,2808,9193
1370228386528,9155,/lavasearch.php,200,OK,Thread Group 1-63,text,true,2808,9155
1370228386531,9164,/lavasearch.php,200,OK,Thread Group 1-61,text,true,2808,9164
1370228386564,9147,/lavasearch.php,200,OK,Thread Group 1-62,text,true,2808,9147
1370228386593,9130,/lavasearch.php,200,OK,Thread Group 1-1,text,true,2808,9130
1370228386638,9184,/lavasearch.php,200,OK,Thread Group 1-65,text,true,2808,9184
1370228386799,9036,/lavasearch.php,200,OK,Thread Group 1-66,text,true,2808,9036
1370228386907,8942,/lavasearch.php,200,OK,Thread Group 1-67,text,true,2808,8942
1370228386948,8913,/lavasearch.php,200,OK,Thread Group 1-68,text,true,2808,8913
1370228386989,8877,/lavasearch.php,200,OK,Thread Group 1-69,text,true,2808,8877
1370228387025,8861,/lavasearch.php,200,OK,Thread Group 1-4,text,true,2808,8861
1370228387037,8937,/lavasearch.php,200,OK,Thread Group 1-70,text,true,2808,8937
1370228387144,8836,/lavasearch.php,200,OK,Thread Group 1-72,text,true,2808,8836
1370228387194,8798,/lavasearch.php,200,OK,Thread Group 1-75,text,true,2808,8798
1370228387317,8700,/lavasearch.php,200,OK,Thread Group 1-74,text,true,2808,8700
1370228387317,8705,/lavasearch.php,200,OK,Thread Group 1-71,text,true,2808,8705
1370228387461,8780,/lavasearch.php,200,OK,Thread Group 1-6,text,true,2808,8780
1370228387499,8933,/lavasearch.php,200,OK,Thread Group 1-64,text,true,2808,8933
1370228388426,8216,/lavasearch.php,200,OK,Thread Group 1-79,text,true,2808,8216
1370228388474,8182,/lavasearch.php,200,OK,Thread Group 1-77,text,true,2808,8182
1370228388544,8116,/lavasearch.php,200,OK,Thread Group 1-76,text,true,2808,8116
1370228388678,7992,/lavasearch.php,200,OK,Thread Group 1-78,text,true,2808,7992
1370228388897,7778,/lavasearch.php,200,OK,Thread Group 1-86,text,true,2808,7778
1370228388953,7725,/lavasearch.php,200,OK,Thread Group 1-84,text,true,2808,7725
1370228388963,8121,/lavasearch.php,200,OK,Thread Group 1-7,text,true,2808,8121
1370228388999,8148,/lavasearch.php,200,OK,Thread Group 1-83,text,true,2808,8148
1370228389146,8176,/lavasearch.php,200,OK,Thread Group 1-73,text,true,2808,8176
1370228384996,12346,/lavasearch.php,200,OK,Thread Group 1-44,text,true,2808,12322
1370228389172,8260,/lavasearch.php,200,OK,Thread Group 1-87,text,true,2808,8260
1370228389216,8368,/lavasearch.php,200,OK,Thread Group 1-88,text,true,2808,8368
1370228389289,8360,/lavasearch.php,200,OK,Thread Group 1-90,text,true,2808,8360
1370228389457,8504,/lavasearch.php,200,OK,Thread Group 1-92,text,true,2808,8504
1370228389558,8497,/lavasearch.php,200,OK,Thread Group 1-89,text,true,2808,8497
1370228390280,7834,/lavasearch.php,200,OK,Thread Group 1-94,text,true,2808,7834
1370228390360,7784,/lavasearch.php,200,OK,Thread Group 1-96,text,true,2808,7784
1370228390527,7665,/lavasearch.php,200,OK,Thread Group 1-97,text,true,2808,7665
1370228390666,7624,/lavasearch.php,200,OK,Thread Group 1-95,text,true,2808,7624
1370228390752,7656,/lavasearch.php,200,OK,Thread Group 1-98,text,true,2808,7656
1370228390818,7719,/lavasearch.php,200,OK,Thread Group 1-93,text,true,2808,7719
1370228391219,7321,/lavasearch.php,200,OK,Thread Group 1-100,text,true,2808,7321
1370228391536,7010,/lavasearch.php,200,OK,Thread Group 1-16,text,true,2808,7010
1370228391675,6876,/lavasearch.php,200,OK,Thread Group 1-17,text,true,2808,6876
1370228391824,6921,/lavasearch.php,200,OK,Thread Group 1-19,text,true,2808,6921
1370228392376,6424,/lavasearch.php,200,OK,Thread Group 1-18,text,true,2808,6424
1370228392510,6297,/lavasearch.php,200,OK,Thread Group 1-22,text,true,2808,6297
1370228392521,6340,/lavasearch.php,200,OK,Thread Group 1-20,text,true,2808,6340
1370228392542,6347,/lavasearch.php,200,OK,Thread Group 1-21,text,true,2808,6347
1370228392643,6298,/lavasearch.php,200,OK,Thread Group 1-23,text,true,2808,6298
1370228392776,6193,/lavasearch.php,200,OK,Thread Group 1-24,text,true,2808,6193
1370228392900,6078,/lavasearch.php,200,OK,Thread Group 1-26,text,true,2808,6078
1370228392937,6050,/lavasearch.php,200,OK,Thread Group 1-29,text,true,2808,6050
1370228393141,5897,/lavasearch.php,200,OK,Thread Group 1-28,text,true,2808,5897
1370228393153,6326,/lavasearch.php,200,OK,Thread Group 1-27,text,true,2808,6326
1370228393229,6445,/lavasearch.php,200,OK,Thread Group 1-30,text,true,2808,6445
1370228389439,10260,/lavasearch.php,200,OK,Thread Group 1-91,text,true,2808,10257
1370228393232,6480,/lavasearch.php,200,OK,Thread Group 1-31,text,true,2808,6480
1370228393266,6460,/lavasearch.php,200,OK,Thread Group 1-35,text,true,2808,6460
1370228393254,6578,/lavasearch.php,200,OK,Thread Group 1-32,text,true,2808,6578
1370228393281,6584,/lavasearch.php,200,OK,Thread Group 1-33,text,true,2808,6584
1370228393362,6528,/lavasearch.php,200,OK,Thread Group 1-34,text,true,2808,6528
1370228393401,6583,/lavasearch.php,200,OK,Thread Group 1-36,text,true,2808,6583
1370228393426,6968,/lavasearch.php,200,OK,Thread Group 1-37,text,true,2808,6968
1370228393451,7014,/lavasearch.php,200,OK,Thread Group 1-81,text,true,2808,7014
1370228393465,7095,/lavasearch.php,200,OK,Thread Group 1-38,text,true,2808,7095
1370228393498,7147,/lavasearch.php,200,OK,Thread Group 1-85,text,true,2808,7147
1370228393600,7186,/lavasearch.php,200,OK,Thread Group 1-82,text,true,2808,7186
1370228393582,7299,/lavasearch.php,200,OK,Thread Group 1-40,text,true,2808,7299
1370228393638,7248,/lavasearch.php,200,OK,Thread Group 1-80,text,true,2808,7248
1370228393688,7235,/lavasearch.php,200,OK,Thread Group 1-41,text,true,2808,7235
1370228393712,7212,/lavasearch.php,200,OK,Thread Group 1-42,text,true,2808,7212
1370228393706,7224,/lavasearch.php,200,OK,Thread Group 1-39,text,true,2808,7224
1370228393739,7194,/lavasearch.php,200,OK,Thread Group 1-5,text,true,2808,7194
1370228393769,7260,/lavasearch.php,200,OK,Thread Group 1-43,text,true,2808,7260
1370228393779,7305,/lavasearch.php,200,OK,Thread Group 1-45,text,true,2808,7305
1370228393950,7161,/lavasearch.php,200,OK,Thread Group 1-46,text,true,2808,7161
1370228393954,7176,/lavasearch.php,200,OK,Thread Group 1-47,text,true,2808,7176
1370228393973,7256,/lavasearch.php,200,OK,Thread Group 1-51,text,true,2808,7256
1370228393963,7293,/lavasearch.php,200,OK,Thread Group 1-48,text,true,2808,7293
1370228394001,7371,/lavasearch.php,200,OK,Thread Group 1-10,text,true,2808,7371
1370228394013,7392,/lavasearch.php,200,OK,Thread Group 1-11,text,true,2808,7392
1370228394015,7460,/lavasearch.php,200,OK,Thread Group 1-9,text,true,2808,7460
1370228394049,7515,/lavasearch.php,200,OK,Thread Group 1-12,text,true,2808,7515
1370228390346,11242,/lavasearch.php,200,OK,Thread Group 1-8,text,true,2808,11242
1370228394087,7567,/lavasearch.php,200,OK,Thread Group 1-50,text,true,2808,7567
1370228394204,7612,/lavasearch.php,200,OK,Thread Group 1-13,text,true,2808,7612
1370228394272,7580,/lavasearch.php,200,OK,Thread Group 1-14,text,true,2808,7580
1370228394302,7567,/lavasearch.php,200,OK,Thread Group 1-49,text,true,2808,7567
1370228394342,7550,/lavasearch.php,200,OK,Thread Group 1-53,text,true,2808,7550
1370228394569,7413,/lavasearch.php,200,OK,Thread Group 1-52,text,true,2808,7413
1370228395077,6978,/lavasearch.php,200,OK,Thread Group 1-3,text,true,2808,6978
1370228395153,7013,/lavasearch.php,200,OK,Thread Group 1-54,text,true,2808,7013
1370228395530,6728,/lavasearch.php,200,OK,Thread Group 1-58,text,true,2808,6728
1370228395614,6670,/lavasearch.php,200,OK,Thread Group 1-56,text,true,2808,6670
1370228395495,6901,/lavasearch.php,200,OK,Thread Group 1-55,text,true,2808,6901
1370228395597,6869,/lavasearch.php,200,OK,Thread Group 1-57,text,true,2808,6869
1370228391330,11138,/lavasearch.php,200,OK,Thread Group 1-15,text,true,2808,11138
1370228395641,6836,/lavasearch.php,200,OK,Thread Group 1-59,text,true,2808,6836
1370228394183,8295,/lavasearch.php,200,OK,Thread Group 1-25,text,true,2808,8295
1370228395685,6827,/lavasearch.php,200,OK,Thread Group 1-63,text,true,2808,6827
1370228395664,6851,/lavasearch.php,200,OK,Thread Group 1-60,text,true,2808,6851
1370228395697,7283,/lavasearch.php,200,OK,Thread Group 1-61,text,true,2808,7283
1370228395713,7415,/lavasearch.php,200,OK,Thread Group 1-62,text,true,2808,7415
1370228395725,7643,/lavasearch.php,200,OK,Thread Group 1-1,text,true,2808,7643
1370228395835,7698,/lavasearch.php,200,OK,Thread Group 1-66,text,true,2808,7698
1370228395823,7769,/lavasearch.php,200,OK,Thread Group 1-65,text,true,2808,7769
1370228395887,7708,/lavasearch.php,200,OK,Thread Group 1-4,text,true,2808,7708
1370228395861,7792,/lavasearch.php,200,OK,Thread Group 1-68,text,true,2808,7792
1370228391201,12497,/lavasearch.php,200,OK,Thread Group 1-99,text,true,2808,12495
1370228395850,7854,/lavasearch.php,200,OK,Thread Group 1-67,text,true,2808,7854
1370228396023,7702,/lavasearch.php,200,OK,Thread Group 1-71,text,true,2808,7702
1370228396243,7485,/lavasearch.php,200,OK,Thread Group 1-6,text,true,2808,7485
1370228396434,7300,/lavasearch.php,200,OK,Thread Group 1-64,text,true,2808,7300
1370228396644,7330,/lavasearch.php,200,OK,Thread Group 1-79,text,true,2808,7330
1370228396662,7322,/lavasearch.php,200,OK,Thread Group 1-76,text,true,2808,7322
1370228396658,7353,/lavasearch.php,200,OK,Thread Group 1-77,text,true,2808,7353
1370228396672,7347,/lavasearch.php,200,OK,Thread Group 1-78,text,true,2808,7347
1370228396678,7395,/lavasearch.php,200,OK,Thread Group 1-86,text,true,2808,7395
1370228396680,7416,/lavasearch.php,200,OK,Thread Group 1-84,text,true,2808,7416
1370228395867,8266,/lavasearch.php,200,OK,Thread Group 1-69,text,true,2808,8266
1370228397086,7088,/lavasearch.php,200,OK,Thread Group 1-7,text,true,2808,7088
1370228397148,7110,/lavasearch.php,200,OK,Thread Group 1-83,text,true,2808,7110
1370228397325,6946,/lavasearch.php,200,OK,Thread Group 1-73,text,true,2808,6946
1370228397344,6983,/lavasearch.php,200,OK,Thread Group 1-44,text,true,2808,6983
1370228397434,6919,/lavasearch.php,200,OK,Thread Group 1-87,text,true,2808,6919
1370228397586,6815,/lavasearch.php,200,OK,Thread Group 1-88,text,true,2808,6815
1370228397962,6456,/lavasearch.php,200,OK,Thread Group 1-92,text,true,2808,6456
1370228398057,6385,/lavasearch.php,200,OK,Thread Group 1-89,text,true,2808,6385
1370228398115,6332,/lavasearch.php,200,OK,Thread Group 1-94,text,true,2808,6332
1370228398145,6323,/lavasearch.php,200,OK,Thread Group 1-96,text,true,2808,6323
1370228398193,6386,/lavasearch.php,200,OK,Thread Group 1-97,text,true,2808,6386
1370228398291,6303,/lavasearch.php,200,OK,Thread Group 1-95,text,true,2808,6303
1370228398410,6188,/lavasearch.php,200,OK,Thread Group 1-98,text,true,2808,6188
1370228398539,6078,/lavasearch.php,200,OK,Thread Group 1-93,text,true,2808,6078
1370228398548,6213,/lavasearch.php,200,OK,Thread Group 1-16,text,true,2808,6213
1370228398554,6229,/lavasearch.php,200,OK,Thread Group 1-17,text,true,2808,6229
1370228398541,6266,/lavasearch.php,200,OK,Thread Group 1-100,text,true,2808,6266
1370228398747,6246,/lavasearch.php,200,OK,Thread Group 1-19,text,true,2808,6246
1370228398803,6232,/lavasearch.php,200,OK,Thread Group 1-18,text,true,2808,6232
1370228395980,9247,/lavasearch.php,200,OK,Thread Group 1-72,text,true,2808,9245
1370228395993,9237,/lavasearch.php,200,OK,Thread Group 1-75,text,true,2808,9233
1370228395975,9300,/lavasearch.php,200,OK,Thread Group 1-70,text,true,2808,9300
1370228396017,9288,/lavasearch.php,200,OK,Thread Group 1-74,text,true,2808,9285
1370228398864,6620,/lavasearch.php,200,OK,Thread Group 1-20,text,true,2808,6620
1370228398810,6689,/lavasearch.php,200,OK,Thread Group 1-22,text,true,2808,6689
1370228395672,9833,/lavasearch.php,200,OK,Thread Group 1-2,text,true,2808,9833
1370228398892,6666,/lavasearch.php,200,OK,Thread Group 1-21,text,true,2808,6666
1370228398943,6676,/lavasearch.php,200,OK,Thread Group 1-23,text,true,2808,6676
1370228398971,6657,/lavasearch.php,200,OK,Thread Group 1-24,text,true,2808,6657
1370228398981,6699,/lavasearch.php,200,OK,Thread Group 1-26,text,true,2808,6699
1370228398990,6715,/lavasearch.php,200,OK,Thread Group 1-29,text,true,2808,6715
1370228399042,6682,/lavasearch.php,200,OK,Thread Group 1-28,text,true,2808,6682
1370228399482,6273,/lavasearch.php,200,OK,Thread Group 1-27,text,true,2808,6273
1370228399677,6195,/lavasearch.php,200,OK,Thread Group 1-30,text,true,2808,6195
1370228399715,6167,/lavasearch.php,200,OK,Thread Group 1-31,text,true,2808,6167
1370228399728,6163,/lavasearch.php,200,OK,Thread Group 1-35,text,true,2808,6163
1370228399835,6229,/lavasearch.php,200,OK,Thread Group 1-32,text,true,2808,6229
1370228399700,6404,/lavasearch.php,200,OK,Thread Group 1-91,text,true,2808,6404
1370228399868,6264,/lavasearch.php,200,OK,Thread Group 1-33,text,true,2808,6264
1370228399893,6337,/lavasearch.php,200,OK,Thread Group 1-34,text,true,2808,6337
1370228399987,6249,/lavasearch.php,200,OK,Thread Group 1-36,text,true,2808,6249
1370228400397,5873,/lavasearch.php,200,OK,Thread Group 1-37,text,true,2808,5873
1370228400468,5872,/lavasearch.php,200,OK,Thread Group 1-81,text,true,2808,5872
1370228400562,5795,/lavasearch.php,200,OK,Thread Group 1-38,text,true,2808,5795
1370228400648,5741,/lavasearch.php,200,OK,Thread Group 1-85,text,true,2808,5741
1370228400789,5672,/lavasearch.php,200,OK,Thread Group 1-82,text,true,2808,5672
1370228397650,8924,/lavasearch.php,200,OK,Thread Group 1-90,text,true,2808,8924
1370228400884,5713,/lavasearch.php,200,OK,Thread Group 1-40,text,true,2808,5713
1370228400888,5734,/lavasearch.php,200,OK,Thread Group 1-80,text,true,2808,5734
1370228400926,5699,/lavasearch.php,200,OK,Thread Group 1-41,text,true,2808,5699
1370228400927,5714,/lavasearch.php,200,OK,Thread Group 1-42,text,true,2808,5714
1370228400933,5740,/lavasearch.php,200,OK,Thread Group 1-39,text,true,2808,5740
1370228400936,5803,/lavasearch.php,200,OK,Thread Group 1-5,text,true,2808,5803
1370228401032,5729,/lavasearch.php,200,OK,Thread Group 1-43,text,true,2808,5729
1370228401087,5796,/lavasearch.php,200,OK,Thread Group 1-45,text,true,2808,5796
1370228401113,5844,/lavasearch.php,200,OK,Thread Group 1-46,text,true,2808,5844
1370228401132,5834,/lavasearch.php,200,OK,Thread Group 1-47,text,true,2808,5834
1370228401232,5775,/lavasearch.php,200,OK,Thread Group 1-51,text,true,2808,5775
1370228401259,5837,/lavasearch.php,200,OK,Thread Group 1-48,text,true,2808,5837
1370228401375,5748,/lavasearch.php,200,OK,Thread Group 1-10,text,true,2808,5748
1370228401408,5740,/lavasearch.php,200,OK,Thread Group 1-11,text,true,2808,5740
1370228401478,5831,/lavasearch.php,200,OK,Thread Group 1-9,text,true,2808,5831
1370228401567,5853,/lavasearch.php,200,OK,Thread Group 1-12,text,true,2808,5853
1370228401590,5904,/lavasearch.php,200,OK,Thread Group 1-8,text,true,2808,5904
1370228401657,6000,/lavasearch.php,200,OK,Thread Group 1-50,text,true,2808,6000
1370228401819,5972,/lavasearch.php,200,OK,Thread Group 1-13,text,true,2808,5972
1370228401855,6007,/lavasearch.php,200,OK,Thread Group 1-14,text,true,2808,6007
1370228401872,6290,/lavasearch.php,200,OK,Thread Group 1-49,text,true,2808,6290
1370228401895,6320,/lavasearch.php,200,OK,Thread Group 1-53,text,true,2808,6320
1370228401985,6726,/lavasearch.php,200,OK,Thread Group 1-52,text,true,2808,6726
1370228402058,6801,/lavasearch.php,200,OK,Thread Group 1-3,text,true,2808,6801
1370228402169,6714,/lavasearch.php,200,OK,Thread Group 1-54,text,true,2808,6714
1370228402261,6654,/lavasearch.php,200,OK,Thread Group 1-58,text,true,2808,6654
1370228402286,6658,/lavasearch.php,200,OK,Thread Group 1-56,text,true,2808,6658
1370228402399,6619,/lavasearch.php,200,OK,Thread Group 1-55,text,true,2808,6619
1370228402470,6585,/lavasearch.php,200,OK,Thread Group 1-57,text,true,2808,6585
1370228402480,6726,/lavasearch.php,200,OK,Thread Group 1-59,text,true,2808,6726
1370228402471,6753,/lavasearch.php,200,OK,Thread Group 1-15,text,true,2808,6753
1370228402515,7173,/lavasearch.php,200,OK,Thread Group 1-63,text,true,2808,7173
1370228402519,7212,/lavasearch.php,200,OK,Thread Group 1-60,text,true,2808,7211
1370228402481,7268,/lavasearch.php,200,OK,Thread Group 1-25,text,true,2808,7268
1370228402983,7010,/lavasearch.php,200,OK,Thread Group 1-61,text,true,2808,7010
1370228403130,6873,/lavasearch.php,200,OK,Thread Group 1-62,text,true,2808,6873
1370228403371,6643,/lavasearch.php,200,OK,Thread Group 1-1,text,true,2808,6643
1370228403535,6502,/lavasearch.php,200,OK,Thread Group 1-66,text,true,2808,6502
1370228403596,6450,/lavasearch.php,200,OK,Thread Group 1-65,text,true,2808,6450
1370228403599,6451,/lavasearch.php,200,OK,Thread Group 1-4,text,true,2808,6451
1370228403656,6401,/lavasearch.php,200,OK,Thread Group 1-68,text,true,2808,6401
1370228403701,6363,/lavasearch.php,200,OK,Thread Group 1-99,text,true,2808,6363
1370228403708,6391,/lavasearch.php,200,OK,Thread Group 1-67,text,true,2808,6391
1370228403728,6409,/lavasearch.php,200,OK,Thread Group 1-71,text,true,2808,6409
1370228403729,6439,/lavasearch.php,200,OK,Thread Group 1-6,text,true,2808,6439
1370228403736,6580,/lavasearch.php,200,OK,Thread Group 1-64,text,true,2808,6580
1370228403976,6351,/lavasearch.php,200,OK,Thread Group 1-79,text,true,2808,6351
1370228403986,6407,/lavasearch.php,200,OK,Thread Group 1-76,text,true,2808,6407
1370228404013,6418,/lavasearch.php,200,OK,Thread Group 1-77,text,true,2808,6418
1370228404020,6435,/lavasearch.php,200,OK,Thread Group 1-78,text,true,2808,6435
1370228404075,6415,/lavasearch.php,200,OK,Thread Group 1-86,text,true,2808,6415
1370228404098,6526,/lavasearch.php,200,OK,Thread Group 1-84,text,true,2808,6525
1370228404135,6515,/lavasearch.php,200,OK,Thread Group 1-69,text,true,2808,6515
1370228404175,6613,/lavasearch.php,200,OK,Thread Group 1-7,text,true,2808,6613
1370228404260,6753,/lavasearch.php,200,OK,Thread Group 1-83,text,true,2808,6753
1370228404273,6775,/lavasearch.php,200,OK,Thread Group 1-73,text,true,2808,6775
1370228404328,6804,/lavasearch.php,200,OK,Thread Group 1-44,text,true,2808,6804
1370228404354,6800,/lavasearch.php,200,OK,Thread Group 1-87,text,true,2808,6800
1370228404404,6811,/lavasearch.php,200,OK,Thread Group 1-88,text,true,2808,6811
1370228404420,6858,/lavasearch.php,200,OK,Thread Group 1-92,text,true,2808,6858
1370228404443,6926,/lavasearch.php,200,OK,Thread Group 1-89,text,true,2808,6926
1370228404449,6965,/lavasearch.php,200,OK,Thread Group 1-94,text,true,2808,6965
1370228404470,6975,/lavasearch.php,200,OK,Thread Group 1-96,text,true,2808,6975
1370228404581,6964,/lavasearch.php,200,OK,Thread Group 1-97,text,true,2808,6964
1370228404595,7031,/lavasearch.php,200,OK,Thread Group 1-95,text,true,2808,7031
1370228404601,7158,/lavasearch.php,200,OK,Thread Group 1-98,text,true,2808,7158
1370228404618,7219,/lavasearch.php,200,OK,Thread Group 1-93,text,true,2808,7219
1370228404763,7086,/lavasearch.php,200,OK,Thread Group 1-16,text,true,2808,7086
1370228404787,7345,/lavasearch.php,200,OK,Thread Group 1-17,text,true,2808,7345
1370228404809,7394,/lavasearch.php,200,OK,Thread Group 1-100,text,true,2808,7394
1370228404994,7324,/lavasearch.php,200,OK,Thread Group 1-19,text,true,2808,7324
1370228405037,7361,/lavasearch.php,200,OK,Thread Group 1-18,text,true,2808,7361
1370228405231,7306,/lavasearch.php,200,OK,Thread Group 1-72,text,true,2808,7306
1370228405232,7424,/lavasearch.php,200,OK,Thread Group 1-75,text,true,2808,7424
1370228405278,7440,/lavasearch.php,200,OK,Thread Group 1-70,text,true,2808,7440
1370228405310,7511,/lavasearch.php,200,OK,Thread Group 1-74,text,true,2808,7511
1370228405486,7669,/lavasearch.php,200,OK,Thread Group 1-20,text,true,2808,7669
1370228405502,7718,/lavasearch.php,200,OK,Thread Group 1-22,text,true,2808,7718
1370228405509,7725,/lavasearch.php,200,OK,Thread Group 1-2,text,true,2808,7725
1370228405560,7779,/lavasearch.php,200,OK,Thread Group 1-21,text,true,2808,7779
1370228405620,7998,/lavasearch.php,200,OK,Thread Group 1-23,text,true,2808,7998
1370228405630,8095,/lavasearch.php,200,OK,Thread Group 1-24,text,true,2808,8095
1370228405682,8046,/lavasearch.php,200,OK,Thread Group 1-26,text,true,2808,8046
1370228405707,8160,/lavasearch.php,200,OK,Thread Group 1-29,text,true,2808,8160
1370228405726,8167,/lavasearch.php,200,OK,Thread Group 1-28,text,true,2808,8167
1370228405757,8154,/lavasearch.php,200,OK,Thread Group 1-27,text,true,2808,8154
1370228405873,8070,/lavasearch.php,200,OK,Thread Group 1-30,text,true,2808,8070
1370228405884,8065,/lavasearch.php,200,OK,Thread Group 1-31,text,true,2808,8064
1370228405893,8161,/lavasearch.php,200,OK,Thread Group 1-35,text,true,2808,8161
1370228406066,8071,/lavasearch.php,200,OK,Thread Group 1-32,text,true,2808,8071
1370228406107,8078,/lavasearch.php,200,OK,Thread Group 1-91,text,true,2808,8078
1370228406133,8093,/lavasearch.php,200,OK,Thread Group 1-33,text,true,2808,8093
1370228406231,7999,/lavasearch.php,200,OK,Thread Group 1-34,text,true,2808,7999
1370228406238,8052,/lavasearch.php,200,OK,Thread Group 1-36,text,true,2808,8052
1370228406271,8033,/lavasearch.php,200,OK,Thread Group 1-37,text,true,2808,8033
1370228406341,7967,/lavasearch.php,200,OK,Thread Group 1-81,text,true,2808,7967
1370228406358,7967,/lavasearch.php,200,OK,Thread Group 1-38,text,true,2808,7967
1370228406390,8137,/lavasearch.php,200,OK,Thread Group 1-85,text,true,2808,8136
1370228406463,8259,/lavasearch.php,200,OK,Thread Group 1-82,text,true,2808,8259
1370228406575,8339,/lavasearch.php,200,OK,Thread Group 1-90,text,true,2808,8339
1370228406598,8342,/lavasearch.php,200,OK,Thread Group 1-40,text,true,2808,8342
1370228406626,8322,/lavasearch.php,200,OK,Thread Group 1-41,text,true,2808,8322
1370228406622,8443,/lavasearch.php,200,OK,Thread Group 1-80,text,true,2808,8443
1370228406642,8531,/lavasearch.php,200,OK,Thread Group 1-42,text,true,2808,8531
1370228406674,8590,/lavasearch.php,200,OK,Thread Group 1-39,text,true,2808,8590
1370228406740,8692,/lavasearch.php,200,OK,Thread Group 1-5,text,true,2808,8692
1370228406762,9061,/lavasearch.php,200,OK,Thread Group 1-43,text,true,2808,9060
1370228406883,9003,/lavasearch.php,200,OK,Thread Group 1-45,text,true,2808,9003
1370228406957,9123,/lavasearch.php,200,OK,Thread Group 1-46,text,true,2808,9123
1370228406967,9122,/lavasearch.php,200,OK,Thread Group 1-47,text,true,2808,9122
1370228407008,9112,/lavasearch.php,200,OK,Thread Group 1-51,text,true,2808,9112
1370228407123,9045,/lavasearch.php,200,OK,Thread Group 1-10,text,true,2808,9045
1370228407096,9141,/lavasearch.php,200,OK,Thread Group 1-48,text,true,2808,9141
1370228407148,9149,/lavasearch.php,200,OK,Thread Group 1-11,text,true,2808,9149
1370228407310,9150,/lavasearch.php,200,OK,Thread Group 1-9,text,true,2808,9150
1370228407421,9062,/lavasearch.php,200,OK,Thread Group 1-12,text,true,2808,9062
1370228407495,8997,/lavasearch.php,200,OK,Thread Group 1-8,text,true,2808,8997
1370228407657,8844,/lavasearch.php,200,OK,Thread Group 1-50,text,true,2808,8844
1370228407792,8716,/lavasearch.php,200,OK,Thread Group 1-13,text,true,2808,8716
1370228407863,8684,/lavasearch.php,200,OK,Thread Group 1-14,text,true,2808,8684
1370228408163,8386,/lavasearch.php,200,OK,Thread Group 1-49,text,true,2808,8386
1370228408215,8360,/lavasearch.php,200,OK,Thread Group 1-53,text,true,2808,8360
1370228408711,7887,/lavasearch.php,200,OK,Thread Group 1-52,text,true,2808,7887
1370228408859,7772,/lavasearch.php,200,OK,Thread Group 1-3,text,true,2808,7772
1370228408884,7756,/lavasearch.php,200,OK,Thread Group 1-54,text,true,2808,7756
1370228408915,7779,/lavasearch.php,200,OK,Thread Group 1-58,text,true,2808,7779
1370228409019,7755,/lavasearch.php,200,OK,Thread Group 1-55,text,true,2808,7754
1370228409055,7744,/lavasearch.php,200,OK,Thread Group 1-57,text,true,2808,7744
1370228409207,7601,/lavasearch.php,200,OK,Thread Group 1-59,text,true,2808,7601
1370228409225,7745,/lavasearch.php,200,OK,Thread Group 1-15,text,true,2808,7745
1370228408944,8050,/lavasearch.php,200,OK,Thread Group 1-56,text,true,2808,8050
1370228409689,7323,/lavasearch.php,200,OK,Thread Group 1-63,text,true,2808,7323
1370228409749,7290,/lavasearch.php,200,OK,Thread Group 1-25,text,true,2808,7290
1370228409994,7225,/lavasearch.php,200,OK,Thread Group 1-61,text,true,2808,7225
1370228410003,7255,/lavasearch.php,200,OK,Thread Group 1-62,text,true,2808,7255
1370228410015,7391,/lavasearch.php,200,OK,Thread Group 1-1,text,true,2808,7391
1370228410039,7368,/lavasearch.php,200,OK,Thread Group 1-66,text,true,2808,7368
1370228410051,7405,/lavasearch.php,200,OK,Thread Group 1-4,text,true,2808,7405
1370228410046,7554,/lavasearch.php,200,OK,Thread Group 1-65,text,true,2808,7554
1370228410065,7610,/lavasearch.php,200,OK,Thread Group 1-99,text,true,2808,7610
1370228410058,7675,/lavasearch.php,200,OK,Thread Group 1-68,text,true,2808,7675
1370228410100,7666,/lavasearch.php,200,OK,Thread Group 1-67,text,true,2808,7666
1370228409731,8044,/lavasearch.php,200,OK,Thread Group 1-60,text,true,2808,8044
1370228410138,7673,/lavasearch.php,200,OK,Thread Group 1-71,text,true,2808,7673
1370228410168,7752,/lavasearch.php,200,OK,Thread Group 1-6,text,true,2808,7752
1370228410316,7618,/lavasearch.php,200,OK,Thread Group 1-64,text,true,2808,7618
1370228410327,8045,/lavasearch.php,200,OK,Thread Group 1-79,text,true,2808,8045
1370228410393,8153,/lavasearch.php,200,OK,Thread Group 1-76,text,true,2808,8153
1370228410432,8390,/lavasearch.php,200,OK,Thread Group 1-77,text,true,2808,8390
1370228410456,8401,/lavasearch.php,200,OK,Thread Group 1-78,text,true,2808,8401
1370228410491,8374,/lavasearch.php,200,OK,Thread Group 1-86,text,true,2808,8374
1370228410625,8311,/lavasearch.php,200,OK,Thread Group 1-84,text,true,2808,8311
1370228410651,8296,/lavasearch.php,200,OK,Thread Group 1-69,text,true,2808,8296
1370228410788,8167,/lavasearch.php,200,OK,Thread Group 1-7,text,true,2808,8167
1370228411014,7958,/lavasearch.php,200,OK,Thread Group 1-83,text,true,2808,7958
1370228411049,8033,/lavasearch.php,200,OK,Thread Group 1-73,text,true,2808,8033
1370228411133,8016,/lavasearch.php,200,OK,Thread Group 1-44,text,true,2808,8016
1370228411155,8014,/lavasearch.php,200,OK,Thread Group 1-87,text,true,2808,8014
1370228411215,8073,/lavasearch.php,200,OK,Thread Group 1-88,text,true,2808,8073
1370228411279,8036,/lavasearch.php,200,OK,Thread Group 1-92,text,true,2808,8036
1370228411370,7955,/lavasearch.php,200,OK,Thread Group 1-89,text,true,2808,7955
1370228411416,7978,/lavasearch.php,200,OK,Thread Group 1-94,text,true,2808,7978
1370228411447,7964,/lavasearch.php,200,OK,Thread Group 1-96,text,true,2808,7964
1370228411546,7996,/lavasearch.php,200,OK,Thread Group 1-97,text,true,2808,7996
1370228411627,7996,/lavasearch.php,200,OK,Thread Group 1-95,text,true,2808,7996
1370228411760,7957,/lavasearch.php,200,OK,Thread Group 1-98,text,true,2808,7957
1370228411838,7898,/lavasearch.php,200,OK,Thread Group 1-93,text,true,2808,7898
1370228411850,7965,/lavasearch.php,200,OK,Thread Group 1-16,text,true,2808,7965
1370228412134,7803,/lavasearch.php,200,OK,Thread Group 1-17,text,true,2808,7803
1370228412205,7746,/lavasearch.php,200,OK,Thread Group 1-100,text,true,2808,7746
1370228412320,7675,/lavasearch.php,200,OK,Thread Group 1-19,text,true,2808,7675
1370228412399,7621,/lavasearch.php,200,OK,Thread Group 1-18,text,true,2808,7621
1370228412539,7504,/lavasearch.php,200,OK,Thread Group 1-72,text,true,2808,7504
1370228412657,7433,/lavasearch.php,200,OK,Thread Group 1-75,text,true,2808,7433
1370228412720,7425,/lavasearch.php,200,OK,Thread Group 1-70,text,true,2808,7425
1370228412822,7370,/lavasearch.php,200,OK,Thread Group 1-74,text,true,2808,7370
1370228413157,7072,/lavasearch.php,200,OK,Thread Group 1-20,text,true,2808,7072
1370228413221,7122,/lavasearch.php,200,OK,Thread Group 1-22,text,true,2808,7122
1370228413236,7165,/lavasearch.php,200,OK,Thread Group 1-2,text,true,2808,7165
1370228413341,7095,/lavasearch.php,200,OK,Thread Group 1-21,text,true,2808,7095
1370228413619,6838,/lavasearch.php,200,OK,Thread Group 1-23,text,true,2808,6838
1370228413727,6746,/lavasearch.php,200,OK,Thread Group 1-24,text,true,2808,6746
1370228413730,6777,/lavasearch.php,200,OK,Thread Group 1-26,text,true,2808,6777
1370228413869,6649,/lavasearch.php,200,OK,Thread Group 1-29,text,true,2808,6649
1370228413895,6645,/lavasearch.php,200,OK,Thread Group 1-28,text,true,2808,6645
1370228413912,6672,/lavasearch.php,200,OK,Thread Group 1-27,text,true,2808,6672
1370228413945,6680,/lavasearch.php,200,OK,Thread Group 1-30,text,true,2808,6680
1370228413950,6741,/lavasearch.php,200,OK,Thread Group 1-31,text,true,2808,6741
1370228414139,6699,/lavasearch.php,200,OK,Thread Group 1-32,text,true,2808,6699
1370228414228,6679,/lavasearch.php,200,OK,Thread Group 1-33,text,true,2808,6678
1370228414056,7055,/lavasearch.php,200,OK,Thread Group 1-35,text,true,2808,7055
1370228414293,6973,/lavasearch.php,200,OK,Thread Group 1-36,text,true,2808,6973
1370228414307,7006,/lavasearch.php,200,OK,Thread Group 1-37,text,true,2808,7006
1370228414311,7058,/lavasearch.php,200,OK,Thread Group 1-81,text,true,2808,7058
1370228414328,7077,/lavasearch.php,200,OK,Thread Group 1-38,text,true,2808,7077
1370228414186,7297,/lavasearch.php,200,OK,Thread Group 1-91,text,true,2808,7297
1370228414231,7330,/lavasearch.php,200,OK,Thread Group 1-34,text,true,2808,7330
1370228414532,7075,/lavasearch.php,200,OK,Thread Group 1-85,text,true,2808,7075
1370228414726,6925,/lavasearch.php,200,OK,Thread Group 1-82,text,true,2808,6925
1370228414916,6808,/lavasearch.php,200,OK,Thread Group 1-90,text,true,2808,6808
1370228414942,6883,/lavasearch.php,200,OK,Thread Group 1-40,text,true,2808,6883
1370228414950,7046,/lavasearch.php,200,OK,Thread Group 1-41,text,true,2808,7046
1370228415068,7188,/lavasearch.php,200,OK,Thread Group 1-80,text,true,2808,7188
1370228415177,7286,/lavasearch.php,200,OK,Thread Group 1-42,text,true,2808,7286
1370228415269,7276,/lavasearch.php,200,OK,Thread Group 1-39,text,true,2808,7276
1370228415437,7228,/lavasearch.php,200,OK,Thread Group 1-5,text,true,2808,7228
1370228415825,6920,/lavasearch.php,200,OK,Thread Group 1-43,text,true,2808,6920
1370228415889,6909,/lavasearch.php,200,OK,Thread Group 1-45,text,true,2808,6909
1370228416082,6738,/lavasearch.php,200,OK,Thread Group 1-46,text,true,2808,6738
1370228416092,6758,/lavasearch.php,200,OK,Thread Group 1-47,text,true,2808,6758
1370228416123,6792,/lavasearch.php,200,OK,Thread Group 1-51,text,true,2808,6792
1370228416172,6767,/lavasearch.php,200,OK,Thread Group 1-10,text,true,2808,6767
1370228416239,6753,/lavasearch.php,200,OK,Thread Group 1-48,text,true,2808,6753
1370228416300,6712,/lavasearch.php,200,OK,Thread Group 1-11,text,true,2808,6712
1370228416462,6582,/lavasearch.php,200,OK,Thread Group 1-9,text,true,2808,6582
1370228416494,6564,/lavasearch.php,200,OK,Thread Group 1-8,text,true,2808,6564
1370228416486,6624,/lavasearch.php,200,OK,Thread Group 1-12,text,true,2808,6624
1370228416504,6657,/lavasearch.php,200,OK,Thread Group 1-50,text,true,2808,6657
1370228416510,6739,/lavasearch.php,200,OK,Thread Group 1-13,text,true,2808,6739
1370228416550,6767,/lavasearch.php,200,OK,Thread Group 1-14,text,true,2808,6767
1370228416552,6962,/lavasearch.php,200,OK,Thread Group 1-49,text,true,2808,6962
1370228416581,6994,/lavasearch.php,200,OK,Thread Group 1-53,text,true,2808,6994
1370228416602,7065,/lavasearch.php,200,OK,Thread Group 1-52,text,true,2808,7065
1370228416634,7097,/lavasearch.php,200,OK,Thread Group 1-3,text,true,2808,7097
1370228416643,7506,/lavasearch.php,200,OK,Thread Group 1-54,text,true,2808,7506
1370228416697,7613,/lavasearch.php,200,OK,Thread Group 1-58,text,true,2808,7613
1370228416776,7612,/lavasearch.php,200,OK,Thread Group 1-55,text,true,2808,7612
1370228416804,7829,/lavasearch.php,200,OK,Thread Group 1-57,text,true,2808,7829
1370228416811,7833,/lavasearch.php,200,OK,Thread Group 1-59,text,true,2808,7833
1370228416972,7728,/lavasearch.php,200,OK,Thread Group 1-15,text,true,2808,7728
1370228416998,7901,/lavasearch.php,200,OK,Thread Group 1-56,text,true,2808,7901
1370228417015,7916,/lavasearch.php,200,OK,Thread Group 1-63,text,true,2808,7916
1370228417042,7968,/lavasearch.php,200,OK,Thread Group 1-25,text,true,2808,7968
1370228417221,7857,/lavasearch.php,200,OK,Thread Group 1-61,text,true,2808,7857
1370228417260,7881,/lavasearch.php,200,OK,Thread Group 1-62,text,true,2808,7881
1370228417411,7899,/lavasearch.php,200,OK,Thread Group 1-66,text,true,2808,7899
1370228417409,7967,/lavasearch.php,200,OK,Thread Group 1-1,text,true,2808,7967
1370228417459,8045,/lavasearch.php,200,OK,Thread Group 1-4,text,true,2808,8045
1370228417602,7914,/lavasearch.php,200,OK,Thread Group 1-65,text,true,2808,7914
1370228417677,7842,/lavasearch.php,200,OK,Thread Group 1-99,text,true,2808,7842
1370228417735,7900,/lavasearch.php,200,OK,Thread Group 1-68,text,true,2808,7900
1370228417768,8132,/lavasearch.php,200,OK,Thread Group 1-67,text,true,2808,8132
1370228417778,8167,/lavasearch.php,200,OK,Thread Group 1-60,text,true,2808,8167
1370228417813,8151,/lavasearch.php,200,OK,Thread Group 1-71,text,true,2808,8151
1370228417923,8056,/lavasearch.php,200,OK,Thread Group 1-6,text,true,2808,8056
1370228417936,8162,/lavasearch.php,200,OK,Thread Group 1-64,text,true,2808,8162
1370228418375,7793,/lavasearch.php,200,OK,Thread Group 1-79,text,true,2808,7793
1370228418548,8015,/lavasearch.php,200,OK,Thread Group 1-76,text,true,2808,8015
1370228418825,7896,/lavasearch.php,200,OK,Thread Group 1-77,text,true,2808,7896
1370228418859,7964,/lavasearch.php,200,OK,Thread Group 1-78,text,true,2808,7964
1370228418868,7990,/lavasearch.php,200,OK,Thread Group 1-86,text,true,2808,7990
1370228418950,8289,/lavasearch.php,200,OK,Thread Group 1-69,text,true,2808,8289
1370228418975,8385,/lavasearch.php,200,OK,Thread Group 1-83,text,true,2808,8385
1370228419085,8400,/lavasearch.php,200,OK,Thread Group 1-73,text,true,2808,8400
1370228419152,8485,/lavasearch.php,200,OK,Thread Group 1-44,text,true,2808,8485
1370228419326,8485,/lavasearch.php,200,OK,Thread Group 1-89,text,true,2808,8485
1370228419317,8544,/lavasearch.php,200,OK,Thread Group 1-92,text,true,2808,8544
1370228419396,8496,/lavasearch.php,200,OK,Thread Group 1-94,text,true,2808,8496
1370228419412,8544,/lavasearch.php,200,OK,Thread Group 1-96,text,true,2808,8544
1370228419543,8679,/lavasearch.php,200,OK,Thread Group 1-97,text,true,2808,8679
1370228419625,8662,/lavasearch.php,200,OK,Thread Group 1-95,text,true,2808,8662
1370228419738,8559,/lavasearch.php,200,OK,Thread Group 1-93,text,true,2808,8559
1370228419817,8492,/lavasearch.php,200,OK,Thread Group 1-16,text,true,2808,8492
1370228419939,8375,/lavasearch.php,200,OK,Thread Group 1-17,text,true,2808,8375
1370228419953,8365,/lavasearch.php,200,OK,Thread Group 1-100,text,true,2808,8365
1370228419997,8330,/lavasearch.php,200,OK,Thread Group 1-19,text,true,2808,8330
1370228420021,8314,/lavasearch.php,200,OK,Thread Group 1-18,text,true,2808,8314
1370228420044,8293,/lavasearch.php,200,OK,Thread Group 1-72,text,true,2808,8293
1370228420092,8271,/lavasearch.php,200,OK,Thread Group 1-75,text,true,2808,8271
1370228420147,8360,/lavasearch.php,200,OK,Thread Group 1-70,text,true,2808,8360
1370228420193,8320,/lavasearch.php,200,OK,Thread Group 1-74,text,true,2808,8320
1370228420231,8292,/lavasearch.php,200,OK,Thread Group 1-20,text,true,2808,8292
1370228420345,8188,/lavasearch.php,200,OK,Thread Group 1-22,text,true,2808,8188
1370228420403,8132,/lavasearch.php,200,OK,Thread Group 1-2,text,true,2808,8132
1370228420438,8124,/lavasearch.php,200,OK,Thread Group 1-21,text,true,2808,8124
1370228420459,8110,/lavasearch.php,200,OK,Thread Group 1-23,text,true,2808,8110
1370228420475,8097,/lavasearch.php,200,OK,Thread Group 1-24,text,true,2808,8097
1370228420509,8105,/lavasearch.php,200,OK,Thread Group 1-26,text,true,2808,8105
1370228420520,8100,/lavasearch.php,200,OK,Thread Group 1-29,text,true,2808,8100
1370228420541,8094,/lavasearch.php,200,OK,Thread Group 1-28,text,true,2808,8094
1370228420585,8055,/lavasearch.php,200,OK,Thread Group 1-27,text,true,2808,8055
1370228420626,8019,/lavasearch.php,200,OK,Thread Group 1-30,text,true,2808,8019
1370228420692,7985,/lavasearch.php,200,OK,Thread Group 1-31,text,true,2808,7985
1370228420839,7843,/lavasearch.php,200,OK,Thread Group 1-32,text,true,2808,7843
1370228420908,7778,/lavasearch.php,200,OK,Thread Group 1-33,text,true,2808,7778
1370228421113,7603,/lavasearch.php,200,OK,Thread Group 1-35,text,true,2808,7603
1370228421267,7471,/lavasearch.php,200,OK,Thread Group 1-36,text,true,2808,7471
1370228421314,7438,/lavasearch.php,200,OK,Thread Group 1-37,text,true,2808,7438
1370228421369,7404,/lavasearch.php,200,OK,Thread Group 1-81,text,true,2808,7404
1370228421406,7375,/lavasearch.php,200,OK,Thread Group 1-38,text,true,2808,7375
1370228421484,7301,/lavasearch.php,200,OK,Thread Group 1-91,text,true,2808,7301
1370228421562,7264,/lavasearch.php,200,OK,Thread Group 1-34,text,true,2808,7264
1370228421608,7229,/lavasearch.php,200,OK,Thread Group 1-85,text,true,2808,7229
1370228421651,7193,/lavasearch.php,200,OK,Thread Group 1-82,text,true,2808,7193
1370228421726,7120,/lavasearch.php,200,OK,Thread Group 1-90,text,true,2808,7120
1370228421826,7034,/lavasearch.php,200,OK,Thread Group 1-40,text,true,2808,7034
1370228421997,6881,/lavasearch.php,200,OK,Thread Group 1-41,text,true,2808,6881
1370228422256,6631,/lavasearch.php,200,OK,Thread Group 1-80,text,true,2808,6631
1370228422464,6442,/lavasearch.php,200,OK,Thread Group 1-42,text,true,2808,6442
1370228422665,6267,/lavasearch.php,200,OK,Thread Group 1-5,text,true,2808,6267
1370228422746,6189,/lavasearch.php,200,OK,Thread Group 1-43,text,true,2808,6189
1370228422798,6147,/lavasearch.php,200,OK,Thread Group 1-45,text,true,2808,6147
1370228422820,6135,/lavasearch.php,200,OK,Thread Group 1-46,text,true,2808,6135
1370228422850,6115,/lavasearch.php,200,OK,Thread Group 1-47,text,true,2808,6115
1370228422916,6060,/lavasearch.php,200,OK,Thread Group 1-51,text,true,2808,6060
1370228422939,6045,/lavasearch.php,200,OK,Thread Group 1-10,text,true,2808,6045
1370228422993,5997,/lavasearch.php,200,OK,Thread Group 1-48,text,true,2808,5997
1370228423013,5984,/lavasearch.php,200,OK,Thread Group 1-11,text,true,2808,5984
1370228423044,5960,/lavasearch.php,200,OK,Thread Group 1-9,text,true,2808,5960
1370228423059,5959,/lavasearch.php,200,OK,Thread Group 1-8,text,true,2808,5959
1370228423111,5910,/lavasearch.php,200,OK,Thread Group 1-12,text,true,2808,5910
1370228418939,10084,/lavasearch.php,200,OK,Thread Group 1-84,text,true,2808,10084
1370228423162,5876,/lavasearch.php,200,OK,Thread Group 1-50,text,true,2808,5876
1370228423250,5805,/lavasearch.php,200,OK,Thread Group 1-13,text,true,2808,5805
1370228423318,5764,/lavasearch.php,200,OK,Thread Group 1-14,text,true,2808,5764
1370228423515,5569,/lavasearch.php,200,OK,Thread Group 1-49,text,true,2808,5569
1370228423576,5516,/lavasearch.php,200,OK,Thread Group 1-53,text,true,2808,5516
1370228418957,10142,/lavasearch.php,200,OK,Thread Group 1-7,text,true,2808,10142
1370228423667,5431,/lavasearch.php,200,OK,Thread Group 1-52,text,true,2808,5431
1370228423731,5376,/lavasearch.php,200,OK,Thread Group 1-3,text,true,2808,5376
1370228424310,4808,/lavasearch.php,200,OK,Thread Group 1-58,text,true,2808,4808
1370228424390,4738,/lavasearch.php,200,OK,Thread Group 1-55,text,true,2808,4738
1370228424645,4518,/lavasearch.php,200,OK,Thread Group 1-59,text,true,2808,4518
1370228424701,4478,/lavasearch.php,200,OK,Thread Group 1-15,text,true,2808,4478
1370228419172,10011,/lavasearch.php,200,OK,Thread Group 1-87,text,true,2808,10011
1370228424901,4298,/lavasearch.php,200,OK,Thread Group 1-56,text,true,2808,4298
1370228419290,9918,/lavasearch.php,200,OK,Thread Group 1-88,text,true,2808,9918
1370228424932,4298,/lavasearch.php,200,OK,Thread Group 1-63,text,true,2808,4298
1370228425010,4270,/lavasearch.php,200,OK,Thread Group 1-25,text,true,2808,4270
1370228425078,4215,/lavasearch.php,200,OK,Thread Group 1-61,text,true,2808,4215
1370228425141,4165,/lavasearch.php,200,OK,Thread Group 1-62,text,true,2808,4165
1370228425310,4030,/lavasearch.php,200,OK,Thread Group 1-66,text,true,2808,4030
1370228425377,3978,/lavasearch.php,200,OK,Thread Group 1-1,text,true,2808,3978
1370228425504,3907,/lavasearch.php,200,OK,Thread Group 1-4,text,true,2808,3907
1370228425517,3981,/lavasearch.php,200,OK,Thread Group 1-65,text,true,2808,3981
1370228425519,3992,/lavasearch.php,200,OK,Thread Group 1-99,text,true,2808,3992
1370228425636,3985,/lavasearch.php,200,OK,Thread Group 1-68,text,true,2808,3985
1370228419719,9956,/lavasearch.php,200,OK,Thread Group 1-98,text,true,2808,9956
1370228425900,3862,/lavasearch.php,200,OK,Thread Group 1-67,text,true,2808,3862
1370228425965,3898,/lavasearch.php,200,OK,Thread Group 1-71,text,true,2808,3898
1370228426100,3849,/lavasearch.php,200,OK,Thread Group 1-64,text,true,2808,3849
1370228426172,3854,/lavasearch.php,200,OK,Thread Group 1-79,text,true,2808,3854
1370228426725,3649,/lavasearch.php,200,OK,Thread Group 1-77,text,true,2808,3649
1370228426824,3650,/lavasearch.php,200,OK,Thread Group 1-78,text,true,2808,3650
1370228422545,7950,/lavasearch.php,200,OK,Thread Group 1-39,text,true,2808,7950
1370228427242,3310,/lavasearch.php,200,OK,Thread Group 1-69,text,true,2808,3310
1370228427487,3116,/lavasearch.php,200,OK,Thread Group 1-73,text,true,2808,3116
1370228424151,6459,/lavasearch.php,200,OK,Thread Group 1-54,text,true,2808,6459
1370228427639,2978,/lavasearch.php,200,OK,Thread Group 1-44,text,true,2808,2978
1370228424634,5989,/lavasearch.php,200,OK,Thread Group 1-57,text,true,2808,5989
1370228427813,2864,/lavasearch.php,200,OK,Thread Group 1-89,text,true,2808,2864
1370228427862,2852,/lavasearch.php,200,OK,Thread Group 1-92,text,true,2808,2852
1370228427957,2859,/lavasearch.php,200,OK,Thread Group 1-96,text,true,2808,2859
1370228428223,2611,/lavasearch.php,200,OK,Thread Group 1-97,text,true,2808,2611
1370228428288,2569,/lavasearch.php,200,OK,Thread Group 1-95,text,true,2808,2569
1370228428299,2566,/lavasearch.php,200,OK,Thread Group 1-93,text,true,2808,2566
1370228428311,2597,/lavasearch.php,200,OK,Thread Group 1-16,text,true,2808,2597
1370228425946,4992,/lavasearch.php,200,OK,Thread Group 1-60,text,true,2808,4992
1370228428316,2642,/lavasearch.php,200,OK,Thread Group 1-17,text,true,2808,2641
1370228428337,2627,/lavasearch.php,200,OK,Thread Group 1-18,text,true,2808,2627
1370228428339,3447,/lavasearch.php,200,OK,Thread Group 1-72,text,true,2808,3447
1370228425979,5809,/lavasearch.php,200,OK,Thread Group 1-6,text,true,2808,5809
1370228428365,3428,/lavasearch.php,200,OK,Thread Group 1-75,text,true,2808,3428
1370228428508,3288,/lavasearch.php,200,OK,Thread Group 1-70,text,true,2808,3288
1370228428515,3283,/lavasearch.php,200,OK,Thread Group 1-74,text,true,2808,3283
1370228428524,3277,/lavasearch.php,200,OK,Thread Group 1-20,text,true,2808,3277
1370228428536,3270,/lavasearch.php,200,OK,Thread Group 1-2,text,true,2808,3270
1370228428535,3275,/lavasearch.php,200,OK,Thread Group 1-22,text,true,2808,3275
1370228428564,3248,/lavasearch.php,200,OK,Thread Group 1-21,text,true,2808,3248
1370228428571,3246,/lavasearch.php,200,OK,Thread Group 1-23,text,true,2808,3246
1370228426565,5254,/lavasearch.php,200,OK,Thread Group 1-76,text,true,2808,5254
1370228428616,3206,/lavasearch.php,200,OK,Thread Group 1-26,text,true,2808,3206
1370228428622,3208,/lavasearch.php,200,OK,Thread Group 1-29,text,true,2808,3208
1370228428642,3190,/lavasearch.php,200,OK,Thread Group 1-27,text,true,2808,3190
1370228428637,3204,/lavasearch.php,200,OK,Thread Group 1-28,text,true,2808,3204
1370228428647,3195,/lavasearch.php,200,OK,Thread Group 1-30,text,true,2808,3195
1370228426860,4983,/lavasearch.php,200,OK,Thread Group 1-86,text,true,2808,4983
1370228427362,4498,/lavasearch.php,200,OK,Thread Group 1-83,text,true,2808,4498
1370228428688,3184,/lavasearch.php,200,OK,Thread Group 1-33,text,true,2808,3184
1370228428685,3214,/lavasearch.php,200,OK,Thread Group 1-32,text,true,2808,3214
1370228428740,3167,/lavasearch.php,200,OK,Thread Group 1-36,text,true,2808,3167
1370228428775,3138,/lavasearch.php,200,OK,Thread Group 1-81,text,true,2808,3138
1370228428788,3164,/lavasearch.php,200,OK,Thread Group 1-91,text,true,2808,3164
1370228428320,3664,/lavasearch.php,200,OK,Thread Group 1-100,text,true,2808,3664
1370228428785,3251,/lavasearch.php,200,OK,Thread Group 1-38,text,true,2808,3251
1370228428329,3722,/lavasearch.php,200,OK,Thread Group 1-19,text,true,2808,3722
1370228428828,3236,/lavasearch.php,200,OK,Thread Group 1-34,text,true,2808,3236
1370228428839,3266,/lavasearch.php,200,OK,Thread Group 1-85,text,true,2808,3266
1370228428847,3380,/lavasearch.php,200,OK,Thread Group 1-82,text,true,2808,3380
1370228428849,3390,/lavasearch.php,200,OK,Thread Group 1-90,text,true,2808,3390
1370228428863,3514,/lavasearch.php,200,OK,Thread Group 1-40,text,true,2808,3514
1370228428880,3520,/lavasearch.php,200,OK,Thread Group 1-41,text,true,2808,3520
1370228428889,3519,/lavasearch.php,200,OK,Thread Group 1-80,text,true,2808,3519
1370228428909,3537,/lavasearch.php,200,OK,Thread Group 1-42,text,true,2808,3537
1370228428935,3636,/lavasearch.php,200,OK,Thread Group 1-5,text,true,2808,3636
1370228428938,3649,/lavasearch.php,200,OK,Thread Group 1-43,text,true,2808,3649
1370228428947,3675,/lavasearch.php,200,OK,Thread Group 1-45,text,true,2808,3675
1370228428958,3695,/lavasearch.php,200,OK,Thread Group 1-46,text,true,2808,3695
1370228428967,3692,/lavasearch.php,200,OK,Thread Group 1-47,text,true,2808,3692
1370228428574,4095,/lavasearch.php,200,OK,Thread Group 1-24,text,true,2808,4095
1370228428679,3999,/lavasearch.php,200,OK,Thread Group 1-31,text,true,2808,3999
1370228428979,3709,/lavasearch.php,200,OK,Thread Group 1-51,text,true,2808,3709
1370228428718,3985,/lavasearch.php,200,OK,Thread Group 1-35,text,true,2808,3985
1370228428755,3950,/lavasearch.php,200,OK,Thread Group 1-37,text,true,2808,3950
1370228428987,3723,/lavasearch.php,200,OK,Thread Group 1-10,text,true,2808,3723
1370228429008,3702,/lavasearch.php,200,OK,Thread Group 1-9,text,true,2808,3702
1370228429021,3721,/lavasearch.php,200,OK,Thread Group 1-8,text,true,2808,3721
1370228429024,3768,/lavasearch.php,200,OK,Thread Group 1-12,text,true,2808,3768
1370228429041,3811,/lavasearch.php,200,OK,Thread Group 1-50,text,true,2808,3811
1370228428993,3894,/lavasearch.php,200,OK,Thread Group 1-48,text,true,2808,3894
1370228429025,4098,/lavasearch.php,200,OK,Thread Group 1-84,text,true,2808,4098
1370228428999,4296,/lavasearch.php,200,OK,Thread Group 1-11,text,true,2808,4296
1370228429057,4360,/lavasearch.php,200,OK,Thread Group 1-13,text,true,2808,4360
1370228429086,4437,/lavasearch.php,200,OK,Thread Group 1-49,text,true,2808,4437
1370228429085,4517,/lavasearch.php,200,OK,Thread Group 1-14,text,true,2808,4517
1370228429095,4873,/lavasearch.php,200,OK,Thread Group 1-53,text,true,2808,4873
1370228429102,4872,/lavasearch.php,200,OK,Thread Group 1-7,text,true,2808,4872
1370228429102,4948,/lavasearch.php,200,OK,Thread Group 1-52,text,true,2808,4948
1370228429130,4982,/lavasearch.php,200,OK,Thread Group 1-55,text,true,2808,4982
1370228429120,5017,/lavasearch.php,200,OK,Thread Group 1-58,text,true,2808,5017
1370228429165,5080,/lavasearch.php,200,OK,Thread Group 1-59,text,true,2808,5080
1370228429185,5067,/lavasearch.php,200,OK,Thread Group 1-87,text,true,2808,5067
1370228429182,5090,/lavasearch.php,200,OK,Thread Group 1-15,text,true,2808,5090
1370228429201,5138,/lavasearch.php,200,OK,Thread Group 1-56,text,true,2808,5138
1370228429210,5178,/lavasearch.php,200,OK,Thread Group 1-88,text,true,2808,5178
1370228429232,5200,/lavasearch.php,200,OK,Thread Group 1-63,text,true,2808,5200
1370228429283,5285,/lavasearch.php,200,OK,Thread Group 1-25,text,true,2808,5285
1370228429296,5526,/lavasearch.php,200,OK,Thread Group 1-61,text,true,2808,5526
1370228429309,5590,/lavasearch.php,200,OK,Thread Group 1-62,text,true,2808,5590
1370228429342,5574,/lavasearch.php,200,OK,Thread Group 1-66,text,true,2808,5574
1370228429500,5426,/lavasearch.php,200,OK,Thread Group 1-65,text,true,2808,5426
1370228429514,5415,/lavasearch.php,200,OK,Thread Group 1-99,text,true,2808,5415
1370228429624,5350,/lavasearch.php,200,OK,Thread Group 1-68,text,true,2808,5350
1370228429676,5325,/lavasearch.php,200,OK,Thread Group 1-98,text,true,2808,5325
1370228429765,5251,/lavasearch.php,200,OK,Thread Group 1-67,text,true,2808,5251
1370228429865,5183,/lavasearch.php,200,OK,Thread Group 1-71,text,true,2808,5183
1370228429951,5138,/lavasearch.php,200,OK,Thread Group 1-64,text,true,2808,5138
1370228430028,5133,/lavasearch.php,200,OK,Thread Group 1-79,text,true,2808,5133
1370228430375,4797,/lavasearch.php,200,OK,Thread Group 1-77,text,true,2808,4797
1370228430478,4699,/lavasearch.php,200,OK,Thread Group 1-78,text,true,2808,4699
1370228430498,4684,/lavasearch.php,200,OK,Thread Group 1-39,text,true,2808,4684
1370228430554,4639,/lavasearch.php,200,OK,Thread Group 1-69,text,true,2808,4639
1370228430604,4590,/lavasearch.php,200,OK,Thread Group 1-73,text,true,2808,4590
1370228430613,4658,/lavasearch.php,200,OK,Thread Group 1-54,text,true,2808,4658
1370228430625,4651,/lavasearch.php,200,OK,Thread Group 1-57,text,true,2808,4651
1370228430622,4681,/lavasearch.php,200,OK,Thread Group 1-44,text,true,2808,4681
1370228430679,4645,/lavasearch.php,200,OK,Thread Group 1-89,text,true,2808,4645
1370228430718,4656,/lavasearch.php,200,OK,Thread Group 1-92,text,true,2808,4656
1370228430819,4631,/lavasearch.php,200,OK,Thread Group 1-96,text,true,2808,4631
1370228430838,4635,/lavasearch.php,200,OK,Thread Group 1-97,text,true,2808,4635
1370228430859,4678,/lavasearch.php,200,OK,Thread Group 1-95,text,true,2808,4678
1370228430867,4692,/lavasearch.php,200,OK,Thread Group 1-93,text,true,2808,4692
1370228430941,4634,/lavasearch.php,200,OK,Thread Group 1-60,text,true,2808,4634
1370228431788,3938,/lavasearch.php,200,OK,Thread Group 1-72,text,true,2808,3938
1370228431798,3950,/lavasearch.php,200,OK,Thread Group 1-70,text,true,2808,3950
1370228431800,3954,/lavasearch.php,200,OK,Thread Group 1-74,text,true,2808,3954
1370228431822,4572,/lavasearch.php,200,OK,Thread Group 1-76,text,true,2808,4572
1370228431796,4610,/lavasearch.php,200,OK,Thread Group 1-75,text,true,2808,4610
1370228431861,4558,/lavasearch.php,200,OK,Thread Group 1-83,text,true,2808,4558
1370228431846,4576,/lavasearch.php,200,OK,Thread Group 1-86,text,true,2808,4576
1370228431915,4548,/lavasearch.php,200,OK,Thread Group 1-81,text,true,2808,4548
1370228431986,4488,/lavasearch.php,200,OK,Thread Group 1-100,text,true,2808,4488
1370228431954,4531,/lavasearch.php,200,OK,Thread Group 1-91,text,true,2808,4531
1370228432107,4389,/lavasearch.php,200,OK,Thread Group 1-85,text,true,2808,4389
1370228432228,4273,/lavasearch.php,200,OK,Thread Group 1-82,text,true,2808,4273
1370228432241,4267,/lavasearch.php,200,OK,Thread Group 1-90,text,true,2808,4267
1370228432410,4107,/lavasearch.php,200,OK,Thread Group 1-80,text,true,2808,4107
1370228433125,3396,/lavasearch.php,200,OK,Thread Group 1-84,text,true,2808,3396
1370228434254,2282,/lavasearch.php,200,OK,Thread Group 1-87,text,true,2808,2282
1370228434390,2157,/lavasearch.php,200,OK,Thread Group 1-88,text,true,2808,2157
1370228434931,1622,/lavasearch.php,200,OK,Thread Group 1-99,text,true,2808,1622
1370228435003,1676,/lavasearch.php,200,OK,Thread Group 1-98,text,true,2808,1676
1370228427893,10773,/lavasearch.php,200,OK,Thread Group 1-94,text,true,2808,10773
1370228438668,567,/lavasearch.php,200,OK,Thread Group 1-94,text,true,2808,567
