1370224181953,410,/addlava.php,200,OK,Thread Group 1-1,text,true,191,410
1370224182090,352,/addlava.php,200,OK,Thread Group 1-4,text,true,191,352
1370224181997,581,/addlava.php,200,OK,Thread Group 1-2,text,true,191,581
1370224182042,614,/addlava.php,200,OK,Thread Group 1-3,text,true,191,614
1370224182133,572,/addlava.php,200,OK,Thread Group 1-5,text,true,191,572
1370224182180,575,/addlava.php,200,OK,Thread Group 1-6,text,true,191,575
1370224182226,637,/addlava.php,200,OK,Thread Group 1-7,text,true,191,637
1370224182272,714,/addlava.php,200,OK,Thread Group 1-8,text,true,191,714
1370224182365,752,/addlava.php,200,OK,Thread Group 1-1,text,true,191,752
1370224182317,897,/addlava.php,200,OK,Thread Group 1-9,text,true,191,897
1370224182444,889,/addlava.php,200,OK,Thread Group 1-4,text,true,191,889
1370224182365,1033,/addlava.php,200,OK,Thread Group 1-10,text,true,191,1033
1370224182408,1068,/addlava.php,200,OK,Thread Group 1-11,text,true,191,1068
1370224182454,1082,/addlava.php,200,OK,Thread Group 1-12,text,true,191,1082
1370224182580,1131,/addlava.php,200,OK,Thread Group 1-2,text,true,191,1131
1370224182499,1263,/addlava.php,200,OK,Thread Group 1-13,text,true,191,1263
1370224182659,1243,/addlava.php,200,OK,Thread Group 1-3,text,true,191,1243
1370224182545,1417,/addlava.php,200,OK,Thread Group 1-14,text,true,191,1417
1370224182707,1302,/addlava.php,200,OK,Thread Group 1-5,text,true,191,1302
1370224182658,1406,/addlava.php,200,OK,Thread Group 1-15,text,true,191,1406
1370224182661,1448,/addlava.php,200,OK,Thread Group 1-16,text,true,191,1448
1370224182757,1413,/addlava.php,200,OK,Thread Group 1-6,text,true,191,1413
1370224182682,1592,/addlava.php,200,OK,Thread Group 1-17,text,true,191,1592
1370224182728,1612,/addlava.php,200,OK,Thread Group 1-18,text,true,191,1612
1370224182773,1722,/addlava.php,200,OK,Thread Group 1-19,text,true,191,1722
1370224182864,1702,/addlava.php,200,OK,Thread Group 1-7,text,true,191,1702
1370224182819,1798,/addlava.php,200,OK,Thread Group 1-20,text,true,191,1798
1370224182877,1791,/addlava.php,200,OK,Thread Group 1-21,text,true,191,1791
1370224182988,1757,/addlava.php,200,OK,Thread Group 1-8,text,true,191,1757
1370224182939,1852,/addlava.php,200,OK,Thread Group 1-22,text,true,191,1852
1370224183118,1782,/addlava.php,200,OK,Thread Group 1-1,text,true,191,1782
1370224183216,1749,/addlava.php,200,OK,Thread Group 1-9,text,true,191,1749
1370224183335,1676,/addlava.php,200,OK,Thread Group 1-4,text,true,191,1676
1370224183400,1682,/addlava.php,200,OK,Thread Group 1-10,text,true,191,1682
1370224183478,1660,/addlava.php,200,OK,Thread Group 1-11,text,true,191,1660
1370224183538,1674,/addlava.php,200,OK,Thread Group 1-12,text,true,191,1674
1370224183712,1557,/addlava.php,200,OK,Thread Group 1-2,text,true,191,1557
1370224183764,1641,/addlava.php,200,OK,Thread Group 1-13,text,true,191,1641
1370224183904,1551,/addlava.php,200,OK,Thread Group 1-3,text,true,191,1551
1370224183964,1545,/addlava.php,200,OK,Thread Group 1-14,text,true,191,1545
1370224184010,1559,/addlava.php,200,OK,Thread Group 1-5,text,true,191,1559
1370224184065,1543,/addlava.php,200,OK,Thread Group 1-15,text,true,191,1543
1370224184110,1557,/addlava.php,200,OK,Thread Group 1-16,text,true,191,1557
1370224184171,1544,/addlava.php,200,OK,Thread Group 1-6,text,true,191,1544
1370224184274,1485,/addlava.php,200,OK,Thread Group 1-17,text,true,191,1485
1370224184341,1449,/addlava.php,200,OK,Thread Group 1-18,text,true,191,1449
1370224184496,1414,/addlava.php,200,OK,Thread Group 1-19,text,true,191,1414
1370224184590,1433,/addlava.php,200,OK,Thread Group 1-7,text,true,191,1433
1370224184618,1487,/addlava.php,200,OK,Thread Group 1-20,text,true,191,1487
1370224184669,1501,/addlava.php,200,OK,Thread Group 1-21,text,true,191,1501
1370224184746,1549,/addlava.php,200,OK,Thread Group 1-8,text,true,191,1549
1370224184791,1598,/addlava.php,200,OK,Thread Group 1-22,text,true,191,1598
1370224184901,1542,/addlava.php,200,OK,Thread Group 1-1,text,true,191,1542
1370224184966,1536,/addlava.php,200,OK,Thread Group 1-9,text,true,191,1536
1370224185012,1543,/addlava.php,200,OK,Thread Group 1-4,text,true,191,1543
1370224185083,1553,/addlava.php,200,OK,Thread Group 1-10,text,true,191,1553
1370224185139,1551,/addlava.php,200,OK,Thread Group 1-11,text,true,191,1551
1370224185213,1532,/addlava.php,200,OK,Thread Group 1-12,text,true,191,1532
1370224185270,1521,/addlava.php,200,OK,Thread Group 1-2,text,true,191,1521
1370224185456,1387,/addlava.php,200,OK,Thread Group 1-3,text,true,191,1387
1370224185510,1380,/addlava.php,200,OK,Thread Group 1-14,text,true,191,1380
1370224185570,1368,/addlava.php,200,OK,Thread Group 1-5,text,true,191,1368
1370224185609,1385,/addlava.php,200,OK,Thread Group 1-15,text,true,191,1385
1370224185668,1395,/addlava.php,200,OK,Thread Group 1-16,text,true,191,1395
1370224185406,1775,/addlava.php,200,OK,Thread Group 1-13,text,true,191,1775
1370224185716,1563,/addlava.php,200,OK,Thread Group 1-6,text,true,191,1563
1370224185760,1666,/addlava.php,200,OK,Thread Group 1-17,text,true,191,1666
1370224185791,1784,/addlava.php,200,OK,Thread Group 1-18,text,true,191,1784
1370224185911,1664,/addlava.php,200,OK,Thread Group 1-19,text,true,191,1664
1370224186023,1580,/addlava.php,200,OK,Thread Group 1-7,text,true,191,1580
1370224186105,1545,/addlava.php,200,OK,Thread Group 1-20,text,true,191,1545
1370224186171,1527,/addlava.php,200,OK,Thread Group 1-21,text,true,191,1527
1370224186295,1466,/addlava.php,200,OK,Thread Group 1-8,text,true,191,1466
1370224186390,1435,/addlava.php,200,OK,Thread Group 1-22,text,true,191,1435
1370224186443,1464,/addlava.php,200,OK,Thread Group 1-1,text,true,191,1464
1370224186503,1460,/addlava.php,200,OK,Thread Group 1-9,text,true,191,1460
1370224186556,1451,/addlava.php,200,OK,Thread Group 1-4,text,true,191,1451
1370224186636,1449,/addlava.php,200,OK,Thread Group 1-10,text,true,191,1449
1370224186690,1473,/addlava.php,200,OK,Thread Group 1-11,text,true,191,1473
1370224186746,1480,/addlava.php,200,OK,Thread Group 1-12,text,true,191,1480
1370224186791,1483,/addlava.php,200,OK,Thread Group 1-2,text,true,191,1483
1370224186845,1518,/addlava.php,200,OK,Thread Group 1-3,text,true,191,1518
1370224186891,1641,/addlava.php,200,OK,Thread Group 1-14,text,true,191,1641
1370224186939,1684,/addlava.php,200,OK,Thread Group 1-5,text,true,191,1684
1370224186994,1680,/addlava.php,200,OK,Thread Group 1-15,text,true,191,1680
1370224187063,1655,/addlava.php,200,OK,Thread Group 1-16,text,true,191,1655
1370224187182,1607,/addlava.php,200,OK,Thread Group 1-13,text,true,191,1607
1370224187280,1579,/addlava.php,200,OK,Thread Group 1-6,text,true,191,1579
1370224187427,1475,/addlava.php,200,OK,Thread Group 1-17,text,true,191,1475
1370224187576,1392,/addlava.php,200,OK,Thread Group 1-18,text,true,191,1392
1370224187576,1444,/addlava.php,200,OK,Thread Group 1-19,text,true,191,1444
1370224187605,1533,/addlava.php,200,OK,Thread Group 1-7,text,true,191,1533
1370224187652,1560,/addlava.php,200,OK,Thread Group 1-20,text,true,191,1560
1370224187699,1611,/addlava.php,200,OK,Thread Group 1-21,text,true,191,1611
1370224187763,1627,/addlava.php,200,OK,Thread Group 1-8,text,true,191,1627
1370224187826,1668,/addlava.php,200,OK,Thread Group 1-22,text,true,191,1668
1370224187908,1639,/addlava.php,200,OK,Thread Group 1-1,text,true,191,1639
1370224187964,1656,/addlava.php,200,OK,Thread Group 1-9,text,true,191,1656
1370224188008,1799,/addlava.php,200,OK,Thread Group 1-4,text,true,191,1799
1370224188086,1740,/addlava.php,200,OK,Thread Group 1-10,text,true,191,1740
1370224188165,1714,/addlava.php,200,OK,Thread Group 1-11,text,true,191,1714
1370224188228,1729,/addlava.php,200,OK,Thread Group 1-12,text,true,191,1729
1370224188275,1729,/addlava.php,200,OK,Thread Group 1-2,text,true,191,1729
1370224188365,1752,/addlava.php,200,OK,Thread Group 1-3,text,true,191,1752
1370224188534,1648,/addlava.php,200,OK,Thread Group 1-14,text,true,191,1648
1370224188624,1606,/addlava.php,200,OK,Thread Group 1-5,text,true,191,1606
1370224188675,1598,/addlava.php,200,OK,Thread Group 1-15,text,true,191,1598
1370224188720,1586,/addlava.php,200,OK,Thread Group 1-16,text,true,191,1586
1370224188791,1586,/addlava.php,200,OK,Thread Group 1-13,text,true,191,1586
1370224188861,1640,/addlava.php,200,OK,Thread Group 1-6,text,true,191,1640
1370224188905,1685,/addlava.php,200,OK,Thread Group 1-17,text,true,191,1685
1370224188970,1733,/addlava.php,200,OK,Thread Group 1-18,text,true,191,1733
1370224189021,1802,/addlava.php,200,OK,Thread Group 1-19,text,true,191,1802
1370224189140,1799,/addlava.php,200,OK,Thread Group 1-7,text,true,191,1799
1370224189214,1781,/addlava.php,200,OK,Thread Group 1-20,text,true,191,1781
1370224189311,1741,/addlava.php,200,OK,Thread Group 1-21,text,true,191,1741
1370224189391,1728,/addlava.php,200,OK,Thread Group 1-8,text,true,191,1728
1370224189495,1672,/addlava.php,200,OK,Thread Group 1-22,text,true,191,1672
1370224189549,1819,/addlava.php,200,OK,Thread Group 1-1,text,true,191,1819
1370224189621,1862,/addlava.php,200,OK,Thread Group 1-9,text,true,191,1862
1370224189809,1718,/addlava.php,200,OK,Thread Group 1-4,text,true,191,1718
1370224189828,1750,/addlava.php,200,OK,Thread Group 1-10,text,true,191,1750
1370224189882,1949,/addlava.php,200,OK,Thread Group 1-11,text,true,191,1949
1370224189958,1942,/addlava.php,200,OK,Thread Group 1-12,text,true,191,1942
1370224190005,1946,/addlava.php,200,OK,Thread Group 1-2,text,true,191,1946
1370224190119,1937,/addlava.php,200,OK,Thread Group 1-3,text,true,191,1937
1370224190184,1920,/addlava.php,200,OK,Thread Group 1-14,text,true,191,1920
1370224190232,1912,/addlava.php,200,OK,Thread Group 1-5,text,true,191,1912
1370224190274,1912,/addlava.php,200,OK,Thread Group 1-15,text,true,191,1912
1370224190307,1942,/addlava.php,200,OK,Thread Group 1-16,text,true,191,1942
1370224190379,1914,/addlava.php,200,OK,Thread Group 1-13,text,true,191,1914
1370224190502,1846,/addlava.php,200,OK,Thread Group 1-6,text,true,191,1846
1370224190592,1804,/addlava.php,200,OK,Thread Group 1-17,text,true,191,1804
1370224190705,1781,/addlava.php,200,OK,Thread Group 1-18,text,true,191,1781
1370224190824,1725,/addlava.php,200,OK,Thread Group 1-19,text,true,191,1725
1370224190940,1673,/addlava.php,200,OK,Thread Group 1-7,text,true,191,1673
1370224190997,1672,/addlava.php,200,OK,Thread Group 1-20,text,true,191,1672
1370224191123,1658,/addlava.php,200,OK,Thread Group 1-8,text,true,191,1658
1370224191169,1734,/addlava.php,200,OK,Thread Group 1-22,text,true,191,1734
1370224191371,1605,/addlava.php,200,OK,Thread Group 1-1,text,true,191,1605
1370224191055,2134,/addlava.php,200,OK,Thread Group 1-21,text,true,191,2134
1370224191486,1870,/addlava.php,200,OK,Thread Group 1-9,text,true,191,1870
1370224191530,1946,/addlava.php,200,OK,Thread Group 1-4,text,true,191,1946
1370224191582,2051,/addlava.php,200,OK,Thread Group 1-10,text,true,191,2051
1370224191834,1926,/addlava.php,200,OK,Thread Group 1-11,text,true,191,1926
1370224191903,1914,/addlava.php,200,OK,Thread Group 1-12,text,true,191,1914
1370224191954,1899,/addlava.php,200,OK,Thread Group 1-2,text,true,191,1899
1370224192060,1846,/addlava.php,200,OK,Thread Group 1-3,text,true,191,1846
1370224192106,1854,/addlava.php,200,OK,Thread Group 1-14,text,true,191,1854
1370224192147,1940,/addlava.php,200,OK,Thread Group 1-5,text,true,191,1940
1370224192188,1964,/addlava.php,200,OK,Thread Group 1-15,text,true,191,1964
1370224192252,1960,/addlava.php,200,OK,Thread Group 1-16,text,true,191,1960
1370224192296,1973,/addlava.php,200,OK,Thread Group 1-13,text,true,191,1973
1370224192350,1967,/addlava.php,200,OK,Thread Group 1-6,text,true,191,1967
1370224192398,1973,/addlava.php,200,OK,Thread Group 1-17,text,true,191,1973
1370224192490,1920,/addlava.php,200,OK,Thread Group 1-18,text,true,191,1920
1370224192553,1910,/addlava.php,200,OK,Thread Group 1-19,text,true,191,1910
1370224192616,1945,/addlava.php,200,OK,Thread Group 1-7,text,true,191,1945
1370224192671,1925,/addlava.php,200,OK,Thread Group 1-20,text,true,191,1925
1370224192783,1881,/addlava.php,200,OK,Thread Group 1-8,text,true,191,1881
1370224192905,1807,/addlava.php,200,OK,Thread Group 1-22,text,true,191,1807
1370224192977,1810,/addlava.php,200,OK,Thread Group 1-1,text,true,191,1810
1370224193191,1641,/addlava.php,200,OK,Thread Group 1-21,text,true,191,1641
1370224193358,1519,/addlava.php,200,OK,Thread Group 1-9,text,true,191,1519
1370224193477,1489,/addlava.php,200,OK,Thread Group 1-4,text,true,191,1489
1370224193636,1406,/addlava.php,200,OK,Thread Group 1-10,text,true,191,1406
1370224193761,1392,/addlava.php,200,OK,Thread Group 1-11,text,true,191,1392
1370224193819,1413,/addlava.php,200,OK,Thread Group 1-12,text,true,191,1413
1370224193854,1435,/addlava.php,200,OK,Thread Group 1-2,text,true,191,1435
1370224193908,1448,/addlava.php,200,OK,Thread Group 1-3,text,true,191,1448
1370224193962,1469,/addlava.php,200,OK,Thread Group 1-14,text,true,191,1469
1370224194088,1464,/addlava.php,200,OK,Thread Group 1-5,text,true,191,1464
1370224194153,1467,/addlava.php,200,OK,Thread Group 1-15,text,true,191,1467
1370224194214,1442,/addlava.php,200,OK,Thread Group 1-16,text,true,191,1442
1370224194270,1431,/addlava.php,200,OK,Thread Group 1-13,text,true,191,1431
1370224194319,1438,/addlava.php,200,OK,Thread Group 1-6,text,true,191,1438
1370224194373,1433,/addlava.php,200,OK,Thread Group 1-17,text,true,191,1433
1370224194412,1552,/addlava.php,200,OK,Thread Group 1-18,text,true,191,1552
1370224194465,1640,/addlava.php,200,OK,Thread Group 1-19,text,true,191,1640
1370224194562,1647,/addlava.php,200,OK,Thread Group 1-7,text,true,191,1647
1370224194598,1689,/addlava.php,200,OK,Thread Group 1-20,text,true,191,1689
1370224194666,1743,/addlava.php,200,OK,Thread Group 1-8,text,true,191,1743
1370224194715,1746,/addlava.php,200,OK,Thread Group 1-22,text,true,191,1746
1370224194790,1750,/addlava.php,200,OK,Thread Group 1-1,text,true,191,1750
1370224194834,1765,/addlava.php,200,OK,Thread Group 1-21,text,true,191,1765
1370224194879,1777,/addlava.php,200,OK,Thread Group 1-9,text,true,191,1777
1370224194967,1752,/addlava.php,200,OK,Thread Group 1-4,text,true,191,1752
1370224195044,1723,/addlava.php,200,OK,Thread Group 1-10,text,true,191,1723
1370224195154,1677,/addlava.php,200,OK,Thread Group 1-11,text,true,191,1677
1370224195234,1700,/addlava.php,200,OK,Thread Group 1-12,text,true,191,1700
1370224195358,1642,/addlava.php,200,OK,Thread Group 1-3,text,true,191,1642
1370224195433,1621,/addlava.php,200,OK,Thread Group 1-14,text,true,191,1621
1370224195553,1554,/addlava.php,200,OK,Thread Group 1-5,text,true,191,1554
1370224195621,1535,/addlava.php,200,OK,Thread Group 1-15,text,true,191,1535
1370224195290,1903,/addlava.php,200,OK,Thread Group 1-2,text,true,191,1903
1370224195657,1583,/addlava.php,200,OK,Thread Group 1-16,text,true,191,1583
1370224195758,1517,/addlava.php,200,OK,Thread Group 1-6,text,true,191,1517
1370224195702,1621,/addlava.php,200,OK,Thread Group 1-13,text,true,191,1621
1370224195807,1554,/addlava.php,200,OK,Thread Group 1-17,text,true,191,1554
1370224195966,1440,/addlava.php,200,OK,Thread Group 1-18,text,true,191,1440
1370224196107,1345,/addlava.php,200,OK,Thread Group 1-19,text,true,191,1345
1370224196211,1305,/addlava.php,200,OK,Thread Group 1-7,text,true,191,1305
1370224196410,1154,/addlava.php,200,OK,Thread Group 1-8,text,true,191,1154
1370224196463,1131,/addlava.php,200,OK,Thread Group 1-22,text,true,191,1131
1370224196600,1042,/addlava.php,200,OK,Thread Group 1-21,text,true,191,1042
1370224196289,1501,/addlava.php,200,OK,Thread Group 1-20,text,true,191,1501
1370224196658,1205,/addlava.php,200,OK,Thread Group 1-9,text,true,191,1205
1370224196769,1166,/addlava.php,200,OK,Thread Group 1-10,text,true,191,1166
1370224196832,1213,/addlava.php,200,OK,Thread Group 1-11,text,true,191,1213
1370224196936,1149,/addlava.php,200,OK,Thread Group 1-12,text,true,191,1149
1370224197056,1071,/addlava.php,200,OK,Thread Group 1-14,text,true,191,1071
1370224197158,1025,/addlava.php,200,OK,Thread Group 1-15,text,true,191,1025
1370224197241,1006,/addlava.php,200,OK,Thread Group 1-16,text,true,191,1006
1370224197324,1034,/addlava.php,200,OK,Thread Group 1-13,text,true,191,1034
1370224197363,1060,/addlava.php,200,OK,Thread Group 1-17,text,true,191,1060
1370224197407,1152,/addlava.php,200,OK,Thread Group 1-18,text,true,191,1152
1370224197454,1204,/addlava.php,200,OK,Thread Group 1-19,text,true,191,1204
1370224197598,1195,/addlava.php,200,OK,Thread Group 1-22,text,true,191,1195
1370224197644,1211,/addlava.php,200,OK,Thread Group 1-21,text,true,191,1211
1370224197791,1105,/addlava.php,200,OK,Thread Group 1-20,text,true,191,1105
