1370229246709,255,/fetchuserreview.php,200,OK,Thread Group 1-2,text,true,341,255
1370229246719,368,/fetchuserreview.php,200,OK,Thread Group 1-3,text,true,341,368
1370229246729,433,/fetchuserreview.php,200,OK,Thread Group 1-4,text,true,341,433
1370229246738,628,/fetchuserreview.php,200,OK,Thread Group 1-5,text,true,341,628
1370229246700,667,/fetchuserreview.php,200,OK,Thread Group 1-1,text,true,341,667
1370229246749,639,/fetchuserreview.php,200,OK,Thread Group 1-6,text,true,341,639
1370229246759,693,/fetchuserreview.php,200,OK,Thread Group 1-7,text,true,341,693
1370229246769,686,/fetchuserreview.php,200,OK,Thread Group 1-8,text,true,341,686
1370229246779,763,/fetchuserreview.php,200,OK,Thread Group 1-9,text,true,341,763
1370229246790,829,/fetchuserreview.php,200,OK,Thread Group 1-10,text,true,341,829
1370229246800,841,/fetchuserreview.php,200,OK,Thread Group 1-11,text,true,341,841
1370229246811,840,/fetchuserreview.php,200,OK,Thread Group 1-12,text,true,341,840
1370229246821,881,/fetchuserreview.php,200,OK,Thread Group 1-13,text,true,341,881
1370229246842,932,/fetchuserreview.php,200,OK,Thread Group 1-15,text,true,341,932
1370229246851,949,/fetchuserreview.php,200,OK,Thread Group 1-16,text,true,341,949
1370229246831,1163,/fetchuserreview.php,200,OK,Thread Group 1-14,text,true,341,1163
1370229246861,1180,/fetchuserreview.php,200,OK,Thread Group 1-17,text,true,341,1180
1370229246871,1244,/fetchuserreview.php,200,OK,Thread Group 1-18,text,true,341,1244
1370229246966,1257,/fetchuserreview.php,200,OK,Thread Group 1-2,text,true,341,1257
1370229246912,1365,/fetchuserreview.php,200,OK,Thread Group 1-22,text,true,341,1365
1370229246883,1448,/fetchuserreview.php,200,OK,Thread Group 1-19,text,true,341,1448
1370229246903,1484,/fetchuserreview.php,200,OK,Thread Group 1-21,text,true,341,1484
1370229246892,1651,/fetchuserreview.php,200,OK,Thread Group 1-20,text,true,341,1651
1370229246943,1633,/fetchuserreview.php,200,OK,Thread Group 1-25,text,true,341,1633
1370229246922,1686,/fetchuserreview.php,200,OK,Thread Group 1-23,text,true,341,1686
1370229246953,1691,/fetchuserreview.php,200,OK,Thread Group 1-26,text,true,341,1691
1370229246933,1741,/fetchuserreview.php,200,OK,Thread Group 1-24,text,true,341,1741
1370229247090,1623,/fetchuserreview.php,200,OK,Thread Group 1-3,text,true,341,1623
1370229246964,1777,/fetchuserreview.php,200,OK,Thread Group 1-27,text,true,341,1777
1370229246975,1807,/fetchuserreview.php,200,OK,Thread Group 1-28,text,true,341,1807
1370229246993,1821,/fetchuserreview.php,200,OK,Thread Group 1-30,text,true,341,1821
1370229246983,1863,/fetchuserreview.php,200,OK,Thread Group 1-29,text,true,341,1863
1370229247004,1876,/fetchuserreview.php,200,OK,Thread Group 1-31,text,true,341,1876
1370229247015,1908,/fetchuserreview.php,200,OK,Thread Group 1-32,text,true,341,1908
1370229247034,1959,/fetchuserreview.php,200,OK,Thread Group 1-34,text,true,341,1959
1370229247024,2054,/fetchuserreview.php,200,OK,Thread Group 1-33,text,true,341,2054
1370229247045,2057,/fetchuserreview.php,200,OK,Thread Group 1-35,text,true,341,2057
1370229247167,2044,/fetchuserreview.php,200,OK,Thread Group 1-4,text,true,341,2044
1370229247064,2172,/fetchuserreview.php,200,OK,Thread Group 1-37,text,true,341,2172
1370229247054,2235,/fetchuserreview.php,200,OK,Thread Group 1-36,text,true,341,2235
1370229247077,2241,/fetchuserreview.php,200,OK,Thread Group 1-38,text,true,341,2241
1370229247086,2443,/fetchuserreview.php,200,OK,Thread Group 1-39,text,true,341,2443
1370229247095,2434,/fetchuserreview.php,200,OK,Thread Group 1-40,text,true,341,2434
1370229247116,2439,/fetchuserreview.php,200,OK,Thread Group 1-42,text,true,341,2439
1370229247105,2495,/fetchuserreview.php,200,OK,Thread Group 1-41,text,true,341,2495
1370229247125,2541,/fetchuserreview.php,200,OK,Thread Group 1-43,text,true,341,2541
1370229247368,2359,/fetchuserreview.php,200,OK,Thread Group 1-5,text,true,341,2359
1370229247370,2460,/fetchuserreview.php,200,OK,Thread Group 1-1,text,true,341,2460
1370229247136,2732,/fetchuserreview.php,200,OK,Thread Group 1-44,text,true,341,2732
1370229247156,2728,/fetchuserreview.php,200,OK,Thread Group 1-46,text,true,341,2728
1370229247149,2772,/fetchuserreview.php,200,OK,Thread Group 1-45,text,true,341,2772
1370229247390,2638,/fetchuserreview.php,200,OK,Thread Group 1-6,text,true,341,2638
1370229247178,2900,/fetchuserreview.php,200,OK,Thread Group 1-48,text,true,341,2900
1370229247170,2946,/fetchuserreview.php,200,OK,Thread Group 1-47,text,true,341,2946
1370229247189,2956,/fetchuserreview.php,200,OK,Thread Group 1-49,text,true,341,2956
1370229247196,2978,/fetchuserreview.php,200,OK,Thread Group 1-50,text,true,341,2978
1370229247221,2982,/fetchuserreview.php,200,OK,Thread Group 1-52,text,true,341,2982
1370229247228,3009,/fetchuserreview.php,200,OK,Thread Group 1-53,text,true,341,3009
1370229247212,3092,/fetchuserreview.php,200,OK,Thread Group 1-51,text,true,341,3092
1370229247251,3075,/fetchuserreview.php,200,OK,Thread Group 1-55,text,true,341,3075
1370229247454,2982,/fetchuserreview.php,200,OK,Thread Group 1-7,text,true,341,2982
1370229247238,3234,/fetchuserreview.php,200,OK,Thread Group 1-54,text,true,341,3234
1370229247457,3076,/fetchuserreview.php,200,OK,Thread Group 1-8,text,true,341,3076
1370229247271,3364,/fetchuserreview.php,200,OK,Thread Group 1-57,text,true,341,3364
1370229247259,3411,/fetchuserreview.php,200,OK,Thread Group 1-56,text,true,341,3411
1370229247301,3400,/fetchuserreview.php,200,OK,Thread Group 1-60,text,true,341,3400
1370229247291,3442,/fetchuserreview.php,200,OK,Thread Group 1-59,text,true,341,3442
1370229247546,3244,/fetchuserreview.php,200,OK,Thread Group 1-9,text,true,341,3244
1370229247321,3494,/fetchuserreview.php,200,OK,Thread Group 1-62,text,true,341,3494
1370229247282,3589,/fetchuserreview.php,200,OK,Thread Group 1-58,text,true,341,3589
1370229247311,3581,/fetchuserreview.php,200,OK,Thread Group 1-61,text,true,341,3581
1370229247342,3581,/fetchuserreview.php,200,OK,Thread Group 1-64,text,true,341,3581
1370229247331,3635,/fetchuserreview.php,200,OK,Thread Group 1-63,text,true,341,3635
1370229247621,3397,/fetchuserreview.php,200,OK,Thread Group 1-10,text,true,341,3397
1370229247362,3690,/fetchuserreview.php,200,OK,Thread Group 1-66,text,true,341,3690
1370229247353,3753,/fetchuserreview.php,200,OK,Thread Group 1-65,text,true,341,3753
1370229247383,3821,/fetchuserreview.php,200,OK,Thread Group 1-68,text,true,341,3821
1370229247392,3850,/fetchuserreview.php,200,OK,Thread Group 1-69,text,true,341,3850
1370229247653,3626,/fetchuserreview.php,200,OK,Thread Group 1-12,text,true,341,3626
1370229247444,3890,/fetchuserreview.php,200,OK,Thread Group 1-74,text,true,341,3890
1370229247411,3972,/fetchuserreview.php,200,OK,Thread Group 1-71,text,true,341,3972
1370229247433,3978,/fetchuserreview.php,200,OK,Thread Group 1-73,text,true,341,3978
1370229247401,4071,/fetchuserreview.php,200,OK,Thread Group 1-70,text,true,341,4071
1370229247644,3917,/fetchuserreview.php,200,OK,Thread Group 1-11,text,true,341,3917
1370229247472,4117,/fetchuserreview.php,200,OK,Thread Group 1-77,text,true,341,4117
1370229247421,4220,/fetchuserreview.php,200,OK,Thread Group 1-72,text,true,341,4220
1370229247463,4341,/fetchuserreview.php,200,OK,Thread Group 1-76,text,true,341,4341
1370229247454,4421,/fetchuserreview.php,200,OK,Thread Group 1-75,text,true,341,4421
1370229247516,4362,/fetchuserreview.php,200,OK,Thread Group 1-81,text,true,341,4362
1370229247493,4430,/fetchuserreview.php,200,OK,Thread Group 1-79,text,true,341,4430
1370229247483,4449,/fetchuserreview.php,200,OK,Thread Group 1-78,text,true,341,4449
1370229247534,4426,/fetchuserreview.php,200,OK,Thread Group 1-83,text,true,341,4426
1370229247505,4576,/fetchuserreview.php,200,OK,Thread Group 1-80,text,true,341,4576
1370229247553,4673,/fetchuserreview.php,200,OK,Thread Group 1-85,text,true,341,4673
1370229247548,4767,/fetchuserreview.php,200,OK,Thread Group 1-84,text,true,341,4767
1370229247597,4773,/fetchuserreview.php,200,OK,Thread Group 1-89,text,true,341,4773
1370229247565,4850,/fetchuserreview.php,200,OK,Thread Group 1-86,text,true,341,4850
1370229247587,4923,/fetchuserreview.php,200,OK,Thread Group 1-88,text,true,341,4922
1370229247605,5018,/fetchuserreview.php,200,OK,Thread Group 1-90,text,true,341,5018
1370229247704,5053,/fetchuserreview.php,200,OK,Thread Group 1-13,text,true,341,5053
1370229247576,5236,/fetchuserreview.php,200,OK,Thread Group 1-87,text,true,341,5236
1370229247523,5361,/fetchuserreview.php,200,OK,Thread Group 1-82,text,true,341,5361
1370229247625,5343,/fetchuserreview.php,200,OK,Thread Group 1-92,text,true,341,5343
1370229247615,5392,/fetchuserreview.php,200,OK,Thread Group 1-91,text,true,341,5392
1370229247635,5430,/fetchuserreview.php,200,OK,Thread Group 1-93,text,true,341,5430
1370229247648,5457,/fetchuserreview.php,200,OK,Thread Group 1-94,text,true,341,5457
1370229247656,5482,/fetchuserreview.php,200,OK,Thread Group 1-95,text,true,341,5482
1370229247666,5519,/fetchuserreview.php,200,OK,Thread Group 1-96,text,true,341,5519
1370229247676,5531,/fetchuserreview.php,200,OK,Thread Group 1-97,text,true,341,5531
1370229247776,5505,/fetchuserreview.php,200,OK,Thread Group 1-15,text,true,341,5505
1370229247801,5492,/fetchuserreview.php,200,OK,Thread Group 1-16,text,true,341,5492
1370229247686,5607,/fetchuserreview.php,200,OK,Thread Group 1-98,text,true,341,5607
1370229247697,5614,/fetchuserreview.php,200,OK,Thread Group 1-99,text,true,341,5614
1370229247708,5633,/fetchuserreview.php,200,OK,Thread Group 1-100,text,true,341,5633
1370229247996,5376,/fetchuserreview.php,200,OK,Thread Group 1-14,text,true,341,5376
1370229248043,5418,/fetchuserreview.php,200,OK,Thread Group 1-17,text,true,341,5418
1370229248117,5395,/fetchuserreview.php,200,OK,Thread Group 1-18,text,true,341,5395
1370229248224,5331,/fetchuserreview.php,200,OK,Thread Group 1-2,text,true,341,5331
1370229248279,5377,/fetchuserreview.php,200,OK,Thread Group 1-22,text,true,341,5377
1370229248332,5358,/fetchuserreview.php,200,OK,Thread Group 1-19,text,true,341,5358
1370229248389,5347,/fetchuserreview.php,200,OK,Thread Group 1-21,text,true,341,5347
1370229247372,6385,/fetchuserreview.php,200,OK,Thread Group 1-67,text,true,341,6385
1370229248545,5247,/fetchuserreview.php,200,OK,Thread Group 1-20,text,true,341,5247
1370229248578,5241,/fetchuserreview.php,200,OK,Thread Group 1-25,text,true,341,5241
1370229248609,5247,/fetchuserreview.php,200,OK,Thread Group 1-23,text,true,341,5246
1370229248670,5228,/fetchuserreview.php,200,OK,Thread Group 1-26,text,true,341,5228
1370229248675,5269,/fetchuserreview.php,200,OK,Thread Group 1-24,text,true,341,5269
1370229248714,5362,/fetchuserreview.php,200,OK,Thread Group 1-3,text,true,341,5362
1370229248743,5382,/fetchuserreview.php,200,OK,Thread Group 1-27,text,true,341,5382
1370229248783,5442,/fetchuserreview.php,200,OK,Thread Group 1-28,text,true,341,5442
1370229248817,5450,/fetchuserreview.php,200,OK,Thread Group 1-30,text,true,341,5450
1370229248848,5451,/fetchuserreview.php,200,OK,Thread Group 1-29,text,true,341,5451
1370229248883,5450,/fetchuserreview.php,200,OK,Thread Group 1-31,text,true,341,5450
1370229248925,5441,/fetchuserreview.php,200,OK,Thread Group 1-32,text,true,341,5441
1370229248994,5405,/fetchuserreview.php,200,OK,Thread Group 1-34,text,true,341,5405
1370229249079,5354,/fetchuserreview.php,200,OK,Thread Group 1-33,text,true,341,5354
1370229249104,5361,/fetchuserreview.php,200,OK,Thread Group 1-35,text,true,341,5361
1370229249213,5277,/fetchuserreview.php,200,OK,Thread Group 1-4,text,true,341,5277
1370229249238,5284,/fetchuserreview.php,200,OK,Thread Group 1-37,text,true,341,5284
1370229249291,5266,/fetchuserreview.php,200,OK,Thread Group 1-36,text,true,341,5266
1370229249530,5077,/fetchuserreview.php,200,OK,Thread Group 1-38,text,true,341,5077
1370229249531,5118,/fetchuserreview.php,200,OK,Thread Group 1-39,text,true,341,5118
1370229249531,5147,/fetchuserreview.php,200,OK,Thread Group 1-40,text,true,341,5147
1370229249556,5171,/fetchuserreview.php,200,OK,Thread Group 1-42,text,true,341,5171
1370229249601,5155,/fetchuserreview.php,200,OK,Thread Group 1-41,text,true,341,5155
1370229249668,5127,/fetchuserreview.php,200,OK,Thread Group 1-43,text,true,341,5127
1370229249729,5117,/fetchuserreview.php,200,OK,Thread Group 1-5,text,true,341,5117
1370229249832,5132,/fetchuserreview.php,200,OK,Thread Group 1-1,text,true,341,5132
1370229249869,5127,/fetchuserreview.php,200,OK,Thread Group 1-44,text,true,341,5127
1370229249886,5148,/fetchuserreview.php,200,OK,Thread Group 1-46,text,true,341,5148
1370229249922,5158,/fetchuserreview.php,200,OK,Thread Group 1-45,text,true,341,5158
1370229250030,5085,/fetchuserreview.php,200,OK,Thread Group 1-6,text,true,341,5085
1370229250080,5084,/fetchuserreview.php,200,OK,Thread Group 1-48,text,true,341,5084
1370229250118,5106,/fetchuserreview.php,200,OK,Thread Group 1-47,text,true,341,5106
1370229250148,5102,/fetchuserreview.php,200,OK,Thread Group 1-49,text,true,341,5102
1370229250175,5119,/fetchuserreview.php,200,OK,Thread Group 1-50,text,true,341,5119
1370229250205,5120,/fetchuserreview.php,200,OK,Thread Group 1-52,text,true,341,5120
1370229250239,5119,/fetchuserreview.php,200,OK,Thread Group 1-53,text,true,341,5119
1370229250306,5125,/fetchuserreview.php,200,OK,Thread Group 1-51,text,true,341,5125
1370229250327,5237,/fetchuserreview.php,200,OK,Thread Group 1-55,text,true,341,5237
1370229250437,5198,/fetchuserreview.php,200,OK,Thread Group 1-7,text,true,341,5198
1370229250474,5201,/fetchuserreview.php,200,OK,Thread Group 1-54,text,true,341,5201
1370229250534,5243,/fetchuserreview.php,200,OK,Thread Group 1-8,text,true,341,5243
1370229250637,5217,/fetchuserreview.php,200,OK,Thread Group 1-57,text,true,341,5217
1370229250672,5248,/fetchuserreview.php,200,OK,Thread Group 1-56,text,true,341,5248
1370229250703,5297,/fetchuserreview.php,200,OK,Thread Group 1-60,text,true,341,5297
1370229250735,5322,/fetchuserreview.php,200,OK,Thread Group 1-59,text,true,341,5322
1370229250792,5338,/fetchuserreview.php,200,OK,Thread Group 1-9,text,true,341,5338
1370229250816,5440,/fetchuserreview.php,200,OK,Thread Group 1-62,text,true,341,5440
1370229250873,5388,/fetchuserreview.php,200,OK,Thread Group 1-58,text,true,341,5388
1370229250925,5399,/fetchuserreview.php,200,OK,Thread Group 1-64,text,true,341,5399
1370229250894,5430,/fetchuserreview.php,200,OK,Thread Group 1-61,text,true,341,5430
1370229250968,5390,/fetchuserreview.php,200,OK,Thread Group 1-63,text,true,341,5390
1370229251020,5386,/fetchuserreview.php,200,OK,Thread Group 1-10,text,true,341,5386
1370229251053,5381,/fetchuserreview.php,200,OK,Thread Group 1-66,text,true,341,5381
1370229251108,5366,/fetchuserreview.php,200,OK,Thread Group 1-65,text,true,341,5366
1370229251206,5371,/fetchuserreview.php,200,OK,Thread Group 1-68,text,true,341,5371
1370229251243,5421,/fetchuserreview.php,200,OK,Thread Group 1-69,text,true,341,5421
1370229251281,5426,/fetchuserreview.php,200,OK,Thread Group 1-12,text,true,341,5426
1370229251336,5389,/fetchuserreview.php,200,OK,Thread Group 1-74,text,true,341,5389
1370229251384,5376,/fetchuserreview.php,200,OK,Thread Group 1-71,text,true,341,5376
1370229251411,5381,/fetchuserreview.php,200,OK,Thread Group 1-73,text,true,341,5381
1370229251473,5359,/fetchuserreview.php,200,OK,Thread Group 1-70,text,true,341,5359
1370229251561,5303,/fetchuserreview.php,200,OK,Thread Group 1-11,text,true,341,5303
1370229251590,5305,/fetchuserreview.php,200,OK,Thread Group 1-77,text,true,341,5305
1370229251643,5287,/fetchuserreview.php,200,OK,Thread Group 1-72,text,true,341,5287
1370229251805,5159,/fetchuserreview.php,200,OK,Thread Group 1-76,text,true,341,5159
1370229251876,5126,/fetchuserreview.php,200,OK,Thread Group 1-75,text,true,341,5126
1370229251878,5173,/fetchuserreview.php,200,OK,Thread Group 1-81,text,true,341,5173
1370229251924,5180,/fetchuserreview.php,200,OK,Thread Group 1-79,text,true,341,5180
1370229251932,5229,/fetchuserreview.php,200,OK,Thread Group 1-78,text,true,341,5229
1370229251960,5354,/fetchuserreview.php,200,OK,Thread Group 1-83,text,true,341,5354
1370229252082,5276,/fetchuserreview.php,200,OK,Thread Group 1-80,text,true,341,5276
1370229252226,5197,/fetchuserreview.php,200,OK,Thread Group 1-85,text,true,341,5197
1370229252316,5208,/fetchuserreview.php,200,OK,Thread Group 1-84,text,true,341,5208
1370229252371,5198,/fetchuserreview.php,200,OK,Thread Group 1-89,text,true,341,5198
1370229252415,5207,/fetchuserreview.php,200,OK,Thread Group 1-86,text,true,341,5207
1370229252510,5264,/fetchuserreview.php,200,OK,Thread Group 1-88,text,true,341,5264
1370229252624,5173,/fetchuserreview.php,200,OK,Thread Group 1-90,text,true,341,5173
1370229252757,5161,/fetchuserreview.php,200,OK,Thread Group 1-13,text,true,341,5161
1370229252812,5152,/fetchuserreview.php,200,OK,Thread Group 1-87,text,true,341,5152
1370229252885,5147,/fetchuserreview.php,200,OK,Thread Group 1-82,text,true,341,5147
1370229252968,5088,/fetchuserreview.php,200,OK,Thread Group 1-92,text,true,341,5088
1370229253007,5127,/fetchuserreview.php,200,OK,Thread Group 1-91,text,true,341,5127
1370229253065,5173,/fetchuserreview.php,200,OK,Thread Group 1-93,text,true,341,5173
1370229253106,5208,/fetchuserreview.php,200,OK,Thread Group 1-94,text,true,341,5208
1370229253140,5234,/fetchuserreview.php,200,OK,Thread Group 1-95,text,true,341,5234
1370229253186,5235,/fetchuserreview.php,200,OK,Thread Group 1-96,text,true,341,5235
1370229253208,5230,/fetchuserreview.php,200,OK,Thread Group 1-97,text,true,341,5230
1370229253282,5279,/fetchuserreview.php,200,OK,Thread Group 1-15,text,true,341,5279
1370229253294,5324,/fetchuserreview.php,200,OK,Thread Group 1-98,text,true,341,5324
1370229253311,5350,/fetchuserreview.php,200,OK,Thread Group 1-99,text,true,341,5350
1370229253294,5367,/fetchuserreview.php,200,OK,Thread Group 1-16,text,true,341,5367
1370229253341,5342,/fetchuserreview.php,200,OK,Thread Group 1-100,text,true,341,5342
1370229253372,5420,/fetchuserreview.php,200,OK,Thread Group 1-14,text,true,341,5420
1370229253462,5347,/fetchuserreview.php,200,OK,Thread Group 1-17,text,true,341,5347
1370229253512,5418,/fetchuserreview.php,200,OK,Thread Group 1-18,text,true,341,5418
1370229253555,5391,/fetchuserreview.php,200,OK,Thread Group 1-2,text,true,341,5391
1370229253657,5346,/fetchuserreview.php,200,OK,Thread Group 1-22,text,true,341,5346
1370229253690,5349,/fetchuserreview.php,200,OK,Thread Group 1-19,text,true,341,5349
1370229253737,5347,/fetchuserreview.php,200,OK,Thread Group 1-21,text,true,341,5347
1370229253792,5332,/fetchuserreview.php,200,OK,Thread Group 1-20,text,true,341,5332
1370229253820,5321,/fetchuserreview.php,200,OK,Thread Group 1-25,text,true,341,5321
1370229253856,5411,/fetchuserreview.php,200,OK,Thread Group 1-23,text,true,341,5411
1370229253899,5437,/fetchuserreview.php,200,OK,Thread Group 1-26,text,true,341,5437
1370229253757,5648,/fetchuserreview.php,200,OK,Thread Group 1-67,text,true,341,5648
1370229253945,5477,/fetchuserreview.php,200,OK,Thread Group 1-24,text,true,341,5477
1370229254076,5441,/fetchuserreview.php,200,OK,Thread Group 1-3,text,true,341,5441
1370229254126,5431,/fetchuserreview.php,200,OK,Thread Group 1-27,text,true,341,5431
1370229254226,5337,/fetchuserreview.php,200,OK,Thread Group 1-28,text,true,341,5337
1370229254268,5322,/fetchuserreview.php,200,OK,Thread Group 1-30,text,true,341,5322
1370229254300,5330,/fetchuserreview.php,200,OK,Thread Group 1-29,text,true,341,5330
1370229254367,5293,/fetchuserreview.php,200,OK,Thread Group 1-32,text,true,341,5293
1370229254333,5360,/fetchuserreview.php,200,OK,Thread Group 1-31,text,true,341,5360
1370229254400,5315,/fetchuserreview.php,200,OK,Thread Group 1-34,text,true,341,5315
1370229254434,5302,/fetchuserreview.php,200,OK,Thread Group 1-33,text,true,341,5302
1370229254465,5434,/fetchuserreview.php,200,OK,Thread Group 1-35,text,true,341,5434
1370229254490,5617,/fetchuserreview.php,200,OK,Thread Group 1-4,text,true,341,5617
1370229254523,5759,/fetchuserreview.php,200,OK,Thread Group 1-37,text,true,341,5759
1370229254557,5738,/fetchuserreview.php,200,OK,Thread Group 1-36,text,true,341,5738
1370229254607,5709,/fetchuserreview.php,200,OK,Thread Group 1-38,text,true,341,5709
1370229254679,5650,/fetchuserreview.php,200,OK,Thread Group 1-40,text,true,341,5650
1370229254649,5683,/fetchuserreview.php,200,OK,Thread Group 1-39,text,true,341,5683
1370229254727,5609,/fetchuserreview.php,200,OK,Thread Group 1-42,text,true,341,5609
1370229254756,5582,/fetchuserreview.php,200,OK,Thread Group 1-41,text,true,341,5582
1370229254795,5720,/fetchuserreview.php,200,OK,Thread Group 1-43,text,true,341,5720
1370229254847,5763,/fetchuserreview.php,200,OK,Thread Group 1-5,text,true,341,5763
1370229254965,5709,/fetchuserreview.php,200,OK,Thread Group 1-1,text,true,341,5709
1370229254997,5764,/fetchuserreview.php,200,OK,Thread Group 1-44,text,true,341,5764
1370229255036,5761,/fetchuserreview.php,200,OK,Thread Group 1-46,text,true,341,5761
1370229255080,5742,/fetchuserreview.php,200,OK,Thread Group 1-45,text,true,341,5742
1370229255117,5726,/fetchuserreview.php,200,OK,Thread Group 1-6,text,true,341,5726
1370229255164,5689,/fetchuserreview.php,200,OK,Thread Group 1-48,text,true,341,5689
1370229255224,5655,/fetchuserreview.php,200,OK,Thread Group 1-47,text,true,341,5655
1370229255251,5657,/fetchuserreview.php,200,OK,Thread Group 1-49,text,true,341,5657
1370229255294,5646,/fetchuserreview.php,200,OK,Thread Group 1-50,text,true,341,5646
1370229255326,5665,/fetchuserreview.php,200,OK,Thread Group 1-52,text,true,341,5665
1370229255359,5693,/fetchuserreview.php,200,OK,Thread Group 1-53,text,true,341,5693
1370229255431,5663,/fetchuserreview.php,200,OK,Thread Group 1-51,text,true,341,5663
1370229255564,5579,/fetchuserreview.php,200,OK,Thread Group 1-55,text,true,341,5579
1370229255635,5554,/fetchuserreview.php,200,OK,Thread Group 1-7,text,true,341,5554
1370229255676,5660,/fetchuserreview.php,200,OK,Thread Group 1-54,text,true,341,5660
1370229255777,5626,/fetchuserreview.php,200,OK,Thread Group 1-8,text,true,341,5626
1370229255920,5507,/fetchuserreview.php,200,OK,Thread Group 1-56,text,true,341,5507
1370229255855,5642,/fetchuserreview.php,200,OK,Thread Group 1-57,text,true,341,5642
1370229256001,5547,/fetchuserreview.php,200,OK,Thread Group 1-60,text,true,341,5547
1370229256058,5554,/fetchuserreview.php,200,OK,Thread Group 1-59,text,true,341,5554
1370229256130,5586,/fetchuserreview.php,200,OK,Thread Group 1-9,text,true,341,5586
1370229256256,5478,/fetchuserreview.php,200,OK,Thread Group 1-62,text,true,341,5478
1370229256262,5519,/fetchuserreview.php,200,OK,Thread Group 1-58,text,true,341,5519
1370229256326,5677,/fetchuserreview.php,200,OK,Thread Group 1-64,text,true,341,5676
1370229256326,5979,/fetchuserreview.php,200,OK,Thread Group 1-61,text,true,341,5979
1370229256360,5992,/fetchuserreview.php,200,OK,Thread Group 1-63,text,true,341,5992
1370229256408,6026,/fetchuserreview.php,200,OK,Thread Group 1-10,text,true,341,6026
1370229256435,6020,/fetchuserreview.php,200,OK,Thread Group 1-66,text,true,341,6020
1370229256476,6000,/fetchuserreview.php,200,OK,Thread Group 1-65,text,true,341,6000
1370229256579,5916,/fetchuserreview.php,200,OK,Thread Group 1-68,text,true,341,5916
1370229256666,5866,/fetchuserreview.php,200,OK,Thread Group 1-69,text,true,341,5866
1370229256709,5835,/fetchuserreview.php,200,OK,Thread Group 1-12,text,true,341,5835
1370229256728,5855,/fetchuserreview.php,200,OK,Thread Group 1-74,text,true,341,5855
1370229256794,5886,/fetchuserreview.php,200,OK,Thread Group 1-73,text,true,341,5886
1370229256835,5937,/fetchuserreview.php,200,OK,Thread Group 1-70,text,true,341,5937
1370229256868,5931,/fetchuserreview.php,200,OK,Thread Group 1-11,text,true,341,5931
1370229256897,5936,/fetchuserreview.php,200,OK,Thread Group 1-77,text,true,341,5936
1370229256933,5924,/fetchuserreview.php,200,OK,Thread Group 1-72,text,true,341,5924
1370229256763,6179,/fetchuserreview.php,200,OK,Thread Group 1-71,text,true,341,6179
1370229256967,6017,/fetchuserreview.php,200,OK,Thread Group 1-76,text,true,341,6017
1370229257004,6121,/fetchuserreview.php,200,OK,Thread Group 1-75,text,true,341,6121
1370229257053,6288,/fetchuserreview.php,200,OK,Thread Group 1-81,text,true,341,6288
1370229257106,6377,/fetchuserreview.php,200,OK,Thread Group 1-79,text,true,341,6377
1370229257164,6464,/fetchuserreview.php,200,OK,Thread Group 1-78,text,true,341,6464
1370229257318,6333,/fetchuserreview.php,200,OK,Thread Group 1-83,text,true,341,6333
1370229257361,6302,/fetchuserreview.php,200,OK,Thread Group 1-80,text,true,341,6302
1370229257426,6253,/fetchuserreview.php,200,OK,Thread Group 1-85,text,true,341,6253
1370229257527,6181,/fetchuserreview.php,200,OK,Thread Group 1-84,text,true,341,6181
1370229257572,6144,/fetchuserreview.php,200,OK,Thread Group 1-89,text,true,341,6144
1370229257626,6094,/fetchuserreview.php,200,OK,Thread Group 1-86,text,true,341,6094
1370229257777,5973,/fetchuserreview.php,200,OK,Thread Group 1-88,text,true,341,5973
1370229257799,5976,/fetchuserreview.php,200,OK,Thread Group 1-90,text,true,341,5976
1370229257921,5862,/fetchuserreview.php,200,OK,Thread Group 1-13,text,true,341,5862
1370229257967,5875,/fetchuserreview.php,200,OK,Thread Group 1-87,text,true,341,5875
1370229258035,5809,/fetchuserreview.php,200,OK,Thread Group 1-82,text,true,341,5809
1370229258059,5852,/fetchuserreview.php,200,OK,Thread Group 1-92,text,true,341,5852
1370229258136,5835,/fetchuserreview.php,200,OK,Thread Group 1-91,text,true,341,5835
1370229258241,5804,/fetchuserreview.php,200,OK,Thread Group 1-93,text,true,341,5804
1370229258317,5768,/fetchuserreview.php,200,OK,Thread Group 1-94,text,true,341,5768
1370229258377,5776,/fetchuserreview.php,200,OK,Thread Group 1-95,text,true,341,5776
1370229258424,5884,/fetchuserreview.php,200,OK,Thread Group 1-96,text,true,341,5884
1370229258441,5929,/fetchuserreview.php,200,OK,Thread Group 1-97,text,true,341,5929
1370229258565,5878,/fetchuserreview.php,200,OK,Thread Group 1-15,text,true,341,5878
1370229258621,5830,/fetchuserreview.php,200,OK,Thread Group 1-98,text,true,341,5830
1370229258665,5802,/fetchuserreview.php,200,OK,Thread Group 1-99,text,true,341,5802
1370229258687,5796,/fetchuserreview.php,200,OK,Thread Group 1-100,text,true,341,5796
1370229258665,5818,/fetchuserreview.php,200,OK,Thread Group 1-16,text,true,341,5818
1370229258795,5688,/fetchuserreview.php,200,OK,Thread Group 1-14,text,true,341,5688
1370229258812,5838,/fetchuserreview.php,200,OK,Thread Group 1-17,text,true,341,5838
1370229258933,5780,/fetchuserreview.php,200,OK,Thread Group 1-18,text,true,341,5780
1370229258949,5805,/fetchuserreview.php,200,OK,Thread Group 1-2,text,true,341,5805
1370229259006,5830,/fetchuserreview.php,200,OK,Thread Group 1-22,text,true,341,5830
1370229259042,5943,/fetchuserreview.php,200,OK,Thread Group 1-19,text,true,341,5943
1370229259087,6010,/fetchuserreview.php,200,OK,Thread Group 1-21,text,true,341,6010
1370229259128,6089,/fetchuserreview.php,200,OK,Thread Group 1-20,text,true,341,6089
1370229259144,6082,/fetchuserreview.php,200,OK,Thread Group 1-25,text,true,341,6082
1370229259269,5974,/fetchuserreview.php,200,OK,Thread Group 1-23,text,true,341,5974
1370229259339,5909,/fetchuserreview.php,200,OK,Thread Group 1-26,text,true,341,5909
1370229259408,5841,/fetchuserreview.php,200,OK,Thread Group 1-67,text,true,341,5841
1370229259426,5823,/fetchuserreview.php,200,OK,Thread Group 1-24,text,true,341,5823
1370229259519,5734,/fetchuserreview.php,200,OK,Thread Group 1-3,text,true,341,5734
1370229259560,5729,/fetchuserreview.php,200,OK,Thread Group 1-27,text,true,341,5729
1370229259566,5796,/fetchuserreview.php,200,OK,Thread Group 1-28,text,true,341,5796
1370229259593,5786,/fetchuserreview.php,200,OK,Thread Group 1-30,text,true,341,5786
1370229259632,5811,/fetchuserreview.php,200,OK,Thread Group 1-29,text,true,341,5811
1370229259669,5809,/fetchuserreview.php,200,OK,Thread Group 1-32,text,true,341,5809
1370229259696,5889,/fetchuserreview.php,200,OK,Thread Group 1-31,text,true,341,5889
1370229259718,5912,/fetchuserreview.php,200,OK,Thread Group 1-34,text,true,341,5912
1370229259740,5930,/fetchuserreview.php,200,OK,Thread Group 1-33,text,true,341,5930
1370229259901,5811,/fetchuserreview.php,200,OK,Thread Group 1-35,text,true,341,5811
1370229260110,5694,/fetchuserreview.php,200,OK,Thread Group 1-4,text,true,341,5694
1370229260284,5531,/fetchuserreview.php,200,OK,Thread Group 1-37,text,true,341,5531
1370229260298,5646,/fetchuserreview.php,200,OK,Thread Group 1-36,text,true,341,5646
1370229260319,5701,/fetchuserreview.php,200,OK,Thread Group 1-38,text,true,341,5701
1370229260336,5740,/fetchuserreview.php,200,OK,Thread Group 1-39,text,true,341,5740
1370229260332,5806,/fetchuserreview.php,200,OK,Thread Group 1-40,text,true,341,5806
1370229260341,5872,/fetchuserreview.php,200,OK,Thread Group 1-41,text,true,341,5872
1370229260339,5999,/fetchuserreview.php,200,OK,Thread Group 1-42,text,true,341,5999
1370229260518,5904,/fetchuserreview.php,200,OK,Thread Group 1-43,text,true,341,5904
1370229260612,5909,/fetchuserreview.php,200,OK,Thread Group 1-5,text,true,341,5909
1370229260676,5935,/fetchuserreview.php,200,OK,Thread Group 1-1,text,true,341,5935
1370229260764,5913,/fetchuserreview.php,200,OK,Thread Group 1-44,text,true,341,5913
1370229260799,5960,/fetchuserreview.php,200,OK,Thread Group 1-46,text,true,341,5960
1370229260825,6039,/fetchuserreview.php,200,OK,Thread Group 1-45,text,true,341,6039
1370229260845,6220,/fetchuserreview.php,200,OK,Thread Group 1-6,text,true,341,6220
1370229260856,6270,/fetchuserreview.php,200,OK,Thread Group 1-48,text,true,341,6270
1370229260911,6388,/fetchuserreview.php,200,OK,Thread Group 1-49,text,true,341,6388
1370229260882,6417,/fetchuserreview.php,200,OK,Thread Group 1-47,text,true,341,6417
1370229260942,6398,/fetchuserreview.php,200,OK,Thread Group 1-50,text,true,341,6398
1370229260994,6425,/fetchuserreview.php,200,OK,Thread Group 1-52,text,true,341,6425
1370229261055,6526,/fetchuserreview.php,200,OK,Thread Group 1-53,text,true,341,6526
1370229261096,6518,/fetchuserreview.php,200,OK,Thread Group 1-51,text,true,341,6518
1370229261146,6523,/fetchuserreview.php,200,OK,Thread Group 1-55,text,true,341,6523
1370229261193,6539,/fetchuserreview.php,200,OK,Thread Group 1-7,text,true,341,6539
1370229261339,6440,/fetchuserreview.php,200,OK,Thread Group 1-54,text,true,341,6440
1370229261405,6441,/fetchuserreview.php,200,OK,Thread Group 1-8,text,true,341,6441
1370229261430,6448,/fetchuserreview.php,200,OK,Thread Group 1-56,text,true,341,6448
1370229261500,6507,/fetchuserreview.php,200,OK,Thread Group 1-57,text,true,341,6507
1370229261551,6474,/fetchuserreview.php,200,OK,Thread Group 1-60,text,true,341,6474
1370229261614,6523,/fetchuserreview.php,200,OK,Thread Group 1-59,text,true,341,6523
1370229261719,6586,/fetchuserreview.php,200,OK,Thread Group 1-9,text,true,341,6586
1370229261737,6600,/fetchuserreview.php,200,OK,Thread Group 1-62,text,true,341,6600
1370229261784,6619,/fetchuserreview.php,200,OK,Thread Group 1-58,text,true,341,6619
1370229262004,6473,/fetchuserreview.php,200,OK,Thread Group 1-64,text,true,341,6473
1370229262306,6213,/fetchuserreview.php,200,OK,Thread Group 1-61,text,true,341,6213
1370229262353,6223,/fetchuserreview.php,200,OK,Thread Group 1-63,text,true,341,6223
1370229262436,6188,/fetchuserreview.php,200,OK,Thread Group 1-10,text,true,341,6188
1370229262456,6209,/fetchuserreview.php,200,OK,Thread Group 1-66,text,true,341,6209
1370229262497,6210,/fetchuserreview.php,200,OK,Thread Group 1-68,text,true,341,6210
1370229262477,6276,/fetchuserreview.php,200,OK,Thread Group 1-65,text,true,341,6276
1370229262533,6265,/fetchuserreview.php,200,OK,Thread Group 1-69,text,true,341,6265
1370229262546,6305,/fetchuserreview.php,200,OK,Thread Group 1-12,text,true,341,6305
1370229262584,6343,/fetchuserreview.php,200,OK,Thread Group 1-74,text,true,341,6343
1370229262682,6298,/fetchuserreview.php,200,OK,Thread Group 1-73,text,true,341,6298
1370229262774,6240,/fetchuserreview.php,200,OK,Thread Group 1-70,text,true,341,6240
1370229262835,6342,/fetchuserreview.php,200,OK,Thread Group 1-77,text,true,341,6342
1370229262800,6377,/fetchuserreview.php,200,OK,Thread Group 1-11,text,true,341,6377
1370229262861,6350,/fetchuserreview.php,200,OK,Thread Group 1-72,text,true,341,6350
1370229262944,6309,/fetchuserreview.php,200,OK,Thread Group 1-71,text,true,341,6309
1370229263128,6243,/fetchuserreview.php,200,OK,Thread Group 1-75,text,true,341,6243
1370229262986,6386,/fetchuserreview.php,200,OK,Thread Group 1-76,text,true,341,6386
1370229263343,6138,/fetchuserreview.php,200,OK,Thread Group 1-81,text,true,341,6138
1370229263485,6006,/fetchuserreview.php,200,OK,Thread Group 1-79,text,true,341,6006
1370229263629,5892,/fetchuserreview.php,200,OK,Thread Group 1-78,text,true,341,5892
1370229263653,5998,/fetchuserreview.php,200,OK,Thread Group 1-83,text,true,341,5998
1370229263664,6039,/fetchuserreview.php,200,OK,Thread Group 1-80,text,true,341,6039
1370229263680,6073,/fetchuserreview.php,200,OK,Thread Group 1-85,text,true,341,6073
1370229263709,6110,/fetchuserreview.php,200,OK,Thread Group 1-84,text,true,341,6110
1370229263722,6141,/fetchuserreview.php,200,OK,Thread Group 1-86,text,true,341,6141
1370229263717,6199,/fetchuserreview.php,200,OK,Thread Group 1-89,text,true,341,6199
1370229263751,6239,/fetchuserreview.php,200,OK,Thread Group 1-88,text,true,341,6239
1370229263776,6405,/fetchuserreview.php,200,OK,Thread Group 1-90,text,true,341,6404
1370229263785,6397,/fetchuserreview.php,200,OK,Thread Group 1-13,text,true,341,6397
1370229263845,6390,/fetchuserreview.php,200,OK,Thread Group 1-82,text,true,341,6390
1370229263844,6448,/fetchuserreview.php,200,OK,Thread Group 1-87,text,true,341,6448
1370229263913,6434,/fetchuserreview.php,200,OK,Thread Group 1-92,text,true,341,6434
1370229263973,6477,/fetchuserreview.php,200,OK,Thread Group 1-91,text,true,341,6477
1370229264047,6464,/fetchuserreview.php,200,OK,Thread Group 1-93,text,true,341,6464
1370229264087,6516,/fetchuserreview.php,200,OK,Thread Group 1-94,text,true,341,6516
1370229264154,6589,/fetchuserreview.php,200,OK,Thread Group 1-95,text,true,341,6589
1370229264309,6529,/fetchuserreview.php,200,OK,Thread Group 1-96,text,true,341,6529
1370229264372,6538,/fetchuserreview.php,200,OK,Thread Group 1-97,text,true,341,6538
1370229264452,6474,/fetchuserreview.php,200,OK,Thread Group 1-98,text,true,341,6474
1370229264445,6528,/fetchuserreview.php,200,OK,Thread Group 1-15,text,true,341,6528
1370229264469,6645,/fetchuserreview.php,200,OK,Thread Group 1-99,text,true,341,6645
1370229264486,6670,/fetchuserreview.php,200,OK,Thread Group 1-16,text,true,341,6670
1370229264486,6705,/fetchuserreview.php,200,OK,Thread Group 1-14,text,true,341,6705
1370229264486,6753,/fetchuserreview.php,200,OK,Thread Group 1-100,text,true,341,6753
1370229264651,6694,/fetchuserreview.php,200,OK,Thread Group 1-17,text,true,341,6694
1370229264715,6691,/fetchuserreview.php,200,OK,Thread Group 1-18,text,true,341,6691
1370229264756,6838,/fetchuserreview.php,200,OK,Thread Group 1-2,text,true,341,6838
1370229264839,6791,/fetchuserreview.php,200,OK,Thread Group 1-22,text,true,341,6790
1370229264987,6687,/fetchuserreview.php,200,OK,Thread Group 1-19,text,true,341,6687
1370229265099,6622,/fetchuserreview.php,200,OK,Thread Group 1-21,text,true,341,6622
1370229265219,6550,/fetchuserreview.php,200,OK,Thread Group 1-20,text,true,341,6550
1370229265229,6598,/fetchuserreview.php,200,OK,Thread Group 1-25,text,true,341,6598
1370229265246,6650,/fetchuserreview.php,200,OK,Thread Group 1-23,text,true,341,6650
1370229265252,6791,/fetchuserreview.php,200,OK,Thread Group 1-67,text,true,341,6791
1370229265255,6866,/fetchuserreview.php,200,OK,Thread Group 1-3,text,true,341,6866
1370229265252,6904,/fetchuserreview.php,200,OK,Thread Group 1-24,text,true,341,6904
1370229265252,6972,/fetchuserreview.php,200,OK,Thread Group 1-26,text,true,341,6972
1370229265291,6984,/fetchuserreview.php,200,OK,Thread Group 1-27,text,true,341,6984
1370229265363,6943,/fetchuserreview.php,200,OK,Thread Group 1-28,text,true,341,6943
1370229265380,6976,/fetchuserreview.php,200,OK,Thread Group 1-30,text,true,341,6976
1370229265445,6965,/fetchuserreview.php,200,OK,Thread Group 1-29,text,true,341,6965
1370229265479,6974,/fetchuserreview.php,200,OK,Thread Group 1-32,text,true,341,6974
1370229265587,6992,/fetchuserreview.php,200,OK,Thread Group 1-31,text,true,341,6992
1370229265633,6984,/fetchuserreview.php,200,OK,Thread Group 1-34,text,true,341,6984
1370229265672,7042,/fetchuserreview.php,200,OK,Thread Group 1-33,text,true,341,7042
1370229265714,7014,/fetchuserreview.php,200,OK,Thread Group 1-35,text,true,341,7014
1370229265806,6967,/fetchuserreview.php,200,OK,Thread Group 1-4,text,true,341,6967
1370229265816,7024,/fetchuserreview.php,200,OK,Thread Group 1-37,text,true,341,7024
1370229265946,6987,/fetchuserreview.php,200,OK,Thread Group 1-36,text,true,341,6987
1370229266021,7027,/fetchuserreview.php,200,OK,Thread Group 1-38,text,true,341,7027
1370229266077,6979,/fetchuserreview.php,200,OK,Thread Group 1-39,text,true,341,6979
1370229266140,6981,/fetchuserreview.php,200,OK,Thread Group 1-40,text,true,341,6981
1370229266215,6937,/fetchuserreview.php,200,OK,Thread Group 1-41,text,true,341,6937
1370229266339,6877,/fetchuserreview.php,200,OK,Thread Group 1-42,text,true,341,6877
1370229266422,6926,/fetchuserreview.php,200,OK,Thread Group 1-43,text,true,341,6926
1370229266522,6859,/fetchuserreview.php,200,OK,Thread Group 1-5,text,true,341,6859
1370229266612,6809,/fetchuserreview.php,200,OK,Thread Group 1-1,text,true,341,6809
1370229266678,6796,/fetchuserreview.php,200,OK,Thread Group 1-44,text,true,341,6796
1370229266760,6767,/fetchuserreview.php,200,OK,Thread Group 1-46,text,true,341,6767
1370229266864,6686,/fetchuserreview.php,200,OK,Thread Group 1-45,text,true,341,6686
1370229267065,6521,/fetchuserreview.php,200,OK,Thread Group 1-6,text,true,341,6521
1370229267126,6515,/fetchuserreview.php,200,OK,Thread Group 1-48,text,true,341,6515
1370229267300,6491,/fetchuserreview.php,200,OK,Thread Group 1-47,text,true,341,6491
1370229267300,6544,/fetchuserreview.php,200,OK,Thread Group 1-49,text,true,341,6544
1370229267341,6563,/fetchuserreview.php,200,OK,Thread Group 1-50,text,true,341,6563
1370229267419,6567,/fetchuserreview.php,200,OK,Thread Group 1-52,text,true,341,6567
1370229267581,6482,/fetchuserreview.php,200,OK,Thread Group 1-53,text,true,341,6482
1370229267615,6564,/fetchuserreview.php,200,OK,Thread Group 1-51,text,true,341,6564
1370229267669,6637,/fetchuserreview.php,200,OK,Thread Group 1-55,text,true,341,6637
1370229267733,6652,/fetchuserreview.php,200,OK,Thread Group 1-7,text,true,341,6652
1370229267779,6661,/fetchuserreview.php,200,OK,Thread Group 1-54,text,true,341,6661
1370229267846,6651,/fetchuserreview.php,200,OK,Thread Group 1-8,text,true,341,6651
1370229267879,6677,/fetchuserreview.php,200,OK,Thread Group 1-56,text,true,341,6677
1370229268007,6756,/fetchuserreview.php,200,OK,Thread Group 1-57,text,true,341,6756
1370229268025,6858,/fetchuserreview.php,200,OK,Thread Group 1-60,text,true,341,6858
1370229268138,6794,/fetchuserreview.php,200,OK,Thread Group 1-59,text,true,341,6794
1370229268306,6703,/fetchuserreview.php,200,OK,Thread Group 1-9,text,true,341,6703
1370229268339,6821,/fetchuserreview.php,200,OK,Thread Group 1-62,text,true,341,6821
1370229268404,6778,/fetchuserreview.php,200,OK,Thread Group 1-58,text,true,341,6778
1370229268477,6813,/fetchuserreview.php,200,OK,Thread Group 1-64,text,true,341,6813
1370229268520,6817,/fetchuserreview.php,200,OK,Thread Group 1-61,text,true,341,6817
1370229268577,6819,/fetchuserreview.php,200,OK,Thread Group 1-63,text,true,341,6819
1370229268625,6923,/fetchuserreview.php,200,OK,Thread Group 1-10,text,true,341,6923
1370229268666,6930,/fetchuserreview.php,200,OK,Thread Group 1-66,text,true,341,6930
1370229268707,7005,/fetchuserreview.php,200,OK,Thread Group 1-68,text,true,341,7005
1370229268754,7015,/fetchuserreview.php,200,OK,Thread Group 1-65,text,true,341,7015
1370229268799,7059,/fetchuserreview.php,200,OK,Thread Group 1-69,text,true,341,7059
1370229268851,7403,/fetchuserreview.php,200,OK,Thread Group 1-12,text,true,341,7403
1370229268927,7486,/fetchuserreview.php,200,OK,Thread Group 1-74,text,true,341,7486
1370229268980,7591,/fetchuserreview.php,200,OK,Thread Group 1-73,text,true,341,7591
1370229269015,7669,/fetchuserreview.php,200,OK,Thread Group 1-70,text,true,341,7669
1370229269178,7572,/fetchuserreview.php,200,OK,Thread Group 1-77,text,true,341,7572
1370229269178,7620,/fetchuserreview.php,200,OK,Thread Group 1-11,text,true,341,7620
1370229269211,7634,/fetchuserreview.php,200,OK,Thread Group 1-72,text,true,341,7634
1370229269254,7681,/fetchuserreview.php,200,OK,Thread Group 1-71,text,true,341,7681
1370229269372,7575,/fetchuserreview.php,200,OK,Thread Group 1-75,text,true,341,7575
1370229269373,7636,/fetchuserreview.php,200,OK,Thread Group 1-76,text,true,341,7636
1370229269482,7608,/fetchuserreview.php,200,OK,Thread Group 1-81,text,true,341,7608
1370229269522,7603,/fetchuserreview.php,200,OK,Thread Group 1-78,text,true,341,7603
1370229269652,7564,/fetchuserreview.php,200,OK,Thread Group 1-83,text,true,341,7564
1370229269704,7551,/fetchuserreview.php,200,OK,Thread Group 1-80,text,true,341,7551
1370229269753,7543,/fetchuserreview.php,200,OK,Thread Group 1-85,text,true,341,7543
1370229269492,7869,/fetchuserreview.php,200,OK,Thread Group 1-79,text,true,341,7869
1370229269819,7597,/fetchuserreview.php,200,OK,Thread Group 1-84,text,true,341,7597
1370229269863,7725,/fetchuserreview.php,200,OK,Thread Group 1-86,text,true,341,7725
1370229269916,7729,/fetchuserreview.php,200,OK,Thread Group 1-89,text,true,341,7729
1370229269991,7770,/fetchuserreview.php,200,OK,Thread Group 1-88,text,true,341,7770
1370229270181,7674,/fetchuserreview.php,200,OK,Thread Group 1-90,text,true,341,7674
1370229270183,7702,/fetchuserreview.php,200,OK,Thread Group 1-13,text,true,341,7702
1370229270236,7704,/fetchuserreview.php,200,OK,Thread Group 1-82,text,true,341,7704
1370229270295,7753,/fetchuserreview.php,200,OK,Thread Group 1-87,text,true,341,7753
1370229270348,7763,/fetchuserreview.php,200,OK,Thread Group 1-92,text,true,341,7763
1370229270451,7719,/fetchuserreview.php,200,OK,Thread Group 1-91,text,true,341,7719
1370229270512,7829,/fetchuserreview.php,200,OK,Thread Group 1-93,text,true,341,7829
1370229270605,7883,/fetchuserreview.php,200,OK,Thread Group 1-94,text,true,341,7883
1370229270744,7801,/fetchuserreview.php,200,OK,Thread Group 1-95,text,true,341,7801
1370229270839,7773,/fetchuserreview.php,200,OK,Thread Group 1-96,text,true,341,7773
1370229270910,7807,/fetchuserreview.php,200,OK,Thread Group 1-97,text,true,341,7807
1370229270974,7792,/fetchuserreview.php,200,OK,Thread Group 1-15,text,true,341,7792
1370229271114,7746,/fetchuserreview.php,200,OK,Thread Group 1-99,text,true,341,7746
1370229271156,7792,/fetchuserreview.php,200,OK,Thread Group 1-16,text,true,341,7792
1370229271191,7835,/fetchuserreview.php,200,OK,Thread Group 1-14,text,true,341,7835
1370229270926,8099,/fetchuserreview.php,200,OK,Thread Group 1-98,text,true,341,8099
1370229271240,8109,/fetchuserreview.php,200,OK,Thread Group 1-100,text,true,341,8109
1370229271347,8033,/fetchuserreview.php,200,OK,Thread Group 1-17,text,true,341,8033
1370229271408,8003,/fetchuserreview.php,200,OK,Thread Group 1-18,text,true,341,8003
1370229271601,7813,/fetchuserreview.php,200,OK,Thread Group 1-2,text,true,341,7813
1370229271631,7792,/fetchuserreview.php,200,OK,Thread Group 1-22,text,true,341,7792
1370229271675,7795,/fetchuserreview.php,200,OK,Thread Group 1-19,text,true,341,7795
1370229271723,7767,/fetchuserreview.php,200,OK,Thread Group 1-21,text,true,341,7767
1370229271771,7816,/fetchuserreview.php,200,OK,Thread Group 1-20,text,true,341,7816
1370229271829,7902,/fetchuserreview.php,200,OK,Thread Group 1-25,text,true,341,7902
1370229271898,7957,/fetchuserreview.php,200,OK,Thread Group 1-23,text,true,341,7957
1370229272045,7972,/fetchuserreview.php,200,OK,Thread Group 1-67,text,true,341,7972
1370229272123,7925,/fetchuserreview.php,200,OK,Thread Group 1-3,text,true,341,7925
1370229272158,7972,/fetchuserreview.php,200,OK,Thread Group 1-24,text,true,341,7972
1370229272226,7988,/fetchuserreview.php,200,OK,Thread Group 1-26,text,true,341,7988
1370229272277,8145,/fetchuserreview.php,200,OK,Thread Group 1-27,text,true,341,8145
1370229272308,8270,/fetchuserreview.php,200,OK,Thread Group 1-28,text,true,341,8270
1370229272412,8349,/fetchuserreview.php,200,OK,Thread Group 1-29,text,true,341,8349
1370229272454,8399,/fetchuserreview.php,200,OK,Thread Group 1-32,text,true,341,8399
1370229272358,8687,/fetchuserreview.php,200,OK,Thread Group 1-30,text,true,341,8687
1370229272618,8521,/fetchuserreview.php,200,OK,Thread Group 1-34,text,true,341,8521
1370229272580,8716,/fetchuserreview.php,200,OK,Thread Group 1-31,text,true,341,8716
1370229272716,8733,/fetchuserreview.php,200,OK,Thread Group 1-33,text,true,341,8733
1370229272730,8817,/fetchuserreview.php,200,OK,Thread Group 1-35,text,true,341,8817
1370229272775,8835,/fetchuserreview.php,200,OK,Thread Group 1-4,text,true,341,8835
1370229272841,8805,/fetchuserreview.php,200,OK,Thread Group 1-37,text,true,341,8805
1370229272935,8793,/fetchuserreview.php,200,OK,Thread Group 1-36,text,true,341,8793
1370229273050,8815,/fetchuserreview.php,200,OK,Thread Group 1-38,text,true,341,8815
1370229273057,8838,/fetchuserreview.php,200,OK,Thread Group 1-39,text,true,341,8838
1370229273122,8914,/fetchuserreview.php,200,OK,Thread Group 1-40,text,true,341,8914
1370229273154,8899,/fetchuserreview.php,200,OK,Thread Group 1-41,text,true,341,8899
1370229273218,8915,/fetchuserreview.php,200,OK,Thread Group 1-42,text,true,341,8915
1370229273351,8885,/fetchuserreview.php,200,OK,Thread Group 1-43,text,true,341,8885
1370229273383,8905,/fetchuserreview.php,200,OK,Thread Group 1-5,text,true,341,8905
1370229273423,8960,/fetchuserreview.php,200,OK,Thread Group 1-1,text,true,341,8960
1370229273477,8965,/fetchuserreview.php,200,OK,Thread Group 1-44,text,true,341,8965
1370229273530,8958,/fetchuserreview.php,200,OK,Thread Group 1-46,text,true,341,8958
1370229273552,9061,/fetchuserreview.php,200,OK,Thread Group 1-45,text,true,341,9061
1370229273589,9068,/fetchuserreview.php,200,OK,Thread Group 1-6,text,true,341,9068
1370229273644,9148,/fetchuserreview.php,200,OK,Thread Group 1-48,text,true,341,9148
1370229273794,9068,/fetchuserreview.php,200,OK,Thread Group 1-47,text,true,341,9068
1370229273847,9135,/fetchuserreview.php,200,OK,Thread Group 1-49,text,true,341,9135
1370229273906,9168,/fetchuserreview.php,200,OK,Thread Group 1-50,text,true,341,9168
1370229273988,9148,/fetchuserreview.php,200,OK,Thread Group 1-52,text,true,341,9148
1370229274065,9234,/fetchuserreview.php,200,OK,Thread Group 1-53,text,true,341,9233
1370229274181,9190,/fetchuserreview.php,200,OK,Thread Group 1-51,text,true,341,9190
1370229274309,9122,/fetchuserreview.php,200,OK,Thread Group 1-55,text,true,341,9122
1370229274388,9190,/fetchuserreview.php,200,OK,Thread Group 1-7,text,true,341,9190
1370229274442,9218,/fetchuserreview.php,200,OK,Thread Group 1-54,text,true,341,9218
1370229274559,9245,/fetchuserreview.php,200,OK,Thread Group 1-56,text,true,341,9245
1370229274500,9419,/fetchuserreview.php,200,OK,Thread Group 1-8,text,true,341,9419
1370229274766,9173,/fetchuserreview.php,200,OK,Thread Group 1-57,text,true,341,9173
1370229274886,9179,/fetchuserreview.php,200,OK,Thread Group 1-60,text,true,341,9179
1370229274935,9276,/fetchuserreview.php,200,OK,Thread Group 1-59,text,true,341,9276
1370229275012,9280,/fetchuserreview.php,200,OK,Thread Group 1-9,text,true,341,9280
1370229275163,9202,/fetchuserreview.php,200,OK,Thread Group 1-62,text,true,341,9202
1370229275184,9264,/fetchuserreview.php,200,OK,Thread Group 1-58,text,true,341,9264
1370229275340,9275,/fetchuserreview.php,200,OK,Thread Group 1-61,text,true,341,9275
1370229275399,9313,/fetchuserreview.php,200,OK,Thread Group 1-63,text,true,341,9313
1370229275292,9479,/fetchuserreview.php,200,OK,Thread Group 1-64,text,true,341,9479
1370229275551,9341,/fetchuserreview.php,200,OK,Thread Group 1-10,text,true,341,9341
1370229275598,9372,/fetchuserreview.php,200,OK,Thread Group 1-66,text,true,341,9372
1370229275715,9407,/fetchuserreview.php,200,OK,Thread Group 1-68,text,true,341,9407
1370229275772,9464,/fetchuserreview.php,200,OK,Thread Group 1-65,text,true,341,9464
1370229275860,9608,/fetchuserreview.php,200,OK,Thread Group 1-69,text,true,341,9608
1370229276256,9279,/fetchuserreview.php,200,OK,Thread Group 1-12,text,true,341,9279
1370229276415,9220,/fetchuserreview.php,200,OK,Thread Group 1-74,text,true,341,9220
1370229276574,9206,/fetchuserreview.php,200,OK,Thread Group 1-73,text,true,341,9206
1370229276687,9198,/fetchuserreview.php,200,OK,Thread Group 1-70,text,true,341,9198
1370229276752,9300,/fetchuserreview.php,200,OK,Thread Group 1-77,text,true,341,9300
1370229276801,9440,/fetchuserreview.php,200,OK,Thread Group 1-11,text,true,341,9440
1370229276848,9430,/fetchuserreview.php,200,OK,Thread Group 1-72,text,true,341,9430
1370229276949,9400,/fetchuserreview.php,200,OK,Thread Group 1-75,text,true,341,9400
1370229276938,9488,/fetchuserreview.php,200,OK,Thread Group 1-71,text,true,341,9488
1370229277011,9460,/fetchuserreview.php,200,OK,Thread Group 1-76,text,true,341,9460
1370229277092,9546,/fetchuserreview.php,200,OK,Thread Group 1-81,text,true,341,9546
1370229277127,9559,/fetchuserreview.php,200,OK,Thread Group 1-78,text,true,341,9559
1370229277218,9558,/fetchuserreview.php,200,OK,Thread Group 1-83,text,true,341,9558
1370229277257,9588,/fetchuserreview.php,200,OK,Thread Group 1-80,text,true,341,9588
1370229277299,9601,/fetchuserreview.php,200,OK,Thread Group 1-85,text,true,341,9601
1370229277363,9609,/fetchuserreview.php,200,OK,Thread Group 1-79,text,true,341,9609
1370229277420,9630,/fetchuserreview.php,200,OK,Thread Group 1-84,text,true,341,9630
1370229277590,9570,/fetchuserreview.php,200,OK,Thread Group 1-86,text,true,341,9570
1370229277648,9630,/fetchuserreview.php,200,OK,Thread Group 1-89,text,true,341,9630
1370229277763,9723,/fetchuserreview.php,200,OK,Thread Group 1-88,text,true,341,9723
1370229277858,9716,/fetchuserreview.php,200,OK,Thread Group 1-90,text,true,341,9716
1370229277887,9784,/fetchuserreview.php,200,OK,Thread Group 1-13,text,true,341,9784
1370229277942,9813,/fetchuserreview.php,200,OK,Thread Group 1-82,text,true,341,9813
1370229278052,9757,/fetchuserreview.php,200,OK,Thread Group 1-87,text,true,341,9757
1370229278114,9864,/fetchuserreview.php,200,OK,Thread Group 1-92,text,true,341,9864
1370229278174,9932,/fetchuserreview.php,200,OK,Thread Group 1-91,text,true,341,9932
1370229278344,9785,/fetchuserreview.php,200,OK,Thread Group 1-93,text,true,341,9785
1370229278491,9805,/fetchuserreview.php,200,OK,Thread Group 1-94,text,true,341,9805
1370229278547,9888,/fetchuserreview.php,200,OK,Thread Group 1-95,text,true,341,9888
1370229278614,9883,/fetchuserreview.php,200,OK,Thread Group 1-96,text,true,341,9883
1370229278720,9821,/fetchuserreview.php,200,OK,Thread Group 1-97,text,true,341,9821
1370229278769,9835,/fetchuserreview.php,200,OK,Thread Group 1-15,text,true,341,9835
1370229278862,9847,/fetchuserreview.php,200,OK,Thread Group 1-99,text,true,341,9847
1370229278952,9849,/fetchuserreview.php,200,OK,Thread Group 1-16,text,true,341,9849
1370229279029,9920,/fetchuserreview.php,200,OK,Thread Group 1-98,text,true,341,9920
1370229279029,9966,/fetchuserreview.php,200,OK,Thread Group 1-14,text,true,341,9966
1370229279352,9697,/fetchuserreview.php,200,OK,Thread Group 1-100,text,true,341,9697
1370229279381,9723,/fetchuserreview.php,200,OK,Thread Group 1-17,text,true,341,9722
1370229279413,9813,/fetchuserreview.php,200,OK,Thread Group 1-18,text,true,341,9813
1370229279416,9919,/fetchuserreview.php,200,OK,Thread Group 1-2,text,true,341,9919
1370229279424,9946,/fetchuserreview.php,200,OK,Thread Group 1-22,text,true,341,9946
1370229279472,9979,/fetchuserreview.php,200,OK,Thread Group 1-19,text,true,341,9979
1370229279493,10067,/fetchuserreview.php,200,OK,Thread Group 1-21,text,true,341,10067
1370229279588,10052,/fetchuserreview.php,200,OK,Thread Group 1-20,text,true,341,10052
1370229279733,10021,/fetchuserreview.php,200,OK,Thread Group 1-25,text,true,341,10021
1370229279857,9978,/fetchuserreview.php,200,OK,Thread Group 1-23,text,true,341,9978
1370229280019,9874,/fetchuserreview.php,200,OK,Thread Group 1-67,text,true,341,9874
1370229280050,10030,/fetchuserreview.php,200,OK,Thread Group 1-3,text,true,341,10030
1370229280132,10100,/fetchuserreview.php,200,OK,Thread Group 1-24,text,true,341,10100
1370229280216,10058,/fetchuserreview.php,200,OK,Thread Group 1-26,text,true,341,10058
1370229280423,9900,/fetchuserreview.php,200,OK,Thread Group 1-27,text,true,341,9900
1370229280579,9790,/fetchuserreview.php,200,OK,Thread Group 1-28,text,true,341,9790
1370229280762,9664,/fetchuserreview.php,200,OK,Thread Group 1-29,text,true,341,9664
1370229280855,9638,/fetchuserreview.php,200,OK,Thread Group 1-32,text,true,341,9638
1370229281047,9507,/fetchuserreview.php,200,OK,Thread Group 1-30,text,true,341,9507
1370229281141,9534,/fetchuserreview.php,200,OK,Thread Group 1-34,text,true,341,9533
1370229281297,9541,/fetchuserreview.php,200,OK,Thread Group 1-31,text,true,341,9541
1370229281450,9553,/fetchuserreview.php,200,OK,Thread Group 1-33,text,true,341,9553
1370229281548,9566,/fetchuserreview.php,200,OK,Thread Group 1-35,text,true,341,9566
1370229281611,9640,/fetchuserreview.php,200,OK,Thread Group 1-4,text,true,341,9640
1370229281646,9737,/fetchuserreview.php,200,OK,Thread Group 1-37,text,true,341,9737
1370229281729,9795,/fetchuserreview.php,200,OK,Thread Group 1-36,text,true,341,9795
1370229281866,9725,/fetchuserreview.php,200,OK,Thread Group 1-38,text,true,341,9725
1370229281897,9796,/fetchuserreview.php,200,OK,Thread Group 1-39,text,true,341,9796
1370229282036,9702,/fetchuserreview.php,200,OK,Thread Group 1-40,text,true,341,9702
1370229282054,9811,/fetchuserreview.php,200,OK,Thread Group 1-41,text,true,341,9811
1370229282134,9764,/fetchuserreview.php,200,OK,Thread Group 1-42,text,true,341,9764
1370229282237,9695,/fetchuserreview.php,200,OK,Thread Group 1-43,text,true,341,9695
1370229282289,9681,/fetchuserreview.php,200,OK,Thread Group 1-5,text,true,341,9681
1370229282383,9637,/fetchuserreview.php,200,OK,Thread Group 1-1,text,true,341,9637
1370229282443,9647,/fetchuserreview.php,200,OK,Thread Group 1-44,text,true,341,9647
1370229282489,9605,/fetchuserreview.php,200,OK,Thread Group 1-46,text,true,341,9605
1370229282613,9500,/fetchuserreview.php,200,OK,Thread Group 1-45,text,true,341,9500
1370229282658,9550,/fetchuserreview.php,200,OK,Thread Group 1-6,text,true,341,9550
1370229282793,9467,/fetchuserreview.php,200,OK,Thread Group 1-48,text,true,341,9467
1370229282862,9450,/fetchuserreview.php,200,OK,Thread Group 1-47,text,true,341,9450
1370229282983,9459,/fetchuserreview.php,200,OK,Thread Group 1-49,text,true,341,9459
1370229283074,9409,/fetchuserreview.php,200,OK,Thread Group 1-50,text,true,341,9409
1370229283137,9390,/fetchuserreview.php,200,OK,Thread Group 1-52,text,true,341,9390
1370229283299,9253,/fetchuserreview.php,200,OK,Thread Group 1-53,text,true,341,9253
1370229283371,9217,/fetchuserreview.php,200,OK,Thread Group 1-51,text,true,341,9217
1370229283432,9200,/fetchuserreview.php,200,OK,Thread Group 1-55,text,true,341,9200
1370229283579,9146,/fetchuserreview.php,200,OK,Thread Group 1-7,text,true,341,9146
1370229283661,9081,/fetchuserreview.php,200,OK,Thread Group 1-54,text,true,341,9081
1370229283804,9037,/fetchuserreview.php,200,OK,Thread Group 1-56,text,true,341,9037
1370229283919,8938,/fetchuserreview.php,200,OK,Thread Group 1-8,text,true,341,8938
1370229283940,8958,/fetchuserreview.php,200,OK,Thread Group 1-57,text,true,341,8958
1370229284066,8913,/fetchuserreview.php,200,OK,Thread Group 1-60,text,true,341,8913
1370229284212,8797,/fetchuserreview.php,200,OK,Thread Group 1-59,text,true,341,8797
1370229284293,8793,/fetchuserreview.php,200,OK,Thread Group 1-9,text,true,341,8793
1370229284366,8833,/fetchuserreview.php,200,OK,Thread Group 1-62,text,true,341,8833
1370229284448,8809,/fetchuserreview.php,200,OK,Thread Group 1-58,text,true,341,8809
1370229284615,8689,/fetchuserreview.php,200,OK,Thread Group 1-61,text,true,341,8689
1370229284713,8750,/fetchuserreview.php,200,OK,Thread Group 1-63,text,true,341,8750
1370229284772,8755,/fetchuserreview.php,200,OK,Thread Group 1-64,text,true,341,8755
1370229284893,8761,/fetchuserreview.php,200,OK,Thread Group 1-10,text,true,341,8761
1370229284970,8938,/fetchuserreview.php,200,OK,Thread Group 1-66,text,true,341,8938
1370229285122,8936,/fetchuserreview.php,200,OK,Thread Group 1-68,text,true,341,8936
1370229285236,8976,/fetchuserreview.php,200,OK,Thread Group 1-65,text,true,341,8976
1370229285469,8837,/fetchuserreview.php,200,OK,Thread Group 1-69,text,true,341,8837
1370229285536,8883,/fetchuserreview.php,200,OK,Thread Group 1-12,text,true,341,8883
1370229285635,8841,/fetchuserreview.php,200,OK,Thread Group 1-74,text,true,341,8841
1370229285781,8795,/fetchuserreview.php,200,OK,Thread Group 1-73,text,true,341,8795
1370229285885,8801,/fetchuserreview.php,200,OK,Thread Group 1-70,text,true,341,8801
1370229286052,8728,/fetchuserreview.php,200,OK,Thread Group 1-77,text,true,341,8728
1370229286243,8603,/fetchuserreview.php,200,OK,Thread Group 1-11,text,true,341,8603
1370229286279,8604,/fetchuserreview.php,200,OK,Thread Group 1-72,text,true,341,8604
1370229286351,8576,/fetchuserreview.php,200,OK,Thread Group 1-75,text,true,341,8576
1370229286428,8542,/fetchuserreview.php,200,OK,Thread Group 1-71,text,true,341,8542
1370229286473,8552,/fetchuserreview.php,200,OK,Thread Group 1-76,text,true,341,8552
1370229286640,8459,/fetchuserreview.php,200,OK,Thread Group 1-81,text,true,341,8459
1370229286687,8987,/fetchuserreview.php,200,OK,Thread Group 1-78,text,true,341,8987
1370229286778,9010,/fetchuserreview.php,200,OK,Thread Group 1-83,text,true,341,9010
1370229286846,8942,/fetchuserreview.php,200,OK,Thread Group 1-80,text,true,341,8942
1370229286902,8887,/fetchuserreview.php,200,OK,Thread Group 1-85,text,true,341,8887
1370229286974,8875,/fetchuserreview.php,200,OK,Thread Group 1-79,text,true,341,8875
1370229287052,8797,/fetchuserreview.php,200,OK,Thread Group 1-84,text,true,341,8797
1370229287161,8710,/fetchuserreview.php,200,OK,Thread Group 1-86,text,true,341,8710
1370229287491,8382,/fetchuserreview.php,200,OK,Thread Group 1-88,text,true,341,8382
1370229287279,8594,/fetchuserreview.php,200,OK,Thread Group 1-89,text,true,341,8594
1370229287575,8305,/fetchuserreview.php,200,OK,Thread Group 1-90,text,true,341,8305
1370229287673,8300,/fetchuserreview.php,200,OK,Thread Group 1-13,text,true,341,8300
1370229287757,8276,/fetchuserreview.php,200,OK,Thread Group 1-82,text,true,341,8276
1370229287811,8405,/fetchuserreview.php,200,OK,Thread Group 1-87,text,true,341,8405
1370229287979,8247,/fetchuserreview.php,200,OK,Thread Group 1-92,text,true,341,8247
1370229288108,8362,/fetchuserreview.php,200,OK,Thread Group 1-91,text,true,341,8362
1370229288130,8452,/fetchuserreview.php,200,OK,Thread Group 1-93,text,true,341,8452
1370229288298,8354,/fetchuserreview.php,200,OK,Thread Group 1-94,text,true,341,8354
1370229288437,8246,/fetchuserreview.php,200,OK,Thread Group 1-95,text,true,341,8246
1370229288498,8185,/fetchuserreview.php,200,OK,Thread Group 1-96,text,true,341,8185
1370229288711,7989,/fetchuserreview.php,200,OK,Thread Group 1-99,text,true,341,7989
1370229288542,8158,/fetchuserreview.php,200,OK,Thread Group 1-97,text,true,341,8158
1370229288606,8094,/fetchuserreview.php,200,OK,Thread Group 1-15,text,true,341,8094
1370229288802,7920,/fetchuserreview.php,200,OK,Thread Group 1-16,text,true,341,7920
1370229288997,7774,/fetchuserreview.php,200,OK,Thread Group 1-14,text,true,341,7774
1370229288951,7820,/fetchuserreview.php,200,OK,Thread Group 1-98,text,true,341,7820
1370229289228,7568,/fetchuserreview.php,200,OK,Thread Group 1-18,text,true,341,7568
1370229289105,7691,/fetchuserreview.php,200,OK,Thread Group 1-17,text,true,341,7691
1370229289051,7745,/fetchuserreview.php,200,OK,Thread Group 1-100,text,true,341,7745
1370229289338,7510,/fetchuserreview.php,200,OK,Thread Group 1-2,text,true,341,7510
1370229289372,7476,/fetchuserreview.php,200,OK,Thread Group 1-22,text,true,341,7476
1370229289454,7498,/fetchuserreview.php,200,OK,Thread Group 1-19,text,true,341,7498
1370229289562,7440,/fetchuserreview.php,200,OK,Thread Group 1-21,text,true,341,7440
1370229289641,7442,/fetchuserreview.php,200,OK,Thread Group 1-20,text,true,341,7442
1370229289756,7557,/fetchuserreview.php,200,OK,Thread Group 1-25,text,true,341,7557
1370229289837,7605,/fetchuserreview.php,200,OK,Thread Group 1-23,text,true,341,7605
1370229289894,7591,/fetchuserreview.php,200,OK,Thread Group 1-67,text,true,341,7591
1370229290081,7456,/fetchuserreview.php,200,OK,Thread Group 1-3,text,true,341,7456
1370229290233,7312,/fetchuserreview.php,200,OK,Thread Group 1-24,text,true,341,7312
1370229290275,7280,/fetchuserreview.php,200,OK,Thread Group 1-26,text,true,341,7280
1370229290324,7259,/fetchuserreview.php,200,OK,Thread Group 1-27,text,true,341,7259
1370229290371,7280,/fetchuserreview.php,200,OK,Thread Group 1-28,text,true,341,7280
1370229290428,7377,/fetchuserreview.php,200,OK,Thread Group 1-29,text,true,341,7377
1370229290495,7349,/fetchuserreview.php,200,OK,Thread Group 1-32,text,true,341,7349
1370229290555,7296,/fetchuserreview.php,200,OK,Thread Group 1-30,text,true,341,7296
1370229290676,7176,/fetchuserreview.php,200,OK,Thread Group 1-34,text,true,341,7176
1370229290840,7135,/fetchuserreview.php,200,OK,Thread Group 1-31,text,true,341,7135
1370229291005,6982,/fetchuserreview.php,200,OK,Thread Group 1-33,text,true,341,6982
1370229291117,6870,/fetchuserreview.php,200,OK,Thread Group 1-35,text,true,341,6870
1370229291254,6756,/fetchuserreview.php,200,OK,Thread Group 1-4,text,true,341,6756
1370229291386,6624,/fetchuserreview.php,200,OK,Thread Group 1-37,text,true,341,6624
1370229291526,6516,/fetchuserreview.php,200,OK,Thread Group 1-36,text,true,341,6516
1370229291594,6519,/fetchuserreview.php,200,OK,Thread Group 1-38,text,true,341,6519
1370229291696,6445,/fetchuserreview.php,200,OK,Thread Group 1-39,text,true,341,6445
1370229291741,6402,/fetchuserreview.php,200,OK,Thread Group 1-40,text,true,341,6402
1370229291901,6320,/fetchuserreview.php,200,OK,Thread Group 1-42,text,true,341,6320
1370229291868,6528,/fetchuserreview.php,200,OK,Thread Group 1-41,text,true,341,6528
1370229291935,6563,/fetchuserreview.php,200,OK,Thread Group 1-43,text,true,341,6563
1370229291972,6609,/fetchuserreview.php,200,OK,Thread Group 1-5,text,true,341,6609
1370229292024,6595,/fetchuserreview.php,200,OK,Thread Group 1-1,text,true,341,6595
1370229292093,6614,/fetchuserreview.php,200,OK,Thread Group 1-44,text,true,341,6614
1370229292096,6611,/fetchuserreview.php,200,OK,Thread Group 1-46,text,true,341,6611
1370229292116,6591,/fetchuserreview.php,200,OK,Thread Group 1-45,text,true,341,6591
1370229292210,6536,/fetchuserreview.php,200,OK,Thread Group 1-6,text,true,341,6536
1370229292263,6484,/fetchuserreview.php,200,OK,Thread Group 1-48,text,true,341,6484
1370229292315,6705,/fetchuserreview.php,200,OK,Thread Group 1-47,text,true,341,6705
1370229292444,6664,/fetchuserreview.php,200,OK,Thread Group 1-49,text,true,341,6664
1370229292486,6670,/fetchuserreview.php,200,OK,Thread Group 1-50,text,true,341,6670
1370229292529,6636,/fetchuserreview.php,200,OK,Thread Group 1-52,text,true,341,6636
1370229292555,6695,/fetchuserreview.php,200,OK,Thread Group 1-53,text,true,341,6695
1370229292591,6660,/fetchuserreview.php,200,OK,Thread Group 1-51,text,true,341,6660
1370229292635,6719,/fetchuserreview.php,200,OK,Thread Group 1-55,text,true,341,6719
1370229292728,6696,/fetchuserreview.php,200,OK,Thread Group 1-7,text,true,341,6696
1370229292744,6680,/fetchuserreview.php,200,OK,Thread Group 1-54,text,true,341,6680
1370229292860,6586,/fetchuserreview.php,200,OK,Thread Group 1-8,text,true,341,6586
1370229292843,6603,/fetchuserreview.php,200,OK,Thread Group 1-56,text,true,341,6603
1370229292900,6547,/fetchuserreview.php,200,OK,Thread Group 1-57,text,true,341,6547
1370229292982,6504,/fetchuserreview.php,200,OK,Thread Group 1-60,text,true,341,6504
1370229293011,6751,/fetchuserreview.php,200,OK,Thread Group 1-59,text,true,341,6751
1370229293089,6856,/fetchuserreview.php,200,OK,Thread Group 1-9,text,true,341,6856
1370229293202,6918,/fetchuserreview.php,200,OK,Thread Group 1-62,text,true,341,6918
1370229293260,6873,/fetchuserreview.php,200,OK,Thread Group 1-58,text,true,341,6873
1370229293307,6833,/fetchuserreview.php,200,OK,Thread Group 1-61,text,true,341,6833
1370229293466,6695,/fetchuserreview.php,200,OK,Thread Group 1-63,text,true,341,6695
1370229293530,6631,/fetchuserreview.php,200,OK,Thread Group 1-64,text,true,341,6631
1370229293658,6513,/fetchuserreview.php,200,OK,Thread Group 1-10,text,true,341,6513
1370229293911,6267,/fetchuserreview.php,200,OK,Thread Group 1-66,text,true,341,6267
1370229294061,6151,/fetchuserreview.php,200,OK,Thread Group 1-68,text,true,341,6151
1370229294215,6090,/fetchuserreview.php,200,OK,Thread Group 1-65,text,true,341,6090
1370229294309,6015,/fetchuserreview.php,200,OK,Thread Group 1-69,text,true,341,6015
1370229294422,5951,/fetchuserreview.php,200,OK,Thread Group 1-12,text,true,341,5951
1370229294478,5915,/fetchuserreview.php,200,OK,Thread Group 1-74,text,true,341,5914
1370229294579,5848,/fetchuserreview.php,200,OK,Thread Group 1-73,text,true,341,5848
1370229294690,5806,/fetchuserreview.php,200,OK,Thread Group 1-70,text,true,341,5806
1370229294783,5772,/fetchuserreview.php,200,OK,Thread Group 1-77,text,true,341,5772
1370229294848,5741,/fetchuserreview.php,200,OK,Thread Group 1-11,text,true,341,5741
1370229294885,5719,/fetchuserreview.php,200,OK,Thread Group 1-72,text,true,341,5719
1370229294929,5708,/fetchuserreview.php,200,OK,Thread Group 1-75,text,true,341,5708
1370229294992,5654,/fetchuserreview.php,200,OK,Thread Group 1-71,text,true,341,5654
1370229295027,5674,/fetchuserreview.php,200,OK,Thread Group 1-76,text,true,341,5674
1370229295101,5626,/fetchuserreview.php,200,OK,Thread Group 1-81,text,true,341,5626
1370229295675,5291,/fetchuserreview.php,200,OK,Thread Group 1-78,text,true,341,5291
1370229295793,5179,/fetchuserreview.php,200,OK,Thread Group 1-85,text,true,341,5179
1370229295791,5227,/fetchuserreview.php,200,OK,Thread Group 1-83,text,true,341,5227
1370229295793,5241,/fetchuserreview.php,200,OK,Thread Group 1-80,text,true,341,5241
1370229295851,5290,/fetchuserreview.php,200,OK,Thread Group 1-79,text,true,341,5290
1370229295851,5466,/fetchuserreview.php,200,OK,Thread Group 1-84,text,true,341,5466
1370229295875,5503,/fetchuserreview.php,200,OK,Thread Group 1-88,text,true,341,5503
1370229295875,5583,/fetchuserreview.php,200,OK,Thread Group 1-86,text,true,341,5583
1370229295875,5614,/fetchuserreview.php,200,OK,Thread Group 1-89,text,true,341,5614
1370229295881,5670,/fetchuserreview.php,200,OK,Thread Group 1-90,text,true,341,5670
1370229295975,5654,/fetchuserreview.php,200,OK,Thread Group 1-13,text,true,341,5654
1370229296034,5668,/fetchuserreview.php,200,OK,Thread Group 1-82,text,true,341,5668
1370229296217,5636,/fetchuserreview.php,200,OK,Thread Group 1-87,text,true,341,5636
1370229296227,5955,/fetchuserreview.php,200,OK,Thread Group 1-92,text,true,341,5955
1370229296471,5847,/fetchuserreview.php,200,OK,Thread Group 1-91,text,true,341,5847
1370229296583,5781,/fetchuserreview.php,200,OK,Thread Group 1-93,text,true,341,5781
1370229296652,5716,/fetchuserreview.php,200,OK,Thread Group 1-94,text,true,341,5716
1370229296684,5710,/fetchuserreview.php,200,OK,Thread Group 1-95,text,true,341,5710
1370229296684,5712,/fetchuserreview.php,200,OK,Thread Group 1-96,text,true,341,5712
1370229296702,5759,/fetchuserreview.php,200,OK,Thread Group 1-99,text,true,341,5759
1370229296702,5905,/fetchuserreview.php,200,OK,Thread Group 1-97,text,true,341,5905
1370229296702,6054,/fetchuserreview.php,200,OK,Thread Group 1-15,text,true,341,6054
1370229296725,6170,/fetchuserreview.php,200,OK,Thread Group 1-16,text,true,341,6170
1370229296772,6311,/fetchuserreview.php,200,OK,Thread Group 1-98,text,true,341,6311
1370229296772,6374,/fetchuserreview.php,200,OK,Thread Group 1-14,text,true,341,6374
1370229296798,6462,/fetchuserreview.php,200,OK,Thread Group 1-18,text,true,341,6462
1370229296798,6544,/fetchuserreview.php,200,OK,Thread Group 1-17,text,true,341,6544
1370229296798,6625,/fetchuserreview.php,200,OK,Thread Group 1-100,text,true,341,6625
1370229296849,6629,/fetchuserreview.php,200,OK,Thread Group 1-22,text,true,341,6629
1370229296849,6716,/fetchuserreview.php,200,OK,Thread Group 1-2,text,true,341,6716
1370229296953,6779,/fetchuserreview.php,200,OK,Thread Group 1-19,text,true,341,6779
1370229297003,6865,/fetchuserreview.php,200,OK,Thread Group 1-21,text,true,341,6865
1370229297084,6827,/fetchuserreview.php,200,OK,Thread Group 1-20,text,true,341,6827
1370229297314,6802,/fetchuserreview.php,200,OK,Thread Group 1-25,text,true,341,6802
1370229297442,7006,/fetchuserreview.php,200,OK,Thread Group 1-23,text,true,341,7006
1370229297486,7071,/fetchuserreview.php,200,OK,Thread Group 1-67,text,true,341,7071
1370229297538,7104,/fetchuserreview.php,200,OK,Thread Group 1-3,text,true,341,7104
1370229297545,7236,/fetchuserreview.php,200,OK,Thread Group 1-24,text,true,341,7236
1370229297556,7507,/fetchuserreview.php,200,OK,Thread Group 1-26,text,true,341,7507
1370229297584,7548,/fetchuserreview.php,200,OK,Thread Group 1-27,text,true,341,7548
1370229297653,7500,/fetchuserreview.php,200,OK,Thread Group 1-28,text,true,341,7500
1370229297806,7365,/fetchuserreview.php,200,OK,Thread Group 1-29,text,true,341,7365
1370229297845,7336,/fetchuserreview.php,200,OK,Thread Group 1-32,text,true,341,7336
1370229297852,7335,/fetchuserreview.php,200,OK,Thread Group 1-30,text,true,341,7335
1370229297853,7339,/fetchuserreview.php,200,OK,Thread Group 1-34,text,true,341,7339
1370229297975,7226,/fetchuserreview.php,200,OK,Thread Group 1-31,text,true,341,7226
1370229297988,7315,/fetchuserreview.php,200,OK,Thread Group 1-35,text,true,341,7315
1370229297988,7315,/fetchuserreview.php,200,OK,Thread Group 1-33,text,true,341,7315
1370229298011,7376,/fetchuserreview.php,200,OK,Thread Group 1-37,text,true,341,7376
1370229298011,7436,/fetchuserreview.php,200,OK,Thread Group 1-4,text,true,341,7436
1370229298043,7457,/fetchuserreview.php,200,OK,Thread Group 1-36,text,true,341,7457
1370229298114,7492,/fetchuserreview.php,200,OK,Thread Group 1-38,text,true,341,7492
1370229298144,7526,/fetchuserreview.php,200,OK,Thread Group 1-40,text,true,341,7526
1370229298142,7578,/fetchuserreview.php,200,OK,Thread Group 1-39,text,true,341,7578
1370229298223,7613,/fetchuserreview.php,200,OK,Thread Group 1-42,text,true,341,7613
1370229298397,7520,/fetchuserreview.php,200,OK,Thread Group 1-41,text,true,341,7520
1370229298499,7612,/fetchuserreview.php,200,OK,Thread Group 1-43,text,true,341,7612
1370229298582,7637,/fetchuserreview.php,200,OK,Thread Group 1-5,text,true,341,7637
1370229298620,7662,/fetchuserreview.php,200,OK,Thread Group 1-1,text,true,341,7662
1370229298709,7603,/fetchuserreview.php,200,OK,Thread Group 1-44,text,true,341,7603
1370229298709,7678,/fetchuserreview.php,200,OK,Thread Group 1-46,text,true,341,7678
1370229298709,7743,/fetchuserreview.php,200,OK,Thread Group 1-45,text,true,341,7743
1370229298748,7765,/fetchuserreview.php,200,OK,Thread Group 1-6,text,true,341,7765
1370229298748,7835,/fetchuserreview.php,200,OK,Thread Group 1-48,text,true,341,7835
1370229299020,7624,/fetchuserreview.php,200,OK,Thread Group 1-47,text,true,341,7624
1370229299108,7672,/fetchuserreview.php,200,OK,Thread Group 1-49,text,true,341,7672
1370229299158,7682,/fetchuserreview.php,200,OK,Thread Group 1-50,text,true,341,7682
1370229299166,7715,/fetchuserreview.php,200,OK,Thread Group 1-52,text,true,341,7715
1370229299252,7672,/fetchuserreview.php,200,OK,Thread Group 1-53,text,true,341,7672
1370229299252,7739,/fetchuserreview.php,200,OK,Thread Group 1-51,text,true,341,7739
1370229299355,7730,/fetchuserreview.php,200,OK,Thread Group 1-55,text,true,341,7730
1370229299425,7731,/fetchuserreview.php,200,OK,Thread Group 1-7,text,true,341,7731
1370229299425,7857,/fetchuserreview.php,200,OK,Thread Group 1-54,text,true,341,7857
1370229299448,8024,/fetchuserreview.php,200,OK,Thread Group 1-57,text,true,341,8024
1370229299448,8189,/fetchuserreview.php,200,OK,Thread Group 1-8,text,true,341,8189
1370229299448,8247,/fetchuserreview.php,200,OK,Thread Group 1-56,text,true,341,8247
1370229299487,8322,/fetchuserreview.php,200,OK,Thread Group 1-60,text,true,341,8322
1370229299763,8194,/fetchuserreview.php,200,OK,Thread Group 1-59,text,true,341,8194
1370229299947,8029,/fetchuserreview.php,200,OK,Thread Group 1-9,text,true,341,8029
1370229300121,7974,/fetchuserreview.php,200,OK,Thread Group 1-62,text,true,341,7974
1370229300134,8008,/fetchuserreview.php,200,OK,Thread Group 1-58,text,true,341,8008
1370229300141,8144,/fetchuserreview.php,200,OK,Thread Group 1-61,text,true,341,8144
1370229300163,8156,/fetchuserreview.php,200,OK,Thread Group 1-63,text,true,341,8156
1370229300163,8266,/fetchuserreview.php,200,OK,Thread Group 1-64,text,true,341,8266
1370229300172,8342,/fetchuserreview.php,200,OK,Thread Group 1-10,text,true,341,8342
1370229300179,8391,/fetchuserreview.php,200,OK,Thread Group 1-66,text,true,341,8391
1370229300212,8453,/fetchuserreview.php,200,OK,Thread Group 1-68,text,true,341,8453
1370229300306,8443,/fetchuserreview.php,200,OK,Thread Group 1-65,text,true,341,8443
1370229300325,8529,/fetchuserreview.php,200,OK,Thread Group 1-69,text,true,341,8529
1370229300374,8485,/fetchuserreview.php,200,OK,Thread Group 1-12,text,true,341,8485
1370229300394,8531,/fetchuserreview.php,200,OK,Thread Group 1-74,text,true,341,8531
1370229300431,8548,/fetchuserreview.php,200,OK,Thread Group 1-73,text,true,341,8548
1370229300497,8552,/fetchuserreview.php,200,OK,Thread Group 1-70,text,true,341,8552
1370229300556,8549,/fetchuserreview.php,200,OK,Thread Group 1-77,text,true,341,8549
1370229300590,8669,/fetchuserreview.php,200,OK,Thread Group 1-11,text,true,341,8669
1370229300605,8854,/fetchuserreview.php,200,OK,Thread Group 1-72,text,true,341,8854
1370229300638,8872,/fetchuserreview.php,200,OK,Thread Group 1-75,text,true,341,8872
1370229300646,8937,/fetchuserreview.php,200,OK,Thread Group 1-71,text,true,341,8937
1370229300702,8989,/fetchuserreview.php,200,OK,Thread Group 1-76,text,true,341,8989
1370229300727,9034,/fetchuserreview.php,200,OK,Thread Group 1-81,text,true,341,9034
1370229300967,8887,/fetchuserreview.php,200,OK,Thread Group 1-78,text,true,341,8887
1370229300972,8932,/fetchuserreview.php,200,OK,Thread Group 1-85,text,true,341,8932
1370229301019,8926,/fetchuserreview.php,200,OK,Thread Group 1-83,text,true,341,8926
1370229301035,8955,/fetchuserreview.php,200,OK,Thread Group 1-80,text,true,341,8955
1370229301142,8933,/fetchuserreview.php,200,OK,Thread Group 1-79,text,true,341,8933
1370229301319,8843,/fetchuserreview.php,200,OK,Thread Group 1-84,text,true,341,8843
1370229301460,8764,/fetchuserreview.php,200,OK,Thread Group 1-86,text,true,341,8764
1370229301491,8787,/fetchuserreview.php,200,OK,Thread Group 1-89,text,true,341,8787
1370229301553,8765,/fetchuserreview.php,200,OK,Thread Group 1-90,text,true,341,8765
1370229301380,9007,/fetchuserreview.php,200,OK,Thread Group 1-88,text,true,341,9007
1370229301632,8858,/fetchuserreview.php,200,OK,Thread Group 1-13,text,true,341,8858
1370229301703,8888,/fetchuserreview.php,200,OK,Thread Group 1-82,text,true,341,8888
1370229301854,8825,/fetchuserreview.php,200,OK,Thread Group 1-87,text,true,341,8825
1370229302184,8590,/fetchuserreview.php,200,OK,Thread Group 1-92,text,true,341,8590
1370229302320,8500,/fetchuserreview.php,200,OK,Thread Group 1-91,text,true,341,8500
1370229302366,8504,/fetchuserreview.php,200,OK,Thread Group 1-93,text,true,341,8504
1370229302371,8570,/fetchuserreview.php,200,OK,Thread Group 1-94,text,true,341,8570
1370229302397,8566,/fetchuserreview.php,200,OK,Thread Group 1-95,text,true,341,8566
1370229302399,8619,/fetchuserreview.php,200,OK,Thread Group 1-96,text,true,341,8619
1370229302463,8595,/fetchuserreview.php,200,OK,Thread Group 1-99,text,true,341,8595
1370229302610,8574,/fetchuserreview.php,200,OK,Thread Group 1-97,text,true,341,8574
1370229302759,8504,/fetchuserreview.php,200,OK,Thread Group 1-15,text,true,341,8504
1370229302897,8410,/fetchuserreview.php,200,OK,Thread Group 1-16,text,true,341,8410
1370229303086,8279,/fetchuserreview.php,200,OK,Thread Group 1-98,text,true,341,8279
1370229303149,8267,/fetchuserreview.php,200,OK,Thread Group 1-14,text,true,341,8267
1370229303263,8198,/fetchuserreview.php,200,OK,Thread Group 1-18,text,true,341,8198
1370229303344,8156,/fetchuserreview.php,200,OK,Thread Group 1-17,text,true,341,8156
1370229303426,8118,/fetchuserreview.php,200,OK,Thread Group 1-100,text,true,341,8118
1370229303481,8103,/fetchuserreview.php,200,OK,Thread Group 1-22,text,true,341,8103
1370229303735,7895,/fetchuserreview.php,200,OK,Thread Group 1-19,text,true,341,7895
1370229303871,7809,/fetchuserreview.php,200,OK,Thread Group 1-21,text,true,341,7809
1370229303914,7803,/fetchuserreview.php,200,OK,Thread Group 1-20,text,true,341,7803
1370229304118,7638,/fetchuserreview.php,200,OK,Thread Group 1-25,text,true,341,7638
1370229304451,7365,/fetchuserreview.php,200,OK,Thread Group 1-23,text,true,341,7365
1370229304559,7370,/fetchuserreview.php,200,OK,Thread Group 1-67,text,true,341,7370
1370229304783,7215,/fetchuserreview.php,200,OK,Thread Group 1-24,text,true,341,7215
1370229305066,6969,/fetchuserreview.php,200,OK,Thread Group 1-26,text,true,341,6969
1370229305135,6971,/fetchuserreview.php,200,OK,Thread Group 1-27,text,true,341,6971
1370229305156,7083,/fetchuserreview.php,200,OK,Thread Group 1-28,text,true,341,7083
1370229305174,7106,/fetchuserreview.php,200,OK,Thread Group 1-29,text,true,341,7106
1370229305190,7126,/fetchuserreview.php,200,OK,Thread Group 1-30,text,true,341,7126
1370229305195,7170,/fetchuserreview.php,200,OK,Thread Group 1-34,text,true,341,7170
1370229305183,7234,/fetchuserreview.php,200,OK,Thread Group 1-32,text,true,341,7234
1370229305203,7260,/fetchuserreview.php,200,OK,Thread Group 1-31,text,true,341,7260
1370229305306,7281,/fetchuserreview.php,200,OK,Thread Group 1-35,text,true,341,7281
1370229305307,7308,/fetchuserreview.php,200,OK,Thread Group 1-33,text,true,341,7308
1370229305390,7266,/fetchuserreview.php,200,OK,Thread Group 1-37,text,true,341,7266
1370229305503,7215,/fetchuserreview.php,200,OK,Thread Group 1-36,text,true,341,7215
1370229305608,7177,/fetchuserreview.php,200,OK,Thread Group 1-38,text,true,341,7177
1370229305673,7172,/fetchuserreview.php,200,OK,Thread Group 1-40,text,true,341,7172
1370229305722,7244,/fetchuserreview.php,200,OK,Thread Group 1-39,text,true,341,7244
1370229305839,7159,/fetchuserreview.php,200,OK,Thread Group 1-42,text,true,341,7159
1370229305919,7114,/fetchuserreview.php,200,OK,Thread Group 1-41,text,true,341,7114
1370229306114,6965,/fetchuserreview.php,200,OK,Thread Group 1-43,text,true,341,6965
1370229306315,6795,/fetchuserreview.php,200,OK,Thread Group 1-44,text,true,341,6795
1370229306454,6698,/fetchuserreview.php,200,OK,Thread Group 1-45,text,true,341,6698
1370229306586,6621,/fetchuserreview.php,200,OK,Thread Group 1-48,text,true,341,6621
1370229306647,6630,/fetchuserreview.php,200,OK,Thread Group 1-47,text,true,341,6630
1370229306782,6537,/fetchuserreview.php,200,OK,Thread Group 1-49,text,true,341,6537
1370229306843,6518,/fetchuserreview.php,200,OK,Thread Group 1-50,text,true,341,6518
1370229306885,6511,/fetchuserreview.php,200,OK,Thread Group 1-52,text,true,341,6511
1370229306927,6535,/fetchuserreview.php,200,OK,Thread Group 1-53,text,true,341,6535
1370229306994,6529,/fetchuserreview.php,200,OK,Thread Group 1-51,text,true,341,6529
1370229307088,6583,/fetchuserreview.php,200,OK,Thread Group 1-55,text,true,341,6583
1370229307285,6524,/fetchuserreview.php,200,OK,Thread Group 1-54,text,true,341,6524
1370229307474,6382,/fetchuserreview.php,200,OK,Thread Group 1-57,text,true,341,6382
1370229307698,6206,/fetchuserreview.php,200,OK,Thread Group 1-56,text,true,341,6206
1370229306390,7554,/fetchuserreview.php,200,OK,Thread Group 1-46,text,true,341,7554
1370229307812,6163,/fetchuserreview.php,200,OK,Thread Group 1-60,text,true,341,6163
1370229307960,6069,/fetchuserreview.php,200,OK,Thread Group 1-59,text,true,341,6069
1370229308098,5983,/fetchuserreview.php,200,OK,Thread Group 1-62,text,true,341,5983
1370229308144,6031,/fetchuserreview.php,200,OK,Thread Group 1-58,text,true,341,6031
1370229308288,5988,/fetchuserreview.php,200,OK,Thread Group 1-61,text,true,341,5988
1370229308322,6021,/fetchuserreview.php,200,OK,Thread Group 1-63,text,true,341,6021
1370229308431,5977,/fetchuserreview.php,200,OK,Thread Group 1-64,text,true,341,5977
1370229308573,5885,/fetchuserreview.php,200,OK,Thread Group 1-66,text,true,341,5885
1370229308668,5816,/fetchuserreview.php,200,OK,Thread Group 1-68,text,true,341,5816
1370229308752,5823,/fetchuserreview.php,200,OK,Thread Group 1-65,text,true,341,5823
1370229308857,5829,/fetchuserreview.php,200,OK,Thread Group 1-69,text,true,341,5829
1370229308928,5815,/fetchuserreview.php,200,OK,Thread Group 1-74,text,true,341,5815
1370229308982,5882,/fetchuserreview.php,200,OK,Thread Group 1-73,text,true,341,5882
1370229309051,5868,/fetchuserreview.php,200,OK,Thread Group 1-70,text,true,341,5868
1370229309108,5855,/fetchuserreview.php,200,OK,Thread Group 1-77,text,true,341,5855
1370229309462,5588,/fetchuserreview.php,200,OK,Thread Group 1-72,text,true,341,5588
1370229309513,5597,/fetchuserreview.php,200,OK,Thread Group 1-75,text,true,341,5597
1370229309586,5619,/fetchuserreview.php,200,OK,Thread Group 1-71,text,true,341,5619
1370229309693,5571,/fetchuserreview.php,200,OK,Thread Group 1-76,text,true,341,5571
1370229309763,5595,/fetchuserreview.php,200,OK,Thread Group 1-81,text,true,341,5595
1370229309857,5556,/fetchuserreview.php,200,OK,Thread Group 1-78,text,true,341,5556
1370229309909,5666,/fetchuserreview.php,200,OK,Thread Group 1-85,text,true,341,5666
1370229309949,5672,/fetchuserreview.php,200,OK,Thread Group 1-83,text,true,341,5672
1370229309993,5711,/fetchuserreview.php,200,OK,Thread Group 1-80,text,true,341,5711
1370229310078,5689,/fetchuserreview.php,200,OK,Thread Group 1-79,text,true,341,5689
1370229310164,5768,/fetchuserreview.php,200,OK,Thread Group 1-84,text,true,341,5768
1370229310226,5761,/fetchuserreview.php,200,OK,Thread Group 1-86,text,true,341,5761
1370229310280,5868,/fetchuserreview.php,200,OK,Thread Group 1-89,text,true,341,5868
1370229310320,5910,/fetchuserreview.php,200,OK,Thread Group 1-90,text,true,341,5910
1370229310389,5876,/fetchuserreview.php,200,OK,Thread Group 1-88,text,true,341,5876
1370229310593,5786,/fetchuserreview.php,200,OK,Thread Group 1-82,text,true,341,5786
1370229310681,5750,/fetchuserreview.php,200,OK,Thread Group 1-87,text,true,341,5750
1370229310776,5695,/fetchuserreview.php,200,OK,Thread Group 1-92,text,true,341,5695
1370229310822,5687,/fetchuserreview.php,200,OK,Thread Group 1-91,text,true,341,5687
1370229310872,5689,/fetchuserreview.php,200,OK,Thread Group 1-93,text,true,341,5689
1370229310943,5676,/fetchuserreview.php,200,OK,Thread Group 1-94,text,true,341,5676
1370229310965,5691,/fetchuserreview.php,200,OK,Thread Group 1-95,text,true,341,5691
1370229311019,5696,/fetchuserreview.php,200,OK,Thread Group 1-96,text,true,341,5696
1370229311059,5701,/fetchuserreview.php,200,OK,Thread Group 1-99,text,true,341,5701
1370229311186,5643,/fetchuserreview.php,200,OK,Thread Group 1-97,text,true,341,5643
1370229311366,5606,/fetchuserreview.php,200,OK,Thread Group 1-98,text,true,341,5606
1370229311545,5465,/fetchuserreview.php,200,OK,Thread Group 1-100,text,true,341,5465
1370229311929,5156,/fetchuserreview.php,200,OK,Thread Group 1-67,text,true,341,5156
