1370223523347,365,/addlava.php,200,OK,Thread Group 1-1,text,true,191,365
1370223523544,264,/addlava.php,200,OK,Thread Group 1-2,text,true,191,264
1370223523713,245,/deletelava.php,200,OK,Thread Group 1-1,text,true,191,245
1370223523810,264,/deletelava.php,200,OK,Thread Group 1-2,text,true,191,264
1370223523745,403,/addlava.php,200,OK,Thread Group 1-3,text,true,191,403
1370223523959,324,/fetchreviews.php,200,OK,Thread Group 1-1,text,true,935,324
1370223523945,369,/addlava.php,200,OK,Thread Group 1-4,text,true,191,369
1370223524075,293,/fetchreviews.php,200,OK,Thread Group 1-2,text,true,935,293
1370223524149,265,/deletelava.php,200,OK,Thread Group 1-3,text,true,191,265
1370223524146,306,/addlava.php,200,OK,Thread Group 1-5,text,true,191,306
1370223524284,221,/fetchuserreview.php,200,OK,Thread Group 1-1,text,true,342,221
1370223524316,227,/deletelava.php,200,OK,Thread Group 1-4,text,true,191,227
1370223524369,212,/fetchuserreview.php,200,OK,Thread Group 1-2,text,true,342,212
1370223524415,310,/fetchreviews.php,200,OK,Thread Group 1-3,text,true,935,310
1370223524452,337,/deletelava.php,200,OK,Thread Group 1-5,text,true,191,337
1370223524506,330,/got2go.php,200,OK,Thread Group 1-1,text,true,441,330
1370223524543,403,/fetchreviews.php,200,OK,Thread Group 1-4,text,true,935,403
1370223524582,421,/got2go.php,200,OK,Thread Group 1-2,text,true,441,421
1370223524726,341,/fetchuserreview.php,200,OK,Thread Group 1-3,text,true,342,341
1370223524790,346,/fetchreviews.php,200,OK,Thread Group 1-5,text,true,935,346
1370223524837,397,/lavasearch.php,200,OK,Thread Group 1-1,text,true,2808,397
1370223524947,335,/fetchuserreview.php,200,OK,Thread Group 1-4,text,true,342,335
1370223525004,337,/lavasearch.php,200,OK,Thread Group 1-2,text,true,2808,337
1370223525068,310,/got2go.php,200,OK,Thread Group 1-3,text,true,441,310
1370223525137,558,/fetchuserreview.php,200,OK,Thread Group 1-5,text,true,342,558
1370223525235,537,/submithelpful.php,200,OK,Thread Group 1-1,text,true,191,537
1370223525283,552,/got2go.php,200,OK,Thread Group 1-4,text,true,441,552
1370223525342,630,/submithelpful.php,200,OK,Thread Group 1-2,text,true,191,630
1370223525378,638,/lavasearch.php,200,OK,Thread Group 1-3,text,true,2808,638
1370223525697,363,/got2go.php,200,OK,Thread Group 1-5,text,true,441,363
1370223525773,453,/submitreview.php,200,OK,Thread Group 1-1,text,true,191,453
1370223525836,434,/lavasearch.php,200,OK,Thread Group 1-4,text,true,2808,434
1370223525974,331,/submitreview.php,200,OK,Thread Group 1-2,text,true,191,331
1370223526018,402,/submithelpful.php,200,OK,Thread Group 1-3,text,true,191,402
1370223526062,401,/lavasearch.php,200,OK,Thread Group 1-5,text,true,2808,401
1370223526227,281,/updatelava.php,200,OK,Thread Group 1-1,text,true,191,281
1370223526271,302,/submithelpful.php,200,OK,Thread Group 1-4,text,true,191,302
1370223526306,368,/updatelava.php,200,OK,Thread Group 1-2,text,true,191,368
1370223526421,301,/submitreview.php,200,OK,Thread Group 1-3,text,true,191,301
1370223526464,299,/submithelpful.php,200,OK,Thread Group 1-5,text,true,191,299
1370223526509,287,/addlava.php,200,OK,Thread Group 1-1,text,true,191,287
1370223526574,271,/submitreview.php,200,OK,Thread Group 1-4,text,true,191,271
1370223526676,200,/addlava.php,200,OK,Thread Group 1-2,text,true,191,200
1370223526724,191,/updatelava.php,200,OK,Thread Group 1-3,text,true,191,191
1370223526796,164,/deletelava.php,200,OK,Thread Group 1-1,text,true,191,164
1370223526877,180,/deletelava.php,200,OK,Thread Group 1-2,text,true,191,180
1370223526764,381,/submitreview.php,200,OK,Thread Group 1-5,text,true,191,381
1370223526845,335,/updatelava.php,200,OK,Thread Group 1-4,text,true,191,335
1370223526961,282,/fetchreviews.php,200,OK,Thread Group 1-1,text,true,934,282
1370223526916,349,/addlava.php,200,OK,Thread Group 1-3,text,true,191,349
1370223527057,249,/fetchreviews.php,200,OK,Thread Group 1-2,text,true,934,249
1370223527146,196,/updatelava.php,200,OK,Thread Group 1-5,text,true,191,196
1370223527180,200,/addlava.php,200,OK,Thread Group 1-4,text,true,191,200
1370223527244,187,/fetchuserreview.php,200,OK,Thread Group 1-1,text,true,341,187
1370223527265,194,/deletelava.php,200,OK,Thread Group 1-3,text,true,191,194
1370223527307,184,/fetchuserreview.php,200,OK,Thread Group 1-2,text,true,341,184
1370223527343,194,/addlava.php,200,OK,Thread Group 1-5,text,true,191,194
1370223527381,252,/deletelava.php,200,OK,Thread Group 1-4,text,true,191,252
1370223527432,242,/got2go.php,200,OK,Thread Group 1-1,text,true,441,242
1370223527460,251,/fetchreviews.php,200,OK,Thread Group 1-3,text,true,934,251
1370223527492,338,/got2go.php,200,OK,Thread Group 1-2,text,true,441,338
1370223527538,406,/deletelava.php,200,OK,Thread Group 1-5,text,true,191,406
1370223527634,359,/fetchreviews.php,200,OK,Thread Group 1-4,text,true,934,359
1370223527675,351,/lavasearch.php,200,OK,Thread Group 1-1,text,true,2808,351
1370223527712,386,/fetchuserreview.php,200,OK,Thread Group 1-3,text,true,341,386
1370223527831,391,/lavasearch.php,200,OK,Thread Group 1-2,text,true,2808,391
1370223527994,295,/fetchuserreview.php,200,OK,Thread Group 1-4,text,true,341,295
1370223527945,554,/fetchreviews.php,200,OK,Thread Group 1-5,text,true,934,554
1370223528027,571,/submithelpful.php,200,OK,Thread Group 1-1,text,true,191,571
1370223528099,634,/got2go.php,200,OK,Thread Group 1-3,text,true,441,634
1370223528223,580,/submithelpful.php,200,OK,Thread Group 1-2,text,true,191,580
1370223528290,624,/got2go.php,200,OK,Thread Group 1-4,text,true,441,624
1370223528500,458,/fetchuserreview.php,200,OK,Thread Group 1-5,text,true,341,458
1370223528599,407,/submitreview.php,200,OK,Thread Group 1-1,text,true,191,407
1370223528735,316,/lavasearch.php,200,OK,Thread Group 1-3,text,true,2808,316
1370223528804,306,/submitreview.php,200,OK,Thread Group 1-2,text,true,191,306
1370223528915,215,/lavasearch.php,200,OK,Thread Group 1-4,text,true,2808,215
1370223528959,234,/got2go.php,200,OK,Thread Group 1-5,text,true,441,234
1370223529008,284,/updatelava.php,200,OK,Thread Group 1-1,text,true,191,284
1370223529052,328,/submithelpful.php,200,OK,Thread Group 1-3,text,true,191,328
1370223529111,340,/updatelava.php,200,OK,Thread Group 1-2,text,true,191,340
1370223529131,421,/submithelpful.php,200,OK,Thread Group 1-4,text,true,191,421
1370223529194,401,/lavasearch.php,200,OK,Thread Group 1-5,text,true,2808,401
1370223529293,348,/addlava.php,200,OK,Thread Group 1-1,text,true,191,348
1370223529380,354,/submitreview.php,200,OK,Thread Group 1-3,text,true,191,354
1370223529452,304,/addlava.php,200,OK,Thread Group 1-2,text,true,191,304
1370223529553,283,/submitreview.php,200,OK,Thread Group 1-4,text,true,191,283
1370223529596,368,/submithelpful.php,200,OK,Thread Group 1-5,text,true,191,368
1370223529642,359,/deletelava.php,200,OK,Thread Group 1-1,text,true,191,359
1370223529735,353,/updatelava.php,200,OK,Thread Group 1-3,text,true,191,353
1370223529758,379,/deletelava.php,200,OK,Thread Group 1-2,text,true,191,379
1370223529837,350,/updatelava.php,200,OK,Thread Group 1-4,text,true,191,350
1370223529965,266,/submitreview.php,200,OK,Thread Group 1-5,text,true,191,266
1370223530002,356,/fetchreviews.php,200,OK,Thread Group 1-1,text,true,934,356
1370223530089,326,/addlava.php,200,OK,Thread Group 1-3,text,true,191,326
1370223530138,341,/fetchreviews.php,200,OK,Thread Group 1-2,text,true,934,341
1370223530189,403,/addlava.php,200,OK,Thread Group 1-4,text,true,191,403
1370223530232,409,/updatelava.php,200,OK,Thread Group 1-5,text,true,191,409
1370223530359,313,/fetchuserreview.php,200,OK,Thread Group 1-1,text,true,341,313
1370223530416,306,/deletelava.php,200,OK,Thread Group 1-3,text,true,191,306
1370223530480,311,/fetchuserreview.php,200,OK,Thread Group 1-2,text,true,341,311
1370223530593,324,/deletelava.php,200,OK,Thread Group 1-4,text,true,191,324
1370223530642,333,/addlava.php,200,OK,Thread Group 1-5,text,true,191,333
1370223530673,412,/got2go.php,200,OK,Thread Group 1-1,text,true,441,412
1370223530723,433,/fetchreviews.php,200,OK,Thread Group 1-3,text,true,934,433
1370223530792,493,/got2go.php,200,OK,Thread Group 1-2,text,true,441,493
1370223530918,434,/fetchreviews.php,200,OK,Thread Group 1-4,text,true,934,434
1370223530975,437,/deletelava.php,200,OK,Thread Group 1-5,text,true,191,437
1370223531086,456,/lavasearch.php,200,OK,Thread Group 1-1,text,true,2808,456
1370223531157,435,/fetchuserreview.php,200,OK,Thread Group 1-3,text,true,341,435
1370223531286,359,/lavasearch.php,200,OK,Thread Group 1-2,text,true,2808,359
1370223531353,451,/fetchuserreview.php,200,OK,Thread Group 1-4,text,true,341,450
1370223531413,441,/fetchreviews.php,200,OK,Thread Group 1-5,text,true,934,440
1370223531543,504,/submithelpful.php,200,OK,Thread Group 1-1,text,true,191,504
1370223531646,484,/submithelpful.php,200,OK,Thread Group 1-2,text,true,191,484
1370223531593,649,/got2go.php,200,OK,Thread Group 1-3,text,true,441,649
1370223531804,470,/got2go.php,200,OK,Thread Group 1-4,text,true,441,470
1370223531854,575,/fetchuserreview.php,200,OK,Thread Group 1-5,text,true,341,575
1370223532048,475,/submitreview.php,200,OK,Thread Group 1-1,text,true,191,475
1370223532131,540,/submitreview.php,200,OK,Thread Group 1-2,text,true,191,540
1370223532243,449,/lavasearch.php,200,OK,Thread Group 1-3,text,true,2808,448
1370223532275,467,/lavasearch.php,200,OK,Thread Group 1-4,text,true,2808,467
1370223532524,365,/updatelava.php,200,OK,Thread Group 1-1,text,true,191,365
1370223532430,478,/got2go.php,200,OK,Thread Group 1-5,text,true,441,478
1370223532672,248,/updatelava.php,200,OK,Thread Group 1-2,text,true,191,248
1370223532692,296,/submithelpful.php,200,OK,Thread Group 1-3,text,true,191,296
1370223532743,403,/submithelpful.php,200,OK,Thread Group 1-4,text,true,191,403
1370223532890,316,/addlava.php,200,OK,Thread Group 1-1,text,true,191,316
1370223532989,592,/submitreview.php,200,OK,Thread Group 1-3,text,true,191,592
1370223533147,434,/submitreview.php,200,OK,Thread Group 1-4,text,true,191,434
1370223532921,661,/addlava.php,200,OK,Thread Group 1-2,text,true,191,661
1370223532909,673,/lavasearch.php,200,OK,Thread Group 1-5,text,true,2808,673
1370223533207,490,/deletelava.php,200,OK,Thread Group 1-1,text,true,191,490
1370223533582,218,/updatelava.php,200,OK,Thread Group 1-4,text,true,191,218
1370223533584,294,/deletelava.php,200,OK,Thread Group 1-2,text,true,191,294
1370223533584,306,/submithelpful.php,200,OK,Thread Group 1-5,text,true,191,306
1370223533582,348,/updatelava.php,200,OK,Thread Group 1-3,text,true,191,348
1370223533698,280,/fetchreviews.php,200,OK,Thread Group 1-1,text,true,934,280
1370223533801,225,/addlava.php,200,OK,Thread Group 1-4,text,true,191,225
1370223533879,194,/fetchreviews.php,200,OK,Thread Group 1-2,text,true,934,194
1370223533891,301,/submitreview.php,200,OK,Thread Group 1-5,text,true,191,301
1370223533932,291,/addlava.php,200,OK,Thread Group 1-3,text,true,191,291
1370223533979,362,/fetchuserreview.php,200,OK,Thread Group 1-1,text,true,341,362
1370223534027,395,/deletelava.php,200,OK,Thread Group 1-4,text,true,191,395
1370223534074,432,/fetchuserreview.php,200,OK,Thread Group 1-2,text,true,341,432
1370223534193,361,/updatelava.php,200,OK,Thread Group 1-5,text,true,191,361
1370223534224,359,/deletelava.php,200,OK,Thread Group 1-3,text,true,191,359
1370223534341,316,/got2go.php,200,OK,Thread Group 1-1,text,true,441,316
1370223534423,271,/fetchreviews.php,200,OK,Thread Group 1-4,text,true,934,271
1370223534555,345,/addlava.php,200,OK,Thread Group 1-5,text,true,191,345
1370223534507,396,/got2go.php,200,OK,Thread Group 1-2,text,true,441,396
1370223534658,265,/lavasearch.php,200,OK,Thread Group 1-1,text,true,2808,265
1370223534583,464,/fetchreviews.php,200,OK,Thread Group 1-3,text,true,934,464
1370223534695,393,/fetchuserreview.php,200,OK,Thread Group 1-4,text,true,341,393
1370223534901,225,/deletelava.php,200,OK,Thread Group 1-5,text,true,191,225
1370223534904,276,/lavasearch.php,200,OK,Thread Group 1-2,text,true,2808,276
1370223534924,386,/submithelpful.php,200,OK,Thread Group 1-1,text,true,191,386
1370223535047,309,/fetchuserreview.php,200,OK,Thread Group 1-3,text,true,341,309
1370223535089,448,/got2go.php,200,OK,Thread Group 1-4,text,true,441,448
1370223535127,483,/fetchreviews.php,200,OK,Thread Group 1-5,text,true,934,483
1370223535181,520,/submithelpful.php,200,OK,Thread Group 1-2,text,true,191,520
1370223535311,579,/submitreview.php,200,OK,Thread Group 1-1,text,true,191,579
1370223535357,535,/got2go.php,200,OK,Thread Group 1-3,text,true,441,535
1370223535538,399,/lavasearch.php,200,OK,Thread Group 1-4,text,true,2808,399
1370223535611,381,/fetchuserreview.php,200,OK,Thread Group 1-5,text,true,339,381
1370223535702,407,/submitreview.php,200,OK,Thread Group 1-2,text,true,191,407
1370223535893,278,/lavasearch.php,200,OK,Thread Group 1-3,text,true,2808,278
1370223535891,310,/updatelava.php,200,OK,Thread Group 1-1,text,true,191,310
1370223535938,323,/submithelpful.php,200,OK,Thread Group 1-4,text,true,191,323
1370223535993,309,/got2go.php,200,OK,Thread Group 1-5,text,true,441,308
1370223536111,222,/updatelava.php,200,OK,Thread Group 1-2,text,true,191,222
1370223536172,226,/submithelpful.php,200,OK,Thread Group 1-3,text,true,191,226
1370223536202,234,/addlava.php,200,OK,Thread Group 1-1,text,true,191,234
1370223536262,329,/submitreview.php,200,OK,Thread Group 1-4,text,true,191,329
1370223536303,335,/lavasearch.php,200,OK,Thread Group 1-5,text,true,2808,335
1370223536334,349,/addlava.php,200,OK,Thread Group 1-2,text,true,191,349
1370223536399,330,/submitreview.php,200,OK,Thread Group 1-3,text,true,191,330
1370223536437,331,/deletelava.php,200,OK,Thread Group 1-1,text,true,191,331
1370223536592,208,/updatelava.php,200,OK,Thread Group 1-4,text,true,191,208
1370223536639,300,/submithelpful.php,200,OK,Thread Group 1-5,text,true,191,300
1370223536684,375,/deletelava.php,200,OK,Thread Group 1-2,text,true,191,375
1370223536730,501,/updatelava.php,200,OK,Thread Group 1-3,text,true,191,501
1370223536769,518,/fetchreviews.php,200,OK,Thread Group 1-1,text,true,934,518
1370223536801,532,/addlava.php,200,OK,Thread Group 1-4,text,true,191,532
1370223536940,425,/submitreview.php,200,OK,Thread Group 1-5,text,true,191,425
1370223537060,353,/fetchreviews.php,200,OK,Thread Group 1-2,text,true,934,353
1370223537232,222,/addlava.php,200,OK,Thread Group 1-3,text,true,191,222
1370223537288,212,/fetchuserreview.php,200,OK,Thread Group 1-1,text,true,341,212
1370223537334,186,/deletelava.php,200,OK,Thread Group 1-4,text,true,191,186
1370223537366,210,/updatelava.php,200,OK,Thread Group 1-5,text,true,191,210
1370223537414,252,/fetchuserreview.php,200,OK,Thread Group 1-2,text,true,341,252
1370223537455,252,/deletelava.php,200,OK,Thread Group 1-3,text,true,191,252
1370223537501,281,/got2go.php,200,OK,Thread Group 1-1,text,true,441,281
1370223537521,424,/fetchreviews.php,200,OK,Thread Group 1-4,text,true,934,424
1370223537667,374,/got2go.php,200,OK,Thread Group 1-2,text,true,441,374
1370223537577,466,/addlava.php,200,OK,Thread Group 1-5,text,true,191,466
1370223537708,378,/fetchreviews.php,200,OK,Thread Group 1-3,text,true,934,378
1370223537783,336,/lavasearch.php,200,OK,Thread Group 1-1,text,true,2808,336
1370223537946,215,/fetchuserreview.php,200,OK,Thread Group 1-4,text,true,341,215
1370223538045,237,/deletelava.php,200,OK,Thread Group 1-5,text,true,191,237
1370223538044,313,/lavasearch.php,200,OK,Thread Group 1-2,text,true,2808,313
1370223538120,589,/submithelpful.php,200,OK,Thread Group 1-1,text,true,191,589
1370223538087,723,/fetchuserreview.php,200,OK,Thread Group 1-3,text,true,341,723
1370223538162,744,/got2go.php,200,OK,Thread Group 1-4,text,true,441,744
1370223538283,736,/fetchreviews.php,200,OK,Thread Group 1-5,text,true,934,736
1370223538358,804,/submithelpful.php,200,OK,Thread Group 1-2,text,true,191,804
1370223538710,648,/submitreview.php,200,OK,Thread Group 1-1,text,true,191,648
1370223538811,612,/got2go.php,200,OK,Thread Group 1-3,text,true,441,612
1370223538907,662,/lavasearch.php,200,OK,Thread Group 1-4,text,true,2808,662
1370223539020,588,/fetchuserreview.php,200,OK,Thread Group 1-5,text,true,341,588
1370223539163,517,/submitreview.php,200,OK,Thread Group 1-2,text,true,191,517
1370223539358,376,/updatelava.php,200,OK,Thread Group 1-1,text,true,191,376
1370223539424,469,/lavasearch.php,200,OK,Thread Group 1-3,text,true,2808,469
1370223539570,517,/submithelpful.php,200,OK,Thread Group 1-4,text,true,191,517
1370223539609,540,/got2go.php,200,OK,Thread Group 1-5,text,true,441,540
1370223539681,498,/updatelava.php,200,OK,Thread Group 1-2,text,true,191,498
1370223539735,550,/addlava.php,200,OK,Thread Group 1-1,text,true,191,550
1370223539894,457,/submithelpful.php,200,OK,Thread Group 1-3,text,true,191,457
1370223540088,376,/submitreview.php,200,OK,Thread Group 1-4,text,true,191,376
1370223540150,371,/lavasearch.php,200,OK,Thread Group 1-5,text,true,2808,371
1370223540180,500,/addlava.php,200,OK,Thread Group 1-2,text,true,191,500
1370223540286,536,/deletelava.php,200,OK,Thread Group 1-1,text,true,191,536
1370223540352,587,/submitreview.php,200,OK,Thread Group 1-3,text,true,191,587
1370223540465,548,/updatelava.php,200,OK,Thread Group 1-4,text,true,191,548
1370223540522,549,/submithelpful.php,200,OK,Thread Group 1-5,text,true,191,549
1370223540681,482,/deletelava.php,200,OK,Thread Group 1-2,text,true,191,482
1370223540823,401,/fetchreviews.php,200,OK,Thread Group 1-1,text,true,934,401
1370223540940,445,/updatelava.php,200,OK,Thread Group 1-3,text,true,191,445
1370223541014,428,/addlava.php,200,OK,Thread Group 1-4,text,true,191,428
1370223541072,525,/submitreview.php,200,OK,Thread Group 1-5,text,true,191,525
1370223541164,511,/fetchreviews.php,200,OK,Thread Group 1-2,text,true,934,511
1370223541225,508,/fetchuserreview.php,200,OK,Thread Group 1-1,text,true,341,508
1370223541386,456,/addlava.php,200,OK,Thread Group 1-3,text,true,191,456
1370223541443,462,/deletelava.php,200,OK,Thread Group 1-4,text,true,191,462
1370223541597,428,/updatelava.php,200,OK,Thread Group 1-5,text,true,191,428
1370223541676,396,/fetchuserreview.php,200,OK,Thread Group 1-2,text,true,341,396
1370223541734,397,/got2go.php,200,OK,Thread Group 1-1,text,true,441,397
1370223541842,394,/deletelava.php,200,OK,Thread Group 1-3,text,true,191,394
1370223541906,400,/fetchreviews.php,200,OK,Thread Group 1-4,text,true,934,400
1370223542026,439,/addlava.php,200,OK,Thread Group 1-5,text,true,191,439
1370223542073,454,/got2go.php,200,OK,Thread Group 1-2,text,true,441,454
1370223542132,531,/lavasearch.php,200,OK,Thread Group 1-1,text,true,2808,531
1370223542237,489,/fetchreviews.php,200,OK,Thread Group 1-3,text,true,934,489
1370223542307,454,/fetchuserreview.php,200,OK,Thread Group 1-4,text,true,341,454
1370223542466,436,/deletelava.php,200,OK,Thread Group 1-5,text,true,191,436
1370223542528,431,/lavasearch.php,200,OK,Thread Group 1-2,text,true,2808,431
1370223542664,386,/submithelpful.php,200,OK,Thread Group 1-1,text,true,191,386
1370223542727,431,/fetchuserreview.php,200,OK,Thread Group 1-3,text,true,341,431
1370223542762,432,/got2go.php,200,OK,Thread Group 1-4,text,true,441,432
1370223542903,441,/fetchreviews.php,200,OK,Thread Group 1-5,text,true,934,441
1370223542960,446,/submithelpful.php,200,OK,Thread Group 1-2,text,true,191,446
1370223543051,424,/submitreview.php,200,OK,Thread Group 1-1,text,true,191,424
1370223543159,424,/got2go.php,200,OK,Thread Group 1-3,text,true,441,424
1370223543195,432,/lavasearch.php,200,OK,Thread Group 1-4,text,true,2808,432
1370223543345,423,/fetchuserreview.php,200,OK,Thread Group 1-5,text,true,341,423
1370223543407,407,/submitreview.php,200,OK,Thread Group 1-2,text,true,191,407
1370223543476,423,/updatelava.php,200,OK,Thread Group 1-1,text,true,191,423
1370223543585,439,/lavasearch.php,200,OK,Thread Group 1-3,text,true,2808,439
1370223543628,456,/submithelpful.php,200,OK,Thread Group 1-4,text,true,191,456
1370223543768,427,/got2go.php,200,OK,Thread Group 1-5,text,true,441,427
1370223543815,417,/updatelava.php,200,OK,Thread Group 1-2,text,true,191,417
1370223543900,387,/addlava.php,200,OK,Thread Group 1-1,text,true,191,387
1370223544025,326,/submithelpful.php,200,OK,Thread Group 1-3,text,true,191,326
1370223544084,371,/submitreview.php,200,OK,Thread Group 1-4,text,true,191,371
1370223544195,305,/lavasearch.php,200,OK,Thread Group 1-5,text,true,2808,305
1370223544233,341,/addlava.php,200,OK,Thread Group 1-2,text,true,191,341
1370223544288,349,/deletelava.php,200,OK,Thread Group 1-1,text,true,191,349
1370223544352,436,/submitreview.php,200,OK,Thread Group 1-3,text,true,191,436
1370223544456,372,/updatelava.php,200,OK,Thread Group 1-4,text,true,191,372
1370223544501,434,/submithelpful.php,200,OK,Thread Group 1-5,text,true,191,434
1370223544574,397,/deletelava.php,200,OK,Thread Group 1-2,text,true,191,397
1370223544638,373,/fetchreviews.php,200,OK,Thread Group 1-1,text,true,934,373
1370223544789,250,/updatelava.php,200,OK,Thread Group 1-3,text,true,191,250
1370223544829,249,/addlava.php,200,OK,Thread Group 1-4,text,true,191,249
1370223544936,190,/submitreview.php,200,OK,Thread Group 1-5,text,true,191,190
1370223544972,219,/fetchreviews.php,200,OK,Thread Group 1-2,text,true,934,219
1370223545012,298,/fetchuserreview.php,200,OK,Thread Group 1-1,text,true,341,298
1370223545040,313,/addlava.php,200,OK,Thread Group 1-3,text,true,191,313
1370223545079,426,/deletelava.php,200,OK,Thread Group 1-4,text,true,191,426
1370223545127,419,/updatelava.php,200,OK,Thread Group 1-5,text,true,191,419
1370223545192,398,/fetchuserreview.php,200,OK,Thread Group 1-2,text,true,341,398
1370223545311,305,/got2go.php,200,OK,Thread Group 1-1,text,true,441,305
1370223545354,301,/deletelava.php,200,OK,Thread Group 1-3,text,true,191,301
1370223545505,206,/fetchreviews.php,200,OK,Thread Group 1-4,text,true,934,206
1370223545547,191,/addlava.php,200,OK,Thread Group 1-5,text,true,191,191
1370223545591,182,/got2go.php,200,OK,Thread Group 1-2,text,true,441,182
1370223545617,206,/lavasearch.php,200,OK,Thread Group 1-1,text,true,2808,205
1370223545656,346,/fetchreviews.php,200,OK,Thread Group 1-3,text,true,934,346
1370223545713,406,/fetchuserreview.php,200,OK,Thread Group 1-4,text,true,341,406
1370223545739,400,/deletelava.php,200,OK,Thread Group 1-5,text,true,191,400
1370223545774,414,/lavasearch.php,200,OK,Thread Group 1-2,text,true,2808,414
1370223545824,477,/submithelpful.php,200,OK,Thread Group 1-1,text,true,191,477
1370223546003,468,/fetchuserreview.php,200,OK,Thread Group 1-3,text,true,341,468
1370223546120,445,/got2go.php,200,OK,Thread Group 1-4,text,true,441,445
1370223546140,543,/fetchreviews.php,200,OK,Thread Group 1-5,text,true,934,543
1370223546189,684,/submithelpful.php,200,OK,Thread Group 1-2,text,true,191,684
1370223546302,847,/submitreview.php,200,OK,Thread Group 1-1,text,true,191,847
1370223546471,845,/got2go.php,200,OK,Thread Group 1-3,text,true,441,845
1370223546566,829,/lavasearch.php,200,OK,Thread Group 1-4,text,true,2808,829
1370223546684,852,/fetchuserreview.php,200,OK,Thread Group 1-5,text,true,340,852
1370223546874,791,/submitreview.php,200,OK,Thread Group 1-2,text,true,191,791
1370223547150,566,/updatelava.php,200,OK,Thread Group 1-1,text,true,191,566
1370223547317,670,/lavasearch.php,200,OK,Thread Group 1-3,text,true,2808,670
1370223547396,677,/submithelpful.php,200,OK,Thread Group 1-4,text,true,191,677
1370223547537,704,/got2go.php,200,OK,Thread Group 1-5,text,true,441,704
1370223547666,636,/updatelava.php,200,OK,Thread Group 1-2,text,true,191,636
1370223547717,632,/addlava.php,200,OK,Thread Group 1-1,text,true,191,632
1370223547988,427,/submithelpful.php,200,OK,Thread Group 1-3,text,true,191,427
1370223548073,408,/submitreview.php,200,OK,Thread Group 1-4,text,true,191,408
1370223548242,275,/lavasearch.php,200,OK,Thread Group 1-5,text,true,2808,275
1370223548303,255,/addlava.php,200,OK,Thread Group 1-2,text,true,191,255
1370223548350,274,/deletelava.php,200,OK,Thread Group 1-1,text,true,191,274
1370223548416,294,/submitreview.php,200,OK,Thread Group 1-3,text,true,191,294
1370223548482,313,/updatelava.php,200,OK,Thread Group 1-4,text,true,191,313
1370223548518,402,/submithelpful.php,200,OK,Thread Group 1-5,text,true,191,402
1370223548560,426,/deletelava.php,200,OK,Thread Group 1-2,text,true,191,426
1370223548625,487,/fetchreviews.php,200,OK,Thread Group 1-1,text,true,934,487
1370223548711,453,/updatelava.php,200,OK,Thread Group 1-3,text,true,191,453
1370223548796,480,/addlava.php,200,OK,Thread Group 1-4,text,true,191,480
1370223548921,490,/submitreview.php,200,OK,Thread Group 1-5,text,true,191,490
1370223548987,532,/fetchreviews.php,200,OK,Thread Group 1-2,text,true,933,532
1370223549113,477,/fetchuserreview.php,200,OK,Thread Group 1-1,text,true,340,477
1370223549165,457,/addlava.php,200,OK,Thread Group 1-3,text,true,191,457
1370223549277,381,/deletelava.php,200,OK,Thread Group 1-4,text,true,191,381
1370223549412,274,/updatelava.php,200,OK,Thread Group 1-5,text,true,191,274
1370223549520,221,/fetchuserreview.php,200,OK,Thread Group 1-2,text,true,340,221
1370223549591,257,/got2go.php,200,OK,Thread Group 1-1,text,true,441,257
1370223549659,234,/fetchreviews.php,200,OK,Thread Group 1-4,text,true,933,234
1370223549687,238,/addlava.php,200,OK,Thread Group 1-5,text,true,191,238
1370223549742,233,/got2go.php,200,OK,Thread Group 1-2,text,true,441,233
1370223549849,262,/lavasearch.php,200,OK,Thread Group 1-1,text,true,2808,262
1370223549623,532,/deletelava.php,200,OK,Thread Group 1-3,text,true,191,532
1370223549894,301,/fetchuserreview.php,200,OK,Thread Group 1-4,text,true,340,301
1370223549926,309,/deletelava.php,200,OK,Thread Group 1-5,text,true,191,309
1370223549976,302,/lavasearch.php,200,OK,Thread Group 1-2,text,true,2808,302
1370223550112,204,/submithelpful.php,200,OK,Thread Group 1-1,text,true,191,203
1370223550156,268,/fetchreviews.php,200,OK,Thread Group 1-3,text,true,933,268
1370223550196,272,/got2go.php,200,OK,Thread Group 1-4,text,true,441,272
1370223550236,275,/fetchreviews.php,200,OK,Thread Group 1-5,text,true,933,275
1370223550279,267,/submithelpful.php,200,OK,Thread Group 1-2,text,true,191,267
1370223550317,356,/submitreview.php,200,OK,Thread Group 1-1,text,true,191,356
1370223550425,288,/fetchuserreview.php,200,OK,Thread Group 1-3,text,true,341,288
1370223550469,293,/lavasearch.php,200,OK,Thread Group 1-4,text,true,2808,293
1370223550512,292,/fetchuserreview.php,200,OK,Thread Group 1-5,text,true,341,292
1370223550547,301,/submitreview.php,200,OK,Thread Group 1-2,text,true,191,301
1370223550674,213,/updatelava.php,200,OK,Thread Group 1-1,text,true,191,213
1370223550714,205,/got2go.php,200,OK,Thread Group 1-3,text,true,441,205
1370223550763,198,/submithelpful.php,200,OK,Thread Group 1-4,text,true,191,198
1370223550805,198,/got2go.php,200,OK,Thread Group 1-5,text,true,441,198
1370223550849,178,/updatelava.php,200,OK,Thread Group 1-2,text,true,191,178
1370223550888,172,/addlava.php,200,OK,Thread Group 1-1,text,true,191,172
1370223550962,148,/submitreview.php,200,OK,Thread Group 1-4,text,true,191,148
1370223551004,221,/lavasearch.php,200,OK,Thread Group 1-5,text,true,2808,221
1370223551028,227,/addlava.php,200,OK,Thread Group 1-2,text,true,191,227
1370223551061,233,/deletelava.php,200,OK,Thread Group 1-1,text,true,191,233
1370223550920,409,/lavasearch.php,200,OK,Thread Group 1-3,text,true,2808,409
1370223551113,255,/updatelava.php,200,OK,Thread Group 1-4,text,true,191,255
1370223551226,203,/submithelpful.php,200,OK,Thread Group 1-5,text,true,191,203
1370223551256,243,/deletelava.php,200,OK,Thread Group 1-2,text,true,191,243
1370223551295,259,/fetchreviews.php,200,OK,Thread Group 1-1,text,true,934,259
1370223551330,330,/submithelpful.php,200,OK,Thread Group 1-3,text,true,191,330
1370223551369,321,/addlava.php,200,OK,Thread Group 1-4,text,true,191,321
1370223551430,398,/submitreview.php,200,OK,Thread Group 1-5,text,true,191,398
1370223551500,423,/fetchreviews.php,200,OK,Thread Group 1-2,text,true,934,423
1370223551555,397,/fetchuserreview.php,200,OK,Thread Group 1-1,text,true,341,397
1370223551661,345,/submitreview.php,200,OK,Thread Group 1-3,text,true,191,345
1370223551691,349,/deletelava.php,200,OK,Thread Group 1-4,text,true,191,349
1370223551829,247,/updatelava.php,200,OK,Thread Group 1-5,text,true,191,247
1370223551924,210,/fetchuserreview.php,200,OK,Thread Group 1-2,text,true,341,210
1370223551953,292,/got2go.php,200,OK,Thread Group 1-1,text,true,441,292
1370223552007,343,/updatelava.php,200,OK,Thread Group 1-3,text,true,191,343
1370223552040,396,/fetchreviews.php,200,OK,Thread Group 1-4,text,true,934,396
1370223552076,369,/addlava.php,200,OK,Thread Group 1-5,text,true,191,369
1370223552135,352,/got2go.php,200,OK,Thread Group 1-2,text,true,441,352
1370223552246,289,/lavasearch.php,200,OK,Thread Group 1-1,text,true,2808,289
1370223552351,213,/addlava.php,200,OK,Thread Group 1-3,text,true,191,213
1370223552437,241,/fetchuserreview.php,200,OK,Thread Group 1-4,text,true,341,241
1370223552446,306,/deletelava.php,200,OK,Thread Group 1-5,text,true,191,306
1370223552488,304,/lavasearch.php,200,OK,Thread Group 1-2,text,true,2808,304
1370223552535,354,/submithelpful.php,200,OK,Thread Group 1-1,text,true,191,354
1370223552565,339,/deletelava.php,200,OK,Thread Group 1-3,text,true,191,339
1370223552678,335,/got2go.php,200,OK,Thread Group 1-4,text,true,441,335
1370223552752,320,/fetchreviews.php,200,OK,Thread Group 1-5,text,true,934,320
1370223552793,342,/submithelpful.php,200,OK,Thread Group 1-2,text,true,191,342
1370223552890,375,/submitreview.php,200,OK,Thread Group 1-1,text,true,191,375
1370223552904,421,/fetchreviews.php,200,OK,Thread Group 1-3,text,true,934,420
1370223553014,371,/lavasearch.php,200,OK,Thread Group 1-4,text,true,2808,371
1370223553073,417,/fetchuserreview.php,200,OK,Thread Group 1-5,text,true,341,417
1370223553135,455,/submitreview.php,200,OK,Thread Group 1-2,text,true,191,455
1370223553265,442,/updatelava.php,200,OK,Thread Group 1-1,text,true,191,442
1370223553326,458,/fetchuserreview.php,200,OK,Thread Group 1-3,text,true,341,458
1370223553387,458,/submithelpful.php,200,OK,Thread Group 1-4,text,true,191,458
1370223553491,450,/got2go.php,200,OK,Thread Group 1-5,text,true,441,450
1370223553590,395,/updatelava.php,200,OK,Thread Group 1-2,text,true,191,395
1370223553708,332,/addlava.php,200,OK,Thread Group 1-1,text,true,191,332
1370223553785,396,/got2go.php,200,OK,Thread Group 1-3,text,true,441,396
1370223553846,380,/submitreview.php,200,OK,Thread Group 1-4,text,true,191,380
1370223553942,319,/lavasearch.php,200,OK,Thread Group 1-5,text,true,2808,319
1370223553986,307,/addlava.php,200,OK,Thread Group 1-2,text,true,191,307
1370223554041,281,/deletelava.php,200,OK,Thread Group 1-1,text,true,191,281
1370223554182,180,/lavasearch.php,200,OK,Thread Group 1-3,text,true,2808,180
1370223554227,178,/updatelava.php,200,OK,Thread Group 1-4,text,true,191,178
1370223554262,195,/submithelpful.php,200,OK,Thread Group 1-5,text,true,191,195
1370223554294,214,/deletelava.php,200,OK,Thread Group 1-2,text,true,191,214
1370223554323,309,/fetchreviews.php,200,OK,Thread Group 1-1,text,true,934,309
1370223554363,321,/submithelpful.php,200,OK,Thread Group 1-3,text,true,191,321
1370223554405,377,/addlava.php,200,OK,Thread Group 1-4,text,true,191,377
1370223554458,377,/submitreview.php,200,OK,Thread Group 1-5,text,true,191,377
1370223554509,368,/fetchreviews.php,200,OK,Thread Group 1-2,text,true,934,368
1370223554633,359,/fetchuserreview.php,200,OK,Thread Group 1-1,text,true,341,359
1370223554685,311,/submitreview.php,200,OK,Thread Group 1-3,text,true,191,311
1370223554783,260,/deletelava.php,200,OK,Thread Group 1-4,text,true,191,260
1370223554835,249,/updatelava.php,200,OK,Thread Group 1-5,text,true,191,249
1370223554878,251,/fetchuserreview.php,200,OK,Thread Group 1-2,text,true,340,251
1370223554993,180,/got2go.php,200,OK,Thread Group 1-1,text,true,441,180
1370223554997,217,/updatelava.php,200,OK,Thread Group 1-3,text,true,191,217
1370223555045,226,/fetchreviews.php,200,OK,Thread Group 1-4,text,true,933,226
1370223555085,223,/addlava.php,200,OK,Thread Group 1-5,text,true,191,223
1370223555130,225,/got2go.php,200,OK,Thread Group 1-2,text,true,441,225
1370223555174,299,/lavasearch.php,200,OK,Thread Group 1-1,text,true,2808,299
1370223555215,303,/addlava.php,200,OK,Thread Group 1-3,text,true,191,303
1370223555309,268,/deletelava.php,200,OK,Thread Group 1-5,text,true,191,268
1370223555356,262,/lavasearch.php,200,OK,Thread Group 1-2,text,true,2808,262
1370223555272,386,/fetchuserreview.php,200,OK,Thread Group 1-4,text,true,340,386
1370223555474,236,/submithelpful.php,200,OK,Thread Group 1-1,text,true,191,236
1370223555518,231,/deletelava.php,200,OK,Thread Group 1-3,text,true,191,231
1370223555577,219,/fetchreviews.php,200,OK,Thread Group 1-5,text,true,933,219
1370223555619,222,/submithelpful.php,200,OK,Thread Group 1-2,text,true,191,222
1370223555659,236,/got2go.php,200,OK,Thread Group 1-4,text,true,441,236
1370223555711,335,/submitreview.php,200,OK,Thread Group 1-1,text,true,191,335
1370223555750,508,/fetchreviews.php,200,OK,Thread Group 1-3,text,true,934,508
1370223555797,499,/fetchuserreview.php,200,OK,Thread Group 1-5,text,true,341,499
1370223555842,492,/submitreview.php,200,OK,Thread Group 1-2,text,true,191,492
1370223555896,485,/lavasearch.php,200,OK,Thread Group 1-4,text,true,2808,485
1370223556046,363,/updatelava.php,200,OK,Thread Group 1-1,text,true,191,363
1370223556258,189,/fetchuserreview.php,200,OK,Thread Group 1-3,text,true,341,189
1370223556296,204,/got2go.php,200,OK,Thread Group 1-5,text,true,441,204
1370223556333,332,/updatelava.php,200,OK,Thread Group 1-2,text,true,191,332
1370223556381,347,/submithelpful.php,200,OK,Thread Group 1-4,text,true,191,347
1370223556448,317,/got2go.php,200,OK,Thread Group 1-3,text,true,441,316
1370223556501,329,/lavasearch.php,200,OK,Thread Group 1-5,text,true,2808,329
1370223556729,139,/submitreview.php,200,OK,Thread Group 1-4,text,true,191,139
1370223556765,140,/lavasearch.php,200,OK,Thread Group 1-3,text,true,2808,140
1370223556869,195,/updatelava.php,200,OK,Thread Group 1-4,text,true,191,195
1370223556906,325,/submithelpful.php,200,OK,Thread Group 1-3,text,true,191,325
1370223556831,477,/submithelpful.php,200,OK,Thread Group 1-5,text,true,191,477
1370223557232,147,/submitreview.php,200,OK,Thread Group 1-3,text,true,191,147
1370223557309,240,/submitreview.php,200,OK,Thread Group 1-5,text,true,191,240
1370223557380,377,/updatelava.php,200,OK,Thread Group 1-3,text,true,191,377
1370223557549,361,/updatelava.php,200,OK,Thread Group 1-5,text,true,191,361
